driver_id,customer_id,driver_gmv_of_customer,n_trips,customer_total_gmv,gmv_concentration,n_promo_orders,n_fake,fake_rate,fake_rate_reliable,n_rated_by_customer,n_rated_by_driver,pct_rate_customer_is_5,pct_rate_driver_is_5,mutual_perfect_rating,fake_trip_discount,if_score_percentile,vae_rank_pct,lof_score_percentile
0003aca29cf35a82,1156f0463720eb9d,1687000.0,10,1687000.0,1.0,1,1,1.0,False,5,9,1.0,1.0,True,4000.0,0.024893235440464217,0.07425730169355615,0.14784877914323455
0053904b72037a9f,831c6fef12422083,5849000.0,17,5893000.0,0.9925335143390464,16,15,0.9375,True,6,2,1.0,1.0,True,1422000.0,0.00019151396262077013,0.0004474625294877965,0.006837227450573289
005f4236916ac796,089fa01d120d48eb,4116000.0,16,4839000.0,0.8505889646621203,1,1,1.0,False,16,16,1.0,1.0,True,95000.0,0.008630657268760314,0.022756154399630524,0.1527064323633539
0076db278ef1aa9c,f35fc6cb333810e5,3182000.0,15,3820000.0,0.8329842931937173,2,1,0.5,False,4,15,1.0,1.0,True,81000.0,0.008218991741631555,0.01663844669647363,0.2687603140113047
008d070124fec68e,b7bb2ba5928e0dac,3073000.0,11,3249000.0,0.9458294859956908,2,1,0.5,False,7,11,1.0,1.0,True,30000.0,0.01836386221017852,0.02748493841125743,0.09937963794911814
00931985068c424a,ce019f2f6d8919b5,2966000.0,15,3201000.0,0.9265854420493596,6,2,0.3333333333333333,True,0,14,,0.0,False,94000.0,0.0019724148299821373,0.022885023608123056,0.13268158924371673
00f55bdc59522fab,8c73aa6ea8029840,1697000.0,18,1839000.0,0.922784121805329,10,1,0.1,True,8,0,1.0,,False,6000.0,0.00746009529162028,0.023038950718266893,0.08729099025247626
00fca979caf6ac13,471ef144a3f486c6,6518000.0,17,6518000.0,1.0,5,3,0.6,True,11,17,1.0,1.0,True,127000.0,0.00580269408239754,0.007599703600820518,0.3502235522797321
00ffb59eff79ffee,a11849f7525e3fe9,1889000.0,18,2000000.0,0.9445,3,1,0.3333333333333333,True,6,18,1.0,1.0,True,20000.0,0.0069231402562349425,0.023522210250113695,0.06898082354583628
02120e1d17fa92e9,b9a158e9775155e9,4270000.0,36,4270000.0,1.0,11,4,0.3636363636363636,True,7,32,1.0,1.0,True,81000.0,0.0011204461738374028,0.009990943358403115,0.01750115445332608
0257ad0248844f15,c1e0a47c96414c26,5136000.0,18,5650000.0,0.9090265486725664,8,1,0.125,True,12,0,1.0,,False,119000.0,0.0007553167497753739,0.004438828292518737,0.06817181129252237
02661eba28d6ccb7,1f24da76796a531d,3985000.0,22,3985000.0,1.0,7,6,0.8571428571428571,True,11,0,1.0,,False,251000.0,0.00012170980802067635,0.0016896185113458584,0.2070784992464731
028fbed249ea84a7,fa07212df358fc4d,4371000.0,21,4371000.0,1.0,4,1,0.25,True,20,21,1.0,1.0,True,35000.0,0.005283637548191714,0.012847544146653123,0.5410645312561526
0301763358a39ef0,d233dba7eac424e0,3902000.0,20,3902000.0,1.0,5,3,0.6,True,18,20,1.0,1.0,True,44000.0,0.0002434196160413527,3.221730212310536e-05,0.005677404574140962
036d9575794db19e,cafd8f33c580a36b,3421000.0,15,4021000.0,0.8507833872171102,7,2,0.2857142857142857,True,15,12,1.0,1.0,True,29000.0,0.006643923637834568,0.01587597054622647,0.4909737858551725
0371307880844642,7553c1f451a3f09f,490000.0,10,490000.0,1.0,1,1,1.0,False,10,0,1.0,,False,40000.0,0.009178351404853357,0.020110755925298762,0.052779100278142706
03bd842e36d0fdf8,a6f638a8c4bfe89e,3047000.0,11,3047000.0,1.0,2,2,1.0,False,10,0,1.0,,False,55000.0,0.0020475885349360845,0.008297745146821356,0.06338217237688516
03c7292a988173d7,822bfd37d52eabbf,3570000.0,12,3570000.0,1.0,6,3,0.5,True,11,12,1.0,1.0,True,304000.0,0.006572329633116523,0.020991362183330753,0.1946247221257692
0455fce5025b170d,06b645fb5851b587,9811000.0,25,9967000.0,0.9843483495535268,6,2,0.3333333333333333,True,10,0,1.0,,False,62000.0,0.0004474625294877807,0.003332700919625009,0.16136214753376552
04a9ec6821110c1f,f89b8475159ebc99,5487000.0,26,5487000.0,1.0,5,2,0.4,True,4,1,1.0,1.0,True,106000.0,0.0006300272415187952,0.0042240462783647015,0.0983486842811783
051be3f734b1dc6e,e8eaec1f365bd87c,2999000.0,13,2999000.0,1.0,1,1,1.0,False,3,12,1.0,1.0,True,85000.0,0.023686876460965157,0.020404291344642833,0.2112094733187043
052760bc4af30acb,5b75e6bcce36c911,3828000.0,27,3828000.0,1.0,4,1,0.25,True,4,0,1.0,,False,38000.0,0.004707305810211453,0.02255211148618419,0.5756480152352043
052d15e8e3c63f78,98de52db107e592c,4145400.0,24,4145400.0,1.0,4,1,0.25,True,21,24,1.0,1.0,True,20000.0,0.004317118484498108,0.0075603268982255,0.28606816465189205
05ab72dc1fb1749f,c42d9d3796afc94f,1803000.0,23,1803000.0,1.0,5,5,1.0,True,22,23,1.0,1.0,True,92000.0,0.004424509491575176,0.003608337837789466,0.014050323425916314
05cd2390b121e91e,7fe1145c36e7c252,787000.0,23,787000.0,1.0,5,1,0.2,True,14,23,1.0,1.0,True,6000.0,0.00572394067720769,0.00726679147888154,0.035940190368458545
061cb4d45139ad4e,020ba31a4130c57c,4628000.0,22,4965000.0,0.9321248741188318,4,1,0.25,True,21,22,1.0,1.0,True,11000.0,0.00475026221304228,0.010964621822568632,0.8615085572734139
0652cf0306de3863,14e7207419a2644e,2377000.0,12,2710000.0,0.8771217712177122,4,1,0.25,True,7,2,1.0,1.0,True,9000.0,0.005201304442765963,0.047545578533253585,0.09700629669271495
06a4e45f75a09132,1b54a1770e8d9858,3738000.0,19,3738000.0,1.0,5,1,0.2,True,13,0,1.0,,False,50000.0,0.0012278371809144703,0.010935984220681316,0.20567525675399942
06b08d7cb6fc7f23,79e10a52fab033b7,7681000.0,21,7862000.0,0.9769778682269142,2,1,0.5,False,12,19,1.0,1.0,True,52000.0,0.0007445776490676671,0.0007195197474163528,0.005186985641822354
06b47cc2d2a1a97e,1a27c268b3e72931,2592000.0,19,2929000.0,0.8849436667804712,4,1,0.25,True,17,19,1.0,1.0,True,21000.0,0.009121076201078921,0.02032911763968881,0.4085297097221079
06d43b133ae6fc47,cf898a9422e72e03,2350000.0,11,2401000.0,0.978758850478967,6,2,0.3333333333333333,True,5,11,1.0,1.0,True,49000.0,0.014229308437711426,0.0518304797156286,0.17275991308487829
079bcbeeb1855c5f,c8f321d529fd5810,1368000.0,18,1568000.0,0.8724489795918368,13,1,0.0769230769230769,True,1,18,1.0,1.0,False,9000.0,0.03948767330223767,0.016620548195294127,0.19630002183617143
07ff8f63fb94ae92,8fc5cf59ca4fb5b3,4965000.0,10,5031000.0,0.986881335718545,2,1,0.5,False,6,0,1.0,,False,66000.0,0.006805010148450169,0.014426191950686063,0.40837936231219996
0854cd305441d97f,5a74f1375b0502dd,3004000.0,14,3004000.0,1.0,9,3,0.3333333333333333,True,7,0,1.0,,False,73000.0,0.004352915486857131,0.01811328319366534,0.47046926290392443
086bc75af4997d72,e59632498a127e7c,4134000.0,17,4499000.0,0.9188708601911536,2,1,0.5,False,15,13,1.0,1.0,True,49000.0,0.0059244038904182166,0.013370180381094832,0.5795821057944608
08f264b0aae7dc8f,861a91b08f4dac9d,1687000.0,20,1687000.0,1.0,12,1,0.0833333333333333,True,9,0,1.0,,False,10000.0,0.01667782339906856,0.01909054135806665,0.16799891177112827
098ab00f18ffe1c0,048be285f6b47a8a,5156000.0,31,5186000.0,0.99421519475511,3,1,0.3333333333333333,True,24,30,1.0,1.0,True,30000.0,0.005190565342058256,0.009704567339530956,0.8339627639581462
0aa85cca0d42609d,a6f279b216d02de4,2442000.0,16,2442000.0,1.0,13,1,0.0769230769230769,True,2,0,1.0,,False,12000.0,0.005473361660694533,0.014837857477814853,0.4169885413795449
0ab7ce442c59a2e4,df1232836b721f2e,3518000.0,11,3518000.0,1.0,3,1,0.3333333333333333,True,9,11,1.0,1.0,True,33000.0,0.021342172806449188,0.044495673932264945,0.1960888195222532
0aeb9779c7afae98,fcb821fd51d3a7b7,2622000.0,31,2622000.0,1.0,10,1,0.1,True,29,0,1.0,,False,18000.0,0.004052220667041342,0.003092861003819558,0.09331204604926384
0b2c90d88090bb07,22315cae5a17f956,3447000.0,15,3447000.0,1.0,1,1,1.0,False,6,11,1.0,1.0,True,15000.0,0.01254684932683737,0.027044635282241436,0.621468178254753
0b5723afff4707db,971b4dc05ad9c99c,4836000.0,26,5250000.0,0.9211428571428572,3,1,0.3333333333333333,True,14,26,1.0,1.0,True,18000.0,0.004181089875533823,0.013158978067176696,0.4711136089463868
0b6204e1a3f8c214,c71a6fe4f3f72d23,1605000.0,14,1605000.0,1.0,9,1,0.1111111111111111,True,1,14,1.0,1.0,False,16000.0,0.005688143674848668,0.043332271355596697,0.1542993989683304
0b788f4948c5648b,5236f922e460dc83,2283000.0,18,2283000.0,1.0,4,1,0.25,True,10,18,1.0,1.0,True,31000.0,0.015174349299989618,0.040805002989049655,0.19983318596900695
0be92500f6cfb103,f42eaa32c6400597,975000.0,10,975000.0,1.0,4,1,0.25,True,6,9,1.0,1.0,True,6000.0,0.014293743041957666,0.05087112005240679,0.05582900487913142
0c4547ef96051cad,cb3a42f41d8ed1bc,7600000.0,59,7878000.0,0.9647118558009647,11,4,0.3636363636363636,True,57,2,1.0,1.0,True,266000.0,0.00039197717583129587,0.0006371866419906391,0.022151185059763094
0c72ad0df7635d28,c0757e1684eeb602,3293000.0,21,3293000.0,1.0,18,2,0.1111111111111111,True,9,20,1.0,1.0,True,27000.0,0.005186985641822354,0.005530636864468974,0.2909186584715396
0cc603b3b5c2aabf,b53ce357e14deb40,5151500.0,12,5204500.0,0.9898165049476416,6,3,0.5,True,7,12,1.0,1.0,True,251000.0,0.008458831657437006,0.011576750562907856,0.08822171231381085
0cd42fa3b81a5e6e,7065b970ff3de635,1910000.0,12,2204000.0,0.8666061705989111,3,1,0.3333333333333333,True,11,12,1.0,1.0,True,34000.0,0.009450408622781929,0.04626762554903652,0.4826939392095306
0cdbe40bd7e4ecc7,b9145c05486be0c4,4722000.0,17,4722000.0,1.0,7,2,0.2857142857142857,True,17,14,1.0,1.0,True,138000.0,0.006099809201977426,0.007739311910020641,0.32159310979298594
0cf728ca5605f321,287dae580c24097a,7047000.0,30,7246000.0,0.9725365719017388,1,1,1.0,False,20,29,1.0,1.0,True,63000.0,0.0008770265577960502,0.00844093315625749,0.25494625080095795
0cfa68fa578b72e2,ec41a52debba33b0,4858000.0,23,4958000.0,0.9798305768455022,16,1,0.0625,True,6,23,1.0,1.0,True,31000.0,0.0017898501179511228,0.00562728877083829,0.31746213572075477
0d99a442e09e216f,ce016ac9e80185ca,1164000.0,11,1164000.0,1.0,5,1,0.2,True,3,10,1.0,1.0,True,37000.0,0.027950299441924734,0.03697114403639834,0.09924718904038976
0dd057c655c2cdcc,f9caef3f00d1cbff,2932000.0,22,3082000.0,0.9513303049967552,1,1,1.0,False,14,22,1.0,1.0,True,82000.0,0.008648555769939826,0.03075320472663623,0.27633495971047384
0e613196f0d1656d,a5b1c42e10f6b6a3,3960000.0,20,3960000.0,1.0,10,1,0.1,True,17,20,1.0,1.0,True,10000.0,0.008870497184565765,0.009121076201078937,0.7436755646082197
0f185e2f6ec86a9f,c3a8346607148635,637000.0,23,637000.0,1.0,6,5,0.8333333333333334,True,12,0,1.0,,False,25000.0,0.00186502382290507,0.006976835759773481,0.015138552297630597
0f2aea22548ff1dd,0912db1a6ebf8c8f,4493000.0,32,4650000.0,0.9662365591397848,25,18,0.72,True,27,0,1.0,,False,430000.0,4.1166552712875826e-05,0.0002541587167490533,0.02851589207919729
0f47d04b3e2d9e95,53cb2329c1d19a83,4449000.0,21,4696000.0,0.9474020442930152,13,1,0.0769230769230769,True,9,21,1.0,1.0,True,18000.0,0.004249104180015966,0.009457568023253704,0.32366933592980923
0fc26bfeab6a821a,1c862c7c5566cba8,2490000.0,16,2527000.0,0.9853581321725366,1,1,1.0,False,6,16,1.0,1.0,True,33000.0,0.0031751941092452917,0.00936807551735619,0.07260705988480524
0fffef5e47af90a5,cf030fba920e61ae,1384000.0,12,1384000.0,1.0,2,1,0.5,False,0,0,,,False,25000.0,0.008874076884801668,0.014261525739834524,0.026564955450630565
107e851c438dae28,e47800dce54aedd8,3980000.0,18,4212000.0,0.9449192782526116,1,1,1.0,False,18,14,1.0,1.0,True,22000.0,0.007742891610256557,0.017894921479275294,0.32942907360937596
1085b9128f5cdca6,05f786b54669a287,2310000.0,26,2310000.0,1.0,5,2,0.4,True,22,26,1.0,1.0,True,23000.0,0.0010560115695911624,0.012997891556561059,0.02058327635643791
1086bcbbc55c9a71,8c35250e8b45280d,3788000.0,28,3788000.0,1.0,1,1,1.0,False,18,27,1.0,1.0,True,255000.0,0.0013638657898787556,0.009174771704617446,0.04961106556936922
10a5c009409aace0,fa59a6dd59956ee3,2859000.0,16,2859000.0,1.0,3,1,0.3333333333333333,True,13,16,1.0,1.0,True,45000.0,0.009743944042125913,0.033649182217481144,0.22776200720951628
10d9cebe5df170c5,56ec09cd34ded09b,3702000.0,19,3702000.0,1.0,15,2,0.1333333333333333,True,7,19,1.0,1.0,True,43000.0,0.0007946934523702985,0.005648766972253694,0.047674447741746104
10da5a9ddc94cdf5,f095d9cf61aeaab8,2272000.0,11,2272000.0,1.0,2,2,1.0,False,9,0,1.0,,False,83000.0,0.0020082118323411597,0.018002312486352423,0.10007767949511907
1106711ee9907970,52651d6e3e88b8d4,8029000.0,37,9748900.0,0.8235800962159834,2,1,0.5,False,37,35,1.0,1.0,True,60000.0,0.002011791532577062,0.003021266999101546,0.31126567461240795
1157fbe822afd334,b24046250c5a4553,4491000.0,33,4519000.0,0.9938039389245408,13,5,0.3846153846153846,True,28,32,1.0,1.0,True,198000.0,0.0002577384169849617,0.006361127319198245,0.023532949350821362
11a40109d7d42366,b7115285f26b84ab,2410000.0,11,2410000.0,1.0,1,1,1.0,False,11,10,1.0,1.0,True,20000.0,0.010631709700629668,0.02642176744119451,0.3271237466574549
11fc357296214268,d8a9ac96ff7d8c18,4930000.0,32,5921000.0,0.83262962337443,32,25,0.78125,True,7,32,1.0,1.0,True,1038000.0,0.0004868392320827054,0.00017898501179514081,0.007270371179117461
124fdfc056ba619f,a3836e8c8c855e49,2839000.0,16,3057000.0,0.9286882564605824,2,1,0.5,False,16,16,1.0,1.0,True,76000.0,0.008469570758144713,0.025469567178444508,0.4893915583509037
12790c521f5dfede,b8a555481391ce44,3892000.0,23,4589000.0,0.8481150577467857,13,3,0.2307692307692307,True,19,0,1.0,,False,56000.0,0.001138344675016914,0.005140449538755587,0.3464398091303834
12bc84c8ff37e597,5372cdf03fd6a6e3,4048000.0,20,4048000.0,1.0,17,1,0.0588235294117647,True,9,20,1.0,1.0,True,43000.0,0.006636764237362763,0.00843735345602159,0.3474564439973797
12d9030741c51364,f837ab30ece5915e,3020000.0,21,3200000.0,0.94375,3,1,0.3333333333333333,True,15,16,1.0,1.0,True,25000.0,0.004213307177656943,0.023046110118738694,0.2029332063732983
12f181535454c203,7740f3f588d1d7b8,2087000.0,16,2433000.0,0.8577887381833128,4,1,0.25,True,7,1,1.0,1.0,True,11000.0,0.02872709439311552,0.02320003722888242,0.18613725286644497
13430d7e2f651739,168b7c24aa4cf780,6267000.0,24,6521000.0,0.9610489188774728,16,1,0.0625,True,15,24,1.0,1.0,True,35000.0,0.0015714884035610858,0.004814696817288522,0.2849226605764033
13d99a33c043d7fc,e3a8b9c43e8a5259,1522000.0,15,1522000.0,1.0,4,1,0.25,True,0,0,,,False,26000.0,0.006443460424624042,0.015553797524995305,0.02861254398556665
13dc0b217f225834,65e510f33d32a6af,4378000.0,17,4378000.0,1.0,3,3,1.0,True,7,17,1.0,1.0,True,91000.0,0.0007696355507189827,0.007821645015446355,0.05456179099562203
13ddec0fff826b54,3aa4200977035ca2,6226000.0,17,7472000.0,0.8332441113490364,11,1,0.0909090909090909,True,17,16,1.0,1.0,True,12000.0,0.0018471253217255588,0.00021478201415414677,0.012142343200180417
13e84bf4b712b400,307cbb9c687c240e,3235000.0,17,3411000.0,0.9484022280856054,2,1,0.5,False,11,16,1.0,1.0,True,21000.0,0.004216886877892846,0.02754579331526774,0.4089413752492366
147342c5f9367486,9e6beb0dec9e2b95,1726000.0,10,1726000.0,1.0,2,1,0.5,False,6,10,1.0,1.0,True,33000.0,0.029707932257752735,0.11060557788890757,0.3899510654977752
14892f67ae5cdfe8,436c660c8b13d476,2280000.0,10,2543000.0,0.896578843885175,4,2,0.5,True,8,10,1.0,1.0,True,14000.0,0.014898712381825146,0.0555999040640337,0.03198462160778656
14ab738002ec8bc9,c838206cedf04ae6,2414000.0,13,2616000.0,0.922782874617737,8,3,0.375,True,13,13,1.0,1.0,True,53000.0,0.0024592540620648425,0.019144236861605157,0.11817306418760493
15537ff2073454df,004f58f1dedbc207,5354000.0,36,5354000.0,1.0,10,3,0.3,True,13,0,1.0,,False,57000.0,0.0013531266891710489,0.0014426191950686063,0.009815538046843958
159107f286afb8cb,24b7b9bb5b8cc2db,412000.0,24,514000.0,0.8015564202334631,11,4,0.3636363636363636,True,22,23,1.0,1.0,True,10000.0,0.002974730896034766,0.012410820717873139,0.016724359502135293
15ca64061029d541,0c32bfc3eba4888a,786000.0,13,786000.0,1.0,9,4,0.4444444444444444,True,7,10,1.0,1.0,True,65000.0,0.0009700987639295086,0.005433984958099658,0.007259632078409754
15de35505115e14b,f1aca47ed38a98ab,7072000.0,26,8100000.0,0.8730864197530864,2,1,0.5,False,19,23,1.0,1.0,True,18000.0,0.0038553371540667185,0.005362390953381535,0.42806055420919054
15e6c8e99254a883,97784289819b9cbf,1375000.0,11,1375000.0,1.0,1,1,1.0,False,10,3,1.0,1.0,True,7000.0,0.009958726056280048,0.07216317705555342,0.11457904515075908
16063d298b3a022e,5677afd95840a62d,4970000.0,22,5268000.0,0.9434320425208808,18,2,0.1111111111111111,True,4,0,1.0,,False,57000.0,0.004166771074590214,0.004761001313750013,0.3534166448901569
16d47048494b32b3,0a72a666003e5407,4131000.0,17,4131000.0,1.0,8,6,0.75,True,12,0,1.0,,False,218000.0,0.0003329121219389088,0.0020082118323411224,0.19184687474270903
16ef08ceb1dc90ee,724521d4249d32a2,1522000.0,18,1522000.0,1.0,1,1,1.0,False,0,0,,,False,9000.0,0.004642871205965213,0.0400640050402179,0.06881973703522067
16f42661922bee40,eb8d974a9e5e46d4,465000.0,10,465000.0,1.0,1,1,1.0,False,5,9,1.0,1.0,True,9000.0,0.007503051694451107,0.07558179078084004,0.05217055123803933
1717dc513491e0d4,915ca459c259abd9,1420000.0,11,1585000.0,0.8958990536277602,2,1,0.5,False,11,9,1.0,1.0,True,15000.0,0.01026658027656764,0.035120439014436955,0.054962717422043075
180e389dc9e916ba,45d8462070fb8452,625000.0,44,625000.0,1.0,1,1,1.0,False,26,44,1.0,1.0,True,3000.0,0.0009844175648731175,0.001968835129746216,0.015951144251180407
180e389dc9e916ba,5933dbd796ae1810,271000.0,18,271000.0,1.0,2,2,1.0,False,13,17,1.0,1.0,True,8000.0,0.0026024420715009327,0.014895132681589263,0.34362974444520017
183a0c27566af2ea,bcf9154c0ed2d0cc,6215000.0,18,6215000.0,1.0,8,5,0.625,True,8,17,1.0,1.0,True,168000.0,0.00023983991580545045,0.005759737679566723,0.09135752972046121
189382688dac118a,efc8e438b573922d,3391000.0,19,3534000.0,0.9595359366157328,17,2,0.1176470588235294,True,7,19,1.0,1.0,True,85000.0,0.013226992371658797,0.007492312593743389,0.14376434117407008
1a10cdcf3f3f1ba8,2d849a6828c98212,7200000.0,27,8196000.0,0.8784773060029283,5,1,0.2,True,22,26,1.0,1.0,True,162000.0,0.0011920401785554477,0.004073698868456765,0.41867815989089074
1a63eb6bd85bf23f,b38b481fc7e17fed,3512000.0,16,3728000.0,0.94206008583691,12,1,0.0833333333333333,True,2,4,1.0,1.0,False,14000.0,0.013831961711526277,0.016319853375478366,0.754761896238809
1a8ebc4d1cca7894,bf4f3f2a1eb39d7f,1470000.0,11,1470000.0,1.0,1,1,1.0,False,8,11,1.0,1.0,True,17000.0,0.035449771436139935,0.10033899761234,0.16521390498759633
1ada822335f31052,cb8e150676c6cf7f,1160000.0,10,1160000.0,1.0,10,10,1.0,True,9,0,1.0,,False,286000.0,0.00023089066521569485,0.004936406625309142,0.47273521315325057
1ada822335f31052,ccac9d5f800643ae,1093000.0,11,1093000.0,1.0,11,11,1.0,True,6,0,1.0,,False,267000.0,0.00036870912429793126,0.0035224250321278516,0.47541640862994133
1b3107d537e55b26,596edd038dc7a082,5665000.0,26,5665000.0,1.0,5,1,0.2,True,22,21,1.0,1.0,True,49000.0,0.004761001313749987,0.006772792846327036,0.04043271416451586
1b66db2e069a4cb3,d75bf9a3e40ce8c0,3591000.0,22,3591000.0,1.0,4,1,0.25,True,16,0,1.0,,False,7000.0,0.0024699931627725495,0.009468307123961406,0.11694880670692637
1b8091e855aea98d,43e50d19622695fd,6210500.0,45,6210500.0,1.0,7,1,0.1428571428571428,True,8,44,1.0,1.0,True,31000.0,0.0014497785955404094,0.002623920272916358,0.023883759973939784
1bca6f347788f21d,02071e0aaf031b8f,3748000.0,14,4348000.0,0.8620055197792088,1,1,1.0,False,13,14,1.0,1.0,True,140000.0,0.012042111593575154,0.029085064416705775,0.4946429785969723
1c07449fb877c5a0,21232c2c1a740313,4788000.0,22,5019000.0,0.9539748953974896,3,1,0.3333333333333333,True,16,0,1.0,,False,27000.0,0.000801852852842103,0.008133078935969928,0.5631226441097823
1c42f1b9543355f9,4407e8cee137bb3f,2359000.0,20,2359000.0,1.0,2,2,1.0,False,16,20,1.0,1.0,True,30000.0,0.0012958514853966129,0.0026919345773984693,0.070455660043028
1c9bfcc74e83e050,0807c164b3339892,4124000.0,28,4124000.0,1.0,4,1,0.25,True,25,26,1.0,1.0,True,44000.0,0.0006013896396315772,0.006873024452932364,0.0452724688834557
1caa43ac4cabfe28,2dfaebeb2633a53f,2751000.0,17,2751000.0,1.0,5,1,0.2,True,10,17,1.0,1.0,True,18000.0,0.020479465049596746,0.04112717601028093,0.2534857331047098
1cbe4a26afed3ce3,0ac63a93df213f82,2106000.0,11,2271000.0,0.927344782034346,7,1,0.1428571428571428,True,4,8,1.0,1.0,True,44000.0,0.015417768916030972,0.05168729170619257,0.560384173429317
1d6cd3502b8141b6,2f969fac9a9a404a,8906000.0,46,9095000.0,0.9792193512919186,5,1,0.2,True,17,42,1.0,1.0,True,46000.0,0.0015428508016738678,0.0025487465679624455,0.03168034708773487
1d7b28710ee6575d,8ecc147a26f81659,2476000.0,14,2476000.0,1.0,14,13,0.9285714285714286,True,0,13,,1.0,False,499000.0,0.0006085490401033818,0.0032933242170301025,0.016316273675242434
1d7fa3ac3f5b36e3,ad9da3042eea4a03,3023000.0,12,3023000.0,1.0,1,1,1.0,False,8,12,1.0,1.0,True,115000.0,0.020447247747473626,0.08423392625101578,0.6090394590357003
1e60d96fdf9d89a3,3813813cbf584e0d,2196000.0,16,2424000.0,0.905940594059406,3,1,0.3333333333333333,True,0,0,,,False,50000.0,0.00786102171804133,0.034075166545553426,0.143621153164634
1e82fff829bdf6bf,8b36a8aedcacea67,197000.0,14,237000.0,0.8312236286919831,4,4,1.0,True,0,0,,,False,9000.0,0.0016574012092227396,0.013685194001854306,0.029231832126377737
1ea6e292782a86d5,ea398e884a5cb21d,3264000.0,21,3648000.0,0.8947368421052632,1,1,1.0,False,20,0,1.0,,False,18000.0,0.0008197513540216142,0.00457127720124717,0.07561042838272723
1eaf1d63f20e27ec,62ed356c0b423371,3840000.0,13,3840000.0,1.0,13,12,0.9230769230769232,True,2,13,1.0,1.0,False,752000.0,0.001256474782801688,0.0025415871674906443,0.01241798011834489
1eb76f17b06638bc,819e374863eef931,1217000.0,11,1462000.0,0.832421340629275,5,4,0.8,True,6,10,1.0,1.0,True,67000.0,0.0005584332368007503,0.006518634129577983,0.009307220613345839
1f004ffbd5a25273,a39463acc98eb34c,1135500.0,20,1213000.0,0.9361088211046992,5,1,0.2,True,20,20,1.0,1.0,True,11000.0,0.006779952246798853,0.03293324217030069,0.08603451546967457
1f042dd4805c6333,73a7fca8929192e7,2214000.0,19,2606000.0,0.8495778971603991,3,1,0.3333333333333333,True,6,16,1.0,1.0,True,15000.0,0.02467487372607418,0.030366597101158743,0.28753226204837606
1f0f4372b9c9ff4f,38832af23a567f3f,194000.0,11,194000.0,1.0,1,1,1.0,False,9,11,1.0,1.0,True,4000.0,0.005462622559986826,0.09739648401842826,0.26263902660791183
1f0f4372b9c9ff4f,b6fad5e7169eec93,238000.0,13,238000.0,1.0,1,1,1.0,False,13,11,1.0,1.0,True,4000.0,0.005323014250786639,0.027048214982477337,0.051161075771514894
1f750ea67820917a,68d2dc28899fbe71,2715000.0,26,2715000.0,1.0,6,3,0.5,True,13,25,1.0,1.0,True,26000.0,0.0011813010778477411,0.004138133472702976,0.009683089138115573
1ff00518a18c6182,5e35ce598afb521a,2165000.0,17,2314000.0,0.935609334485739,5,1,0.2,True,15,17,1.0,1.0,True,30000.0,0.01649883838727345,0.04013917874517192,0.5012045691293812
206a1024e1af11f0,b26fbd5baebc974a,2130000.0,15,2396000.0,0.8889816360601002,6,1,0.1666666666666666,True,13,13,1.0,1.0,True,40000.0,0.004900609622950174,0.030567060314369288,0.3327402963275855
219d768e49a71e17,b143b63b7f550d1b,5001000.0,15,5001000.0,1.0,1,1,1.0,False,9,14,1.0,1.0,True,180000.0,0.010667506702988692,0.025738044696137163,0.27718692836661857
21baad084c755f4e,11cc2b47cd5beb57,2242000.0,10,2335000.0,0.96017130620985,5,1,0.2,True,4,9,1.0,1.0,True,9000.0,0.014018106123793193,0.045777206616717914,0.5475223104817203
22083cfc57465875,530718b33235355a,1344000.0,10,1580000.0,0.850632911392405,10,3,0.3,True,2,10,1.0,1.0,False,57000.0,0.011358388848517826,0.07417138888789454,0.05923329980347446
228534977e848c34,3fa21b7284457cc9,1904000.0,11,1904000.0,1.0,2,1,0.5,False,10,11,1.0,1.0,True,9000.0,0.03805221350764087,0.12319896331881164,0.4870432749961518
232d7c28dde226d2,ee5622eba40ef54a,4804000.0,25,5595000.0,0.8586237712243074,15,2,0.1333333333333333,True,6,1,1.0,1.0,True,78000.0,0.0012027792792631544,0.0066224454364191,0.27615239499844285
242118b1762cf284,0503b6c28f039be5,4606000.0,32,4606000.0,1.0,12,3,0.25,True,30,32,1.0,1.0,True,192000.0,0.00016824591108740555,0.004288480882610912,0.03478752689249802
25b7145f567c2fdc,454d16aadbf2a6c2,1597000.0,10,1597000.0,1.0,3,3,1.0,True,3,10,1.0,1.0,True,48000.0,0.00443166889204698,0.015543058424287604,0.17986919775338014
25bd5e7e55457704,cdbd561273d3e850,1828000.0,11,1828000.0,1.0,7,2,0.2857142857142857,True,11,11,1.0,1.0,True,81000.0,0.007073487666142837,0.031032421345036587,0.29609132531241833
25e96bf2f9769d21,41399a6ca198ec94,2691000.0,26,3079000.0,0.873985060084443,17,1,0.0588235294117647,True,13,23,1.0,1.0,True,41000.0,0.015682666733487737,0.008691512172770643,0.06772076906279868
260214622f3a66fa,7873ce1d2299f56e,3418000.0,22,3471000.0,0.9847306251800634,2,2,1.0,False,0,0,,,False,23000.0,0.0008125919535498097,0.004016423664682356,0.10232931094350159
260442ee446ef251,7e0daf015ccd3494,1729000.0,17,1729000.0,1.0,2,1,0.5,False,9,0,1.0,,False,12000.0,0.008014948828185127,0.020815956871771513,0.18956660569243933
26a7209171698a8d,fe3c1662e72ceafb,2200000.0,19,2200000.0,1.0,3,1,0.3333333333333333,True,12,19,1.0,1.0,True,50000.0,0.013799744409403156,0.01909412105830255,0.18818484140138106
26abbd19b6c3cf0c,9dcc4fbe09bc269a,3806000.0,26,4009000.0,0.9493639311549016,14,1,0.0714285714285714,True,21,26,1.0,1.0,True,18000.0,0.0033684979219840133,0.008770265577960457,0.5634555562317212
26bffb505cd09691,c83e3b260bcf9ba0,6297000.0,16,6297000.0,1.0,3,1,0.3333333333333333,True,13,0,1.0,,False,58000.0,0.0008806062580319524,0.0072990087810046456,0.15308946028859544
2736225a7671c6ce,8fc3e6d5368bcae5,1124000.0,11,1124000.0,1.0,1,1,1.0,False,3,11,1.0,0.9090909090909092,False,25000.0,0.003876815355482132,0.02648620204544072,0.43794052686028073
2770c935854f4d32,490350fabeea6529,4629000.0,16,4688000.0,0.987414675767918,3,1,0.3333333333333333,True,13,16,1.0,1.0,True,20000.0,0.011093491031061059,0.016144448063919126,0.5771729675356986
2773f727b19d78ba,2ee0bd0b5e7d35be,2998000.0,16,2998000.0,1.0,1,1,1.0,False,11,0,1.0,,False,38000.0,0.006468518326275358,0.01633417217642197,0.46445178680737276
27b6b7ed01c53661,1b6c3d8eda36d582,1041000.0,22,1066000.0,0.9765478424015008,6,1,0.1666666666666666,True,11,21,1.0,1.0,True,13000.0,0.022913661210010275,0.006142765604808198,0.02185406994018321
28026ee9f6ab5b28,4e62a439a7951252,3833000.0,14,4038000.0,0.9492322932144626,5,3,0.6,True,12,14,1.0,1.0,True,150000.0,0.0020153712328129644,0.015618232129241516,0.048730459311337265
28084583c725a733,bab3ca8d5105509e,1186000.0,17,1186000.0,1.0,11,2,0.1818181818181818,True,11,9,1.0,1.0,True,40000.0,0.024542424817345795,0.035238569122221675,0.11770412345670174
2849e546f4f1343f,5eb1eef4448d8ad5,806000.0,23,806000.0,1.0,2,1,0.5,False,23,20,1.0,1.0,True,10000.0,0.0012385762816221769,0.002419877359469913,0.013130340465289436
284dfa5faf4e4eb1,f4ec9c3e8cba4946,4290000.0,16,4290000.0,1.0,4,1,0.25,True,16,16,1.0,1.0,True,25000.0,0.011744996473995267,0.022541372385476488,0.2569687814342427
2867f54857aa87d4,e9698f9aa59708f0,4231000.0,14,4231000.0,1.0,3,1,0.3333333333333333,True,13,11,1.0,1.0,True,48000.0,0.014433351351157853,0.022602227289486798,0.1777177979116029
287ce46db5fcf4eb,df2e72bf5bdede56,6460000.0,27,8046000.0,0.8028834203330848,8,1,0.125,True,25,24,1.0,1.0,True,75000.0,0.004098756770108071,0.004435248592282837,0.6169470168568084
28d18b5006fb2cdd,835d02355f18c539,1648000.0,44,1648000.0,1.0,11,2,0.1818181818181818,True,0,0,,,False,12000.0,0.0019473569283308216,0.012682877935801695,0.02022888603308359
28dba40b5b483235,e801555891e70f4e,12660000.0,21,15752000.0,0.8037074657186389,2,2,1.0,False,13,20,1.0,0.95,False,21000.0,0.0010416927686475535,0.002509369865367428,0.04541565689289179
28de27321b011e9b,ad9597ab4f39723c,2221000.0,34,2221000.0,1.0,3,2,0.6666666666666666,True,30,34,1.0,0.9705882352941176,False,15000.0,0.0032396287134915324,0.007399240387609973,0.3769746521426296
293b3e8f6a777eac,cabab82d43bfb5b6,4253000.0,25,4253000.0,1.0,1,1,1.0,False,25,0,1.0,,False,86000.0,0.0014211409936531914,0.005988838494664472,0.6819328949393778
29a69364dc5554d7,a7f8280cf3093928,3213000.0,17,3213000.0,1.0,1,1,1.0,False,3,17,1.0,1.0,True,15000.0,0.01830300730616818,0.023923136676534673,0.265198512276582
29fbff082405f8e2,c1c65bb5385fd22d,4738000.0,26,4738000.0,1.0,20,2,0.1,True,21,21,1.0,1.0,True,25000.0,0.000597809939395675,0.0024341961604135154,0.1444480639191274
2a40ba043ca54667,01d9ad16de1ea227,2139000.0,12,2139000.0,1.0,11,2,0.1818181818181818,True,12,9,1.0,1.0,True,60000.0,0.02276331380010238,0.030101699283701988,0.3441738588810573
2a47c907a07720fe,fd57b26187fd06de,9670600.0,28,9947600.0,0.9721540874180707,7,1,0.1428571428571428,True,24,26,1.0,1.0,True,5000.0,0.0012886920849248084,0.0022480517481465734,0.10227561543996305
2ad211695a38705b,811391e246672e6b,1407000.0,14,1407000.0,1.0,12,9,0.75,True,2,13,1.0,1.0,False,169000.0,0.004410190690631566,0.00726321177864564,0.010739100707706737
2ae5316b9d7479b8,e21efd9c19833762,3378000.0,31,3378000.0,1.0,11,2,0.1818181818181818,True,23,23,1.0,0.9565217391304348,False,73000.0,0.000830490454729321,0.006153504705516011,0.08854030563480614
2aeba8aaf38ec2e6,6ffec2bb918a12f0,869000.0,10,869000.0,1.0,7,1,0.1428571428571428,True,7,10,1.0,1.0,True,147000.0,0.03696756433616249,0.0824762934351877,0.16909072034307848
2b1ba87ad76abb46,850e5c76139c926f,1917000.0,11,1917000.0,1.0,2,1,0.5,False,11,9,1.0,1.0,True,45000.0,0.005476941360930436,0.03542829323472452,0.15690184103983132
2ba77ea856bea9b4,4999b871cea15a73,5588000.0,28,5795000.0,0.9642795513373598,4,1,0.25,True,23,1,1.0,1.0,True,62000.0,0.0023232254531005575,0.007699935207425734,0.4206971108239396
2ba93f3ff00ecafd,f3e25c101302f475,3687000.0,24,3862000.0,0.9546866908337648,4,1,0.25,True,21,16,1.0,1.0,True,18000.0,0.0048504938196475425,0.018149080196024348,0.7703586501666351
2baa73240ab510b3,807ad16dc5b482b1,1023000.0,12,1023000.0,1.0,1,1,1.0,False,10,11,1.0,1.0,True,28000.0,0.005215623243709572,0.05781931821029307,0.04768160714221791
2be362d59ac8c24e,37b89c31d59f03b5,1244000.0,11,1244000.0,1.0,1,1,1.0,False,11,11,1.0,1.0,True,43000.0,0.029417976538644655,0.12008462411357668,0.5115928592139695
2be9e25d886da19b,f55516f27208f136,3764000.0,14,3764000.0,1.0,5,1,0.2,True,11,13,1.0,1.0,True,19000.0,0.0010846491714783804,0.003325541519153208,0.05458684889727334
2c30495cdc84ac39,7d44ed85a6d25884,7852000.0,34,7852000.0,1.0,21,1,0.0476190476190476,True,31,0,1.0,,False,45000.0,0.001618024506627815,0.00041166552712879056,0.1718327707237796
2c3de002d29c6ca7,8e913410ca1bf7da,147000.0,12,147000.0,1.0,1,1,1.0,False,0,12,,1.0,False,2000.0,0.01057085479661933,0.0494929354615844,0.04326425705111454
2c4d940e350e6225,79decec192f6a658,3779000.0,12,3779000.0,1.0,1,1,1.0,False,12,12,1.0,1.0,True,64000.0,0.0018149080196024384,0.012435878619524443,0.08313137857835785
2c613a8293a9029f,b1f4c3b3156f76b4,4736000.0,23,4852000.0,0.9760923330585326,3,1,0.3333333333333333,True,21,16,1.0,1.0,True,45000.0,0.009840595948495272,0.013678034601382505,0.5139769395710804
2cbf762b58c6fb72,a47c2aa17bfd5d70,2028000.0,13,2028000.0,1.0,8,3,0.375,True,8,0,1.0,,False,226000.0,0.0012779529842171016,0.009285742411930475,0.0629561880488128
2d4bfda155913276,ad0d835da60de73d,1912000.0,10,1912000.0,1.0,3,2,0.6666666666666666,True,6,9,1.0,1.0,True,100000.0,0.02373341256403189,0.11932930736380132,0.14386099308043945
2deb79b13879849e,0357e5fc8f2ae675,1660000.0,20,1937000.0,0.856995353639649,7,5,0.7142857142857143,True,4,20,1.0,1.0,True,81000.0,0.002051168235171987,0.013484730788643762,0.03744366446753749
2df730dacdd75594,df17acaab310a1e3,5012000.0,25,6262000.0,0.8003832641328649,3,1,0.3333333333333333,True,0,0,,,False,63000.0,0.009031583695181365,0.010595912698270649,0.6690638725913092
2e011c0e5af9f52e,6a8a7d00bef1179b,2406000.0,20,2513500.0,0.9572309528545851,3,1,0.3333333333333333,True,20,20,1.0,1.0,True,32000.0,0.005058116433329873,0.03941965899775557,0.5593890167637362
2e14647938fcc66a,5d7381b9043ff397,6431000.0,17,6631000.0,0.9698386367063792,3,2,0.6666666666666666,True,15,16,1.0,1.0,True,134000.0,0.005416086456920098,0.006629604836891012,0.33932336506140975
2e15d12c873909b7,43e5ae30504d3ea9,292000.0,19,292000.0,1.0,3,1,0.3333333333333333,True,7,19,1.0,1.0,True,3000.0,0.025082959552967035,0.020536740253371155,0.11625792456139723
2e3cefb1551350e6,49f01151db638ca8,2467000.0,16,2569000.0,0.9602958349552356,15,13,0.8666666666666667,True,2,16,1.0,1.0,False,451000.0,0.00025415871674905945,0.0022301532469670704,0.006783531947034755
2e43a6e6910feae8,e33abaa7d1bbbbe0,2310000.0,15,2470000.0,0.9352226720647774,3,1,0.3333333333333333,True,7,15,1.0,1.0,True,8000.0,0.0010882288717142827,0.00791113752134398,0.035925871567514936
2e6818a3577ac3da,4da3afa6e0012e89,5235000.0,15,5769000.0,0.907436297451898,1,1,1.0,False,6,15,1.0,1.0,True,58000.0,0.003332700919624991,0.02010717622506286,0.46204264854861055
2eaa59a6a1c08765,4f2a64fc056b25c5,3028000.0,13,3028000.0,1.0,6,1,0.1666666666666666,True,13,13,1.0,1.0,True,21000.0,0.006461358925803553,0.019183613564200175,0.403142260867075
2f4ff0449e7ece98,5cfd7cdb2761ce9f,8341000.0,33,8551000.0,0.9754414688340544,4,1,0.25,True,6,3,1.0,0.6666666666666666,False,165000.0,0.0025559059684342033,0.00521204354347371,0.1335729346024564
2f6f5aac920a83d0,e23175634b7fbfd3,4630000.0,27,5050000.0,0.9168316831683168,3,1,0.3333333333333333,True,18,25,1.0,1.0,True,18000.0,0.0005870708386879682,0.002258790848854275,0.023507891449170048
2f85606b0b41346a,b63183afa1c5fccc,160000.0,12,160000.0,1.0,3,3,1.0,True,12,0,1.0,,False,6000.0,0.003225309912547923,0.1168628939012647,0.09231330968344711
2ff2e7a8fa33a63b,b28ed4974dad03f2,2914000.0,27,3403000.0,0.856303261827799,24,12,0.5,True,26,27,1.0,1.0,True,312000.0,0.0005190565342058256,0.0024520946615930184,0.016588330893171004
2ff877bcf6cc0493,faa480c51adf21e6,12397000.0,56,12397000.0,1.0,7,3,0.4285714285714285,True,36,53,1.0,1.0,True,110000.0,1.2528950825657859e-05,0.0002935354193439599,0.008823961081499035
30682a81cb329b11,b27c40a7b9a83430,6524000.0,10,6524000.0,1.0,1,1,1.0,False,9,0,1.0,,False,26000.0,0.010524318693552602,0.008705830973714246,0.20983844812835373
3079d918d2f8289a,a2af71906b8155b5,2706000.0,21,2706000.0,1.0,6,1,0.1666666666666666,True,21,20,1.0,1.0,True,6000.0,0.009525582327735876,0.010259420876095882,0.3559797102590629
3087d1774933466b,6a7839b000982944,3893000.0,11,4632000.0,0.8404576856649395,3,1,0.3333333333333333,True,5,8,1.0,1.0,True,100000.0,0.00454263959935995,0.006232258110705824,0.24490161193901622
308c29bfa004e154,40bde603f164e00d,2504000.0,10,2504000.0,1.0,2,2,1.0,False,8,0,1.0,,False,137000.0,0.009711726740002792,0.02045082744770954,0.0808117328254932
308c29bfa004e154,a177cc49da9f6b40,4479000.0,23,5158000.0,0.8683598293912369,8,1,0.125,True,16,1,1.0,1.0,True,50000.0,0.003057064001460518,0.006346808518254643,0.20045963351028984
3178e28272ca263f,dd9f7d5e7e6817f6,4769000.0,24,4975000.0,0.9585929648241206,19,3,0.1578947368421052,True,4,21,1.0,1.0,True,157000.0,0.008498208360031932,0.004900609622950136,0.2670885940011383
31f78c1cfc1121b9,1dd361466f8535c2,3415500.0,14,3415500.0,1.0,2,1,0.5,False,10,13,1.0,1.0,True,59000.0,0.01884354204178942,0.039985251635028085,0.7986096444283756
325064ecfec81fa9,3d2e1585c9b67ec1,2160000.0,15,2160000.0,1.0,3,2,0.6666666666666666,True,15,14,1.0,1.0,True,13000.0,0.007606863001292272,0.05037354171961639,0.06442386514553271
3298e7716921b985,89ecaf763d9a7a48,6645000.0,30,6645000.0,1.0,3,1,0.3333333333333333,True,28,30,1.0,1.0,True,89000.0,0.0036548739408561928,0.00614992500528011,0.1852530669081771
32cd3379a4698d79,f92ee2a855dfc651,1651000.0,13,1651000.0,1.0,1,1,1.0,False,9,13,1.0,0.9230769230769232,False,40000.0,0.020805217771063853,0.045319004986522415,0.17922843141115363
332444e78d6dc0a1,8e0b75e16095c16f,4492000.0,15,4492000.0,1.0,1,1,1.0,False,9,14,1.0,1.0,True,12000.0,0.0017540531155921003,0.01166266336856947,0.07417854828836633
339d7334bbbbbcc0,5367704e56899334,2546000.0,14,2546000.0,1.0,1,1,1.0,False,5,14,1.0,1.0,True,30000.0,0.007188038073691709,0.04972203627668215,0.282885811142175
339f3da225377677,3a0b1620aa86a6c1,6565000.0,25,6565000.0,1.0,5,2,0.4,True,5,0,1.0,,False,49000.0,0.00035797002359022454,0.006611706335711398,0.2593206444892305
3446f4fec6585027,194539e134a71784,3161000.0,14,3161000.0,1.0,9,2,0.2222222222222222,True,3,0,1.0,,False,100000.0,0.006661822139014079,0.01734006794271048,0.6926648362466127
3452126d2547c80d,4963bb22b32a3ba0,5094000.0,26,5127000.0,0.9935634874195436,2,2,1.0,False,16,23,1.0,1.0,True,174000.0,0.006747734944675733,0.008748787376545053,0.22162998070541573
353045fc89bb7422,365ca728d2575347,2650000.0,26,2650000.0,1.0,4,3,0.75,True,21,26,1.0,1.0,True,75000.0,0.0014104018929454848,0.0034078746245789215,0.09412463800281365
353372fca9a86c2a,aa8a1e169553d044,7356000.0,30,7356000.0,1.0,18,18,1.0,True,16,1,1.0,1.0,True,839000.0,1.2528950825657859e-05,8.59128056616143e-05,0.008297745146821404
35797abfa5da6869,d35a47f2c5dfa241,1228000.0,12,1228000.0,1.0,9,1,0.1111111111111111,True,0,0,,,False,21000.0,0.03626594308992565,0.011698460370928587,0.14775570693710108
35a76afb106d4bb2,bf6586fb9eb4d183,427000.0,14,483000.0,0.8840579710144928,4,1,0.25,True,8,0,1.0,,False,7000.0,0.02472140982914091,0.03261464884930532,0.06461358925803554
35b5eadd513ce291,d260f57856c995d7,2078000.0,17,2078000.0,1.0,2,1,0.5,False,8,0,1.0,,False,53000.0,0.008508947460739638,0.02976520746152722,0.2405343776512155
35baf54c3db29990,f1b6645d915f53fc,5193000.0,18,6475500.0,0.8019457956914524,2,1,0.5,False,2,18,1.0,1.0,False,42000.0,0.014615916063188869,0.021632128525557293,0.49898515498312174
365e00418497fc7d,d474d1b405ccab36,2424000.0,19,2510000.0,0.9657370517928286,9,1,0.1111111111111111,True,5,17,1.0,1.0,True,27000.0,0.011168664736015006,0.015432087716974574,0.07411053398388419
3685b90dd7b54648,d348b1490a6aec67,2306000.0,17,2306000.0,1.0,3,1,0.3333333333333333,True,12,15,1.0,1.0,True,56000.0,0.005029478831442655,0.019011787952876835,0.16995342809993091
36b216544e16f015,caea6450612b15d7,5648000.0,44,5780000.0,0.9771626297577856,9,1,0.1111111111111111,True,6,44,1.0,1.0,True,12000.0,0.007055589164963326,0.0025380074672547437,0.011132867733655984
36bd45108d7bc9fb,49f8b4a09f98d44e,4050000.0,18,4050000.0,1.0,4,2,0.5,True,8,0,1.0,,False,82000.0,0.004786059215401302,0.012228256005842097,0.275450773752206
3753f755556c0324,7c3401752c3a4d05,1895000.0,12,2114000.0,0.8964049195837275,3,1,0.3333333333333333,True,4,0,1.0,,False,31000.0,0.009264264210515011,0.01974562650123679,0.12617011451461055
37b0da72b769aea8,11e477ec66382062,4089000.0,17,4089000.0,1.0,2,1,0.5,False,2,12,1.0,1.0,False,26000.0,0.0053910285552687814,0.025967145511234913,0.5412614147691273
37bb75da7daef90e,1c69e2e4018dc145,6491000.0,18,6491000.0,1.0,4,1,0.25,True,15,16,1.0,1.0,True,28000.0,0.007979151825826106,0.007087806467086399,0.44830375904321773
37d104ed61f87569,770a59c82322ab15,5479000.0,35,5479000.0,1.0,31,9,0.2903225806451613,True,29,34,1.0,1.0,True,253000.0,0.00026310796733881506,0.002215834446023468,0.05645187272017841
381f771ac8aa88cf,9ba4773f8ff1d9b0,3864000.0,11,3864000.0,1.0,3,1,0.3333333333333333,True,7,2,1.0,1.0,True,35000.0,0.023400500442092978,0.034102014297322736,0.45015446406517917
384ba4b834f37576,0ce27af60e9822cb,3752000.0,21,3752000.0,1.0,1,1,1.0,False,17,20,1.0,1.0,True,26000.0,0.001528532000730259,0.014200670835824214,0.04020003364918222
394d162072d196c3,3e5df9426db5e784,4700000.0,29,5029000.0,0.9345794392523364,4,1,0.25,True,26,29,1.0,1.0,True,24000.0,0.000626447541282893,0.004875551721298832,0.3958038753834754
3976bb4868ce3fcf,f2bf77f9fb9a7b84,2758000.0,28,2758000.0,1.0,15,1,0.0666666666666666,True,24,28,1.0,1.0,True,5000.0,0.004009264264210515,0.007019792162604288,0.2414973170146732
39c3d1b7ec0213f5,4612dacb4e9ba1b9,1733000.0,16,1733000.0,1.0,16,2,0.125,True,13,16,1.0,1.0,True,35000.0,0.01627331727241161,0.011093491031061053,0.08052893650685691
39d40148ec4570f6,74eafc20fdfbcd97,5096000.0,23,5289000.0,0.9635091699754208,10,1,0.1,True,5,23,1.0,1.0,True,10000.0,0.0013495469889351465,0.007245313277466137,0.1267178086507036
39d50e1ac68c5519,4fec4287a251a95c,927000.0,11,927000.0,1.0,4,1,0.25,True,2,10,1.0,1.0,False,16000.0,0.0376262291795685,0.13856661643154,0.1095101896167215
3a126f4598268d28,7de22b4920375b6a,3756000.0,11,3756000.0,1.0,1,1,1.0,False,6,11,1.0,1.0,True,67000.0,0.026683085558415337,0.05219560913969068,0.2802511517685509
3a1a343b6da1a07f,1d1770a2a94ea51f,262000.0,17,262000.0,1.0,3,1,0.3333333333333333,True,12,16,1.0,1.0,True,5000.0,0.014501365655639996,0.010445565288362713,0.1739555329636696
3a1a343b6da1a07f,4cfad80b132acb13,266000.0,16,266000.0,1.0,7,2,0.2857142857142857,True,14,16,1.0,1.0,True,19000.0,0.01779111017243416,0.008712990374186047,0.03717160724960892
3a1a343b6da1a07f,e95e8b3daa92536a,175000.0,14,175000.0,1.0,6,1,0.1666666666666666,True,12,14,1.0,1.0,True,2000.0,0.027778473830601426,0.011619706965738663,0.08656431110458811
3ab8c468094a93e7,4c98d587926c7406,2115000.0,10,2115000.0,1.0,1,1,1.0,False,10,10,1.0,1.0,True,143000.0,0.011440721953943576,0.05499493472416617,0.21924232064806892
3ad23e7a44702285,a6e892a1d2153eda,2818000.0,19,3256000.0,0.8654791154791155,3,1,0.3333333333333333,True,13,18,1.0,1.0,True,30000.0,0.004184669575769725,0.02220488056330161,0.6670663998596758
3af6d3c9cc419814,36d07123315a13fd,2327000.0,12,2327000.0,1.0,8,2,0.25,True,5,0,1.0,,False,73000.0,0.014887973281117439,0.03610127687907416,0.26947267435824923
3bcd769db5e9e039,777d3fe403ebb849,609000.0,10,609000.0,1.0,5,5,1.0,True,10,10,1.0,1.0,True,64000.0,0.0024270367599417224,0.02203305495197827,0.10581235927303448
3bd3c18db19e86ff,dd360baa61a074cb,2994000.0,15,3187000.0,0.93944148101663,2,1,0.5,False,8,15,1.0,1.0,True,6000.0,0.00873804827583738,0.07980225735896873,0.7881998761423719
3c99c6ddec728702,1e98dde250db108c,2553000.0,23,3101000.0,0.8232828119961303,1,1,1.0,False,2,0,1.0,,False,29000.0,0.004728784011626867,0.01809896439272174,0.4593113372686171
3cbcac8f105516b4,ee59a69876eb7088,805000.0,11,805000.0,1.0,1,1,1.0,False,8,0,1.0,,False,16000.0,0.006411243122500921,0.022931559711189764,0.029088644116941648
3d4bc7664a63f64e,27d97ab4af6b5c26,4861000.0,32,4939000.0,0.9842073294189108,6,3,0.5,True,21,30,1.0,1.0,True,65000.0,0.0005906505389238706,0.0049507254262528555,0.07282184189895938
3d9d8c2756579b1e,ad5728cfeaa03d91,3444000.0,12,3444000.0,1.0,2,1,0.5,False,7,11,1.0,1.0,True,24000.0,0.010076856164064821,0.022706038596327915,0.1200309286100382
3e5917768894bba2,eadaf2ee6d66d435,3610000.0,19,4247000.0,0.8500117730162468,2,1,0.5,False,13,19,1.0,1.0,True,85000.0,0.006808589848686071,0.02847651537660234,0.7598665487752055
3e79af741da051a5,4a3cd35444862252,143000.0,11,143000.0,1.0,1,1,1.0,False,9,10,1.0,1.0,True,2000.0,0.005970939993484946,0.10572286676713694,0.07164412052134754
3e93a5ae60ddcd54,63de11fe861ddb59,6244200.0,37,6811100.0,0.916768216587629,5,1,0.2,True,37,34,1.0,1.0,True,31000.0,0.0031179189054708558,0.0027957458842396976,0.12047839113952598
3e93a5ae60ddcd54,f48afdf1444958c4,1595800.0,16,1627800.0,0.9803415653028628,5,1,0.2,True,15,14,1.0,1.0,True,16000.0,0.014862915379466124,0.09609705283279579,0.23170683686948054
3eb2a21c2fc0608d,cff13c81d6f29727,5931000.0,26,5982000.0,0.9914744232698094,4,1,0.25,True,19,26,1.0,1.0,True,44000.0,0.0038875544561898386,0.007170139572512224,0.524866387688695
3fad1a6dd7d74a77,725053c8c2febdda,330000.0,24,395000.0,0.8354430379746836,21,1,0.0476190476190476,True,24,0,1.0,,False,3000.0,0.01208148829617008,0.0019258787269154087,0.007839543516625918
3fef01f339580995,918287a41b752cae,5522000.0,37,6134000.0,0.9002282360612976,4,1,0.25,True,0,0,,,False,48000.0,0.0001646662108515033,0.0009736784641654062,0.008999366393058246
400acc3c64a8139a,da649ba961d01222,2240000.0,16,2240000.0,1.0,8,2,0.25,True,12,0,1.0,,False,10000.0,0.00849462865979603,0.017952196683049815,0.2552397862203019
40ad8c5897d292ea,c1f36a39199a2d25,10486000.0,24,10486000.0,1.0,14,2,0.1428571428571428,True,5,0,1.0,,False,76000.0,0.0008054325530780053,0.0019079802257359058,0.03253947514435141
40ae1793a8492c32,109283de04b5c425,3718000.0,11,3928000.0,0.9465376782077392,6,1,0.1666666666666666,True,7,8,1.0,1.0,True,7000.0,0.006908821455291334,0.008881236285273486,0.017748153769603335
40e8b2b6fd21499d,ae2a2d16b2a6b97e,424000.0,15,494000.0,0.8582995951417004,12,1,0.0833333333333333,True,8,0,1.0,,False,8000.0,0.015467884719333603,0.01189176418366722,0.06019265946669626
4100e361e54dd799,2faa9e7698d157ba,4613000.0,21,4726000.0,0.9760897164621244,6,2,0.3333333333333333,True,0,20,,1.0,False,54000.0,0.0010094754665244331,0.010499260791901333,0.23857270192194105
42192623c4cd3aca,a7b1a9ebc0e589a2,1529000.0,13,1579000.0,0.9683343888537048,1,1,1.0,False,2,0,1.0,,False,19000.0,0.0042884808826108905,0.015134972597394714,0.020028422819873062
421c4b920398a072,c87ce343024472c9,4858000.0,21,4858000.0,1.0,9,1,0.1111111111111111,True,12,0,1.0,,False,25000.0,0.003583279936138148,0.007542428397045997,0.31267965620558935
42ab80c6733e8033,898a210dbb2aea5e,5483000.0,20,5483000.0,1.0,3,1,0.3333333333333333,True,17,20,1.0,1.0,True,54000.0,0.008000630027241518,0.012503892924006554,0.875641213804756
42b1e8cb58c12796,2f27b3bfbcb4b52f,4853000.0,15,5311000.0,0.9137638862737714,5,1,0.2,True,13,13,1.0,1.0,True,11000.0,0.008612758767580803,0.010860810515727404,0.3667474485686569
42f3382f64aae5ac,d3429ac64ae89289,2993000.0,17,2993000.0,1.0,7,5,0.7142857142857143,True,14,17,1.0,1.0,True,165000.0,0.0007803746514266895,0.016097911960852418,0.01670646100095578
43278a5a6101f662,d004e5fbd288b45f,2250000.0,10,2250000.0,1.0,2,2,1.0,False,0,0,,,False,60000.0,0.001925878726915408,0.004424509491575135,0.2743804433816712
43c2e20e86c42954,3900c5f24f018da3,2042000.0,15,2042000.0,1.0,1,1,1.0,False,10,3,1.0,1.0,True,12000.0,0.0013352281879915376,0.0024413555608853166,0.19136719491109813
444781a3e454a8f7,c182d47abe734dad,6395000.0,29,6614000.0,0.966888418506199,4,2,0.5,True,28,29,1.0,1.0,True,22000.0,0.0005799114382161638,0.0019545163288026135,0.014415452849978343
44969366800a4c6a,69577266c946a1ae,11433000.0,65,11433000.0,1.0,48,1,0.0208333333333333,True,61,62,1.0,0.9838709677419356,False,50000.0,0.001063170970062967,3.579700235900596e-05,0.002480732263480256
44df9b3095551989,216b61689df17f00,5562000.0,25,6366000.0,0.8737040527803959,2,1,0.5,False,21,25,1.0,1.0,True,31000.0,0.005480521061166338,0.009246365709335458,0.8408286290106066
4525774e90f9b278,9833ef7d78ab309a,4731000.0,19,5607000.0,0.8437667201712146,1,1,1.0,False,0,0,,,False,38000.0,0.0009736784641654108,0.0018149080196024903,0.05078520724674516
458ff4d248bda49e,f6ac35b969ca0afd,3205000.0,19,3205000.0,1.0,2,2,1.0,False,0,19,,1.0,False,57000.0,0.006250156611885321,0.03285090906487487,0.3934591717289594
45a083ed5385e618,01d85bc9612e8b39,3034000.0,20,3725000.0,0.814496644295302,2,1,0.5,False,12,20,1.0,1.0,True,12000.0,0.0026453984743317594,0.011340490347338306,0.08908799977089918
45aeb3d28f00c8c3,303b243dc4179ace,2416800.0,19,2992800.0,0.8075380914194066,2,2,1.0,False,16,19,1.0,1.0,True,26000.0,0.004145292873174801,0.028741413194059096,0.17286372439171943
45f38c1d456d6a42,009cc315425295de,2274000.0,12,2274000.0,1.0,8,2,0.25,True,9,12,1.0,1.0,True,74000.0,0.023371862840205763,0.04575572841530251,0.39989189305287576
460c39188524b386,07388ec6d0654e3b,8464000.0,36,9018000.0,0.9385673098247947,6,1,0.1666666666666666,True,34,36,1.0,1.0,True,194000.0,0.003934090559256568,0.00012528950825663188,0.008580541465457683
464bdc590b422433,63ef186c8234408f,985000.0,12,985000.0,1.0,1,1,1.0,False,7,12,1.0,1.0,True,33000.0,0.014290163341721764,0.09044470616030609,0.07627267292636915
46d710c9a788b55a,3d7af27860ef2eb2,560000.0,26,560000.0,1.0,15,4,0.2666666666666666,True,4,26,1.0,1.0,True,16000.0,0.020393552243935093,0.007295429080768745,0.010839332314312
4741dbee5bc04cda,8a05edcb27517a26,3696000.0,19,4509000.0,0.8196939454424484,8,1,0.125,True,10,19,1.0,1.0,True,32000.0,0.015195827501405032,0.019663293395811077,0.2676577663386468
4742dbf1800ae697,d06a4ab692906410,3525000.0,20,3923000.0,0.8985470303339281,9,2,0.2222222222222222,True,18,18,1.0,1.0,True,73000.0,0.0007660558504830805,0.009973044857223612,0.18418273653764233
474fcbae73b8deac,0b70e00d812e20bb,5161000.0,10,6067000.0,0.8506675457392451,2,1,0.5,False,4,9,1.0,1.0,True,50000.0,0.006794271047742462,0.01928384517080539,0.33373187329293047
47538899bbd7e37f,2cc89be476d14d2d,3638000.0,18,3638000.0,1.0,2,1,0.5,False,7,18,1.0,1.0,True,28000.0,0.023651079458606138,0.0320633750129764,0.34123134528714566
475818f20e999185,938c34cea8f639b0,3706000.0,13,4181000.0,0.8863908155943554,2,1,0.5,False,8,12,1.0,1.0,True,38000.0,0.02580605900061929,0.03356326941181942,0.5621955017486836
475ac077217f9860,ab5111aa57ac87d3,2624000.0,18,2678000.0,0.9798356982823002,2,1,0.5,False,18,18,1.0,1.0,True,50000.0,0.013753208306336428,0.03353105210969631,0.7031318797363909
47a30f36f173b99a,83902b5fae41ed28,2739000.0,14,2739000.0,1.0,6,3,0.5,True,4,14,1.0,1.0,True,75000.0,0.0037730040486409666,0.007936195422995285,0.036545159708326024
47eefd3f4ff56080,b695de5b5c61a0c2,3201000.0,14,3201000.0,1.0,2,1,0.5,False,14,3,1.0,1.0,True,27000.0,0.0040271627653900265,0.021478201415413456,0.03052768361177435
4807fe15a177ed13,2b2c65988d6faf1e,5664000.0,24,5664000.0,1.0,5,1,0.2,True,17,23,1.0,0.9565217391304348,False,13000.0,0.000816171653785712,0.007435037389968979,0.7233464469685309
4875e8e74890131f,932b107a9e75e8ef,2686000.0,12,3019000.0,0.8896985756873137,2,1,0.5,False,7,12,1.0,1.0,True,7000.0,0.02891323880538244,0.03590797306633542,0.121613156114307
4998891c6eccbae1,577e3dd10256eff0,10685000.0,37,10783000.0,0.9909116201428174,6,6,1.0,True,36,2,1.0,1.0,True,163000.0,0.00011455040754887185,0.0005047377332622061,0.0037228882453383353
4998891c6eccbae1,c20b2afaab0569a0,6895000.0,34,6895000.0,1.0,3,3,1.0,True,29,1,1.0,1.0,True,78000.0,0.000218361714390037,0.0008125919535497683,0.0037801634491127713
49d18d93c10b1bc0,9db0d2f91ffc75a6,517000.0,38,517000.0,1.0,1,1,1.0,False,35,38,1.0,1.0,True,3000.0,0.0004617813304313897,0.0026990939778702705,0.004564117800775363
4a37d425982758d3,35fcee480d737cce,4285000.0,11,4710000.0,0.9097664543524416,1,1,1.0,False,6,11,1.0,1.0,True,59000.0,0.007155820771568589,0.026457564443553516,0.37661310241880347
4a6de3c3fb84580a,388b70e443a9d2ab,5765000.0,17,5765000.0,1.0,4,2,0.5,True,13,15,1.0,1.0,True,26000.0,0.0042562635804877695,0.012485994422827051,0.33723639982387876
4aa48e74d20b253c,90e22432339b0201,4390000.0,18,4390000.0,1.0,2,2,1.0,False,12,18,1.0,1.0,True,72000.0,0.0006676140939957688,0.002162138942484959,0.07197345294305055
4aca1c583b704ce5,788ed7c2cee1f3ab,173000.0,10,173000.0,1.0,1,1,1.0,False,3,6,1.0,1.0,True,3000.0,0.02126699910149524,0.09136110942069708,0.1732610711179046
4ae5a75cd6abbcf3,127affe9de4791d7,2719000.0,18,2719000.0,1.0,2,1,0.5,False,16,17,1.0,1.0,True,22000.0,0.0028494413877781875,0.01605495555802161,0.05806631752657033
4b51c4f880ad44b7,bf86a9e8efc3ceda,4071000.0,25,4131000.0,0.9854756717501816,4,1,0.25,True,6,25,1.0,1.0,True,11000.0,0.000583491138452066,0.000186144412266942,0.00467150880785243
4b57fab940e0a302,2f06705e39f4c0f8,6701000.0,19,7099000.0,0.9439357656007888,7,1,0.1428571428571428,True,7,7,1.0,1.0,True,9000.0,0.01159106936385147,0.008236890242811046,0.3306461716895827
4b73876cf3bff892,73de8742b12d5227,7182000.0,29,7182000.0,1.0,1,1,1.0,False,16,28,1.0,1.0,True,75000.0,0.0020547479354078887,0.012557588427545063,0.3054880384316617
4bc4cbdccb04258d,c65b1ce8f8724be5,2935000.0,12,2935000.0,1.0,4,1,0.25,True,5,12,1.0,1.0,True,36000.0,0.036233725787802526,0.053720561440185,0.233886874313145
4c2ff3884760684c,6b9a93f46d5cf3e2,2353000.0,17,2353000.0,1.0,14,9,0.6428571428571429,True,11,11,1.0,1.0,True,181000.0,0.001413981593181387,0.00732406668265595,0.07446850400747441
4cc8083148856c3e,3cc2cb8ffc41caa3,3467000.0,20,3467000.0,1.0,4,3,0.75,True,6,2,1.0,1.0,True,36000.0,0.0026060217717368346,0.010875129316671006,0.0690345190493748
4e731d75525f9b30,226f72abc1c3df96,1387000.0,20,1387000.0,1.0,1,1,1.0,False,20,20,1.0,1.0,True,12000.0,0.002691934577398489,0.014343858845260349,0.04429521071905439
4e76b632407d6f43,37936bb1a19e1754,3451000.0,18,3451000.0,1.0,1,1,1.0,False,8,0,1.0,,False,31000.0,0.004911348723657881,0.014984625187486778,0.1788597222868557
4e9b689eeac0fb4f,d7220877f04e6512,3617000.0,28,3941000.0,0.9177873636132962,20,1,0.05,True,20,28,1.0,1.0,True,6000.0,0.008967149090935125,0.005090333735452979,0.479346919488962
4ee67ef6ecca0555,20f0fb56e7906991,6603000.0,18,7165000.0,0.921563154221912,8,2,0.25,True,17,11,1.0,1.0,True,100000.0,0.0042670026811954765,0.005770476780274425,0.21573421441688473
4ef10ddcec117c1e,e2984b6ffaa808fb,3492000.0,14,3492000.0,1.0,1,1,1.0,False,9,14,1.0,1.0,True,18000.0,0.021109492291115542,0.034891338199339206,0.5422350932332927
4f928a3d9078364a,8768d682fd9163c7,3720000.0,22,3848000.0,0.9667359667359668,1,1,1.0,False,17,22,1.0,1.0,True,67000.0,0.0010130551667603355,0.0004904189323186037,0.21784623755606705
4f999bf2b0ae213f,c3c6be4271516fb7,1928000.0,15,1941000.0,0.9933024214322514,2,1,0.5,False,10,14,1.0,1.0,True,6000.0,0.017952196683049763,0.10736236947518019,0.21941414625939223
4fc92d59deaf597c,de4336f4b3399e70,2316000.0,15,2316000.0,1.0,2,2,1.0,False,5,15,1.0,1.0,True,60000.0,0.00235902245545958,0.01359570149595668,0.02511875655532606
4fd5a8392eb96b5f,31c10e2fdc6ecc5e,839000.0,10,969000.0,0.8658410732714138,5,1,0.2,True,7,10,1.0,1.0,True,27000.0,0.009661610936700161,0.04838322838845477,0.0452688891832198
4ffaa1d74f8ffac0,c371e49bdcbbd062,2666000.0,19,2666000.0,1.0,2,1,0.5,False,18,13,1.0,1.0,True,12000.0,0.0028637601887217964,0.02062981245950468,0.05919750280111544
501cc5ef2fb3b169,30adcf64842f6c8b,3401000.0,23,3401000.0,1.0,3,3,1.0,True,6,23,1.0,1.0,True,255000.0,0.0004653610306672919,0.0014390394948327057,0.10890879997708992
5070495369e160cf,abff53738c51780b,6794000.0,36,7566000.0,0.8979645783769495,6,2,0.3333333333333333,True,31,35,1.0,1.0,True,133000.0,0.00020046321321052574,0.001063170970062921,0.0349092367005187
5102da91c9b2c4f3,15bfc4723986c5c2,4952000.0,21,5349000.0,0.9257805197233128,16,1,0.0625,True,5,21,1.0,1.0,True,45000.0,0.0031501362075939763,0.004173930475061982,0.27768092699917307
5267daf856267cf6,5e83835bf7c59531,3724000.0,18,4324000.0,0.8612395929694727,1,1,1.0,False,15,18,1.0,1.0,True,9000.0,0.00011097070731296962,0.0018936614247923034,0.03655231910879783
52f1a4f08b251b5b,73201cec6327c8d7,2829000.0,21,3109000.0,0.909938887101962,4,1,0.25,True,16,21,1.0,1.0,True,39000.0,0.01652031658868886,0.016205302967929436,0.1579864902113097
530c45f460a50fe5,75616316b281cd1e,6287000.0,19,6287000.0,1.0,2,1,0.5,False,3,7,1.0,1.0,True,22000.0,0.011122128632948277,0.014508525056111776,0.16872559091901645
53553eb9493d052f,5c8873b539bf4db1,5790000.0,22,7087000.0,0.8169888528291237,1,1,1.0,False,19,22,1.0,1.0,True,78000.0,0.003858916854302621,0.007392080987138172,0.27528252784111856
53a5908ceb804d7e,75fbbe844b6f9f2b,156000.0,11,156000.0,1.0,1,1,1.0,False,10,7,1.0,1.0,True,3000.0,0.0021621389424849565,0.09225245477943678,0.2768898132470387
53c05ab452aee6eb,5ce3e8c711bebf17,1776000.0,11,1776000.0,1.0,5,1,0.2,True,7,11,1.0,1.0,True,37000.0,0.013409557083689811,0.12328845582470926,0.3760510894817668
53d1d421952d57ca,08a75896a0f307b9,135000.0,10,135000.0,1.0,1,1,1.0,False,8,9,1.0,1.0,True,2000.0,0.004077278568692657,0.08286648076090108,0.30970134560931867
53ff2c31e55d984e,ce3160170b181782,4831000.0,20,4831000.0,1.0,7,2,0.2857142857142857,True,15,0,1.0,,False,371000.0,0.0015929666049764994,0.003189512910188874,0.19217620716441206
549a38a787bc7e10,dc59fa6f02b09fe0,4180000.0,11,4180000.0,1.0,3,1,0.3333333333333333,True,9,10,1.0,1.0,True,30000.0,0.006386185220849606,0.013985888821670067,0.18725411934004646
550b05a35422cb83,324ade0f4ff44e73,4341000.0,10,4562000.0,0.9515563349408156,1,1,1.0,False,10,9,1.0,1.0,True,21000.0,0.0053301736512584436,0.01587955024646237,0.18551438502539797
5511a855e3cba23c,b06927d867ac6945,2397000.0,11,2397000.0,1.0,3,1,0.3333333333333333,True,3,9,1.0,1.0,True,7000.0,0.0451078026726042,0.0447748905506653,0.31317723453837976
5540141f0b11f0c5,99325de4ba00ab8b,3933500.0,13,3933500.0,1.0,2,1,0.5,False,8,13,1.0,1.0,True,54000.0,0.0153032185084821,0.0211989847970131,0.3267693563341006
5573ee7f7a679d61,a87209c4140de65f,171000.0,14,171000.0,1.0,8,1,0.125,True,11,1,1.0,1.0,True,2000.0,0.025047162550608012,0.019376917376938807,0.0808153125257291
55d8472af0c2c7ce,c4a4fc23a6de2b09,1396000.0,10,1396000.0,1.0,2,2,1.0,False,7,0,1.0,,False,72000.0,0.0021943562446080766,0.0094325101216024,0.11133941643726754
55e01bc20c2b4dfe,a89727aa79d61284,905000.0,10,905000.0,1.0,1,1,1.0,False,10,10,1.0,1.0,True,17000.0,0.007850282617333625,0.0542109803725036,0.10465611609683804
55f6cbec94c120f3,7009fd6e556d1eca,2879000.0,12,2879000.0,1.0,3,3,1.0,True,6,0,1.0,,False,238000.0,0.00042777417819031836,0.0047466825128064105,0.0537241411404209
561483c9a9d5e0a7,0678bfb7f6ea1424,4619000.0,25,5081000.0,0.9090730171226136,13,3,0.2307692307692307,True,20,21,1.0,1.0,True,67000.0,0.0014318800943608982,0.00621077990929042,0.34821534044739094
562e1d609b883479,cd292d4d75f40bc3,8560000.0,24,8592000.0,0.9962756052141528,1,1,1.0,False,24,23,1.0,1.0,True,12000.0,0.002212254745787588,0.0044101906906315325,0.2018485572018199
564db0da76f1abf7,180effe01fb70ded,2021000.0,17,2296000.0,0.8802264808362369,9,5,0.5555555555555556,True,15,15,1.0,1.0,True,92000.0,0.0018041689188947317,0.0216750849283881,0.06202904568771411
56dc98980f38f1f8,a40de5f6cb480112,1632000.0,15,1632000.0,1.0,1,1,1.0,False,13,9,1.0,1.0,True,9000.0,0.007495892293979302,0.033892601833522495,0.09425350721130613
570fbec9a2f0c3d0,439d03f84979f25c,10720000.0,14,10857000.0,0.9873814129133278,4,1,0.25,True,6,12,1.0,1.0,True,16000.0,0.004374393688272544,0.004302799683554515,0.11356598998399874
57254cefc8e0536e,ac1c92bcd87dcb62,2748000.0,14,3209000.0,0.8563415394203802,2,2,1.0,False,2,14,1.0,1.0,False,88000.0,0.0030821219031118333,0.023332486137610853,0.06348598368372632
5747fed12664ec03,6a32982aaf32a4f9,5006000.0,18,5089000.0,0.9836903124385932,2,1,0.5,False,14,17,1.0,1.0,True,50000.0,0.004993681829083632,0.014873654480173859,0.15293195347821573
5782d3e87447fbe1,0f60add9fe7bb120,2275000.0,21,2478000.0,0.9180790960451978,1,1,1.0,False,0,0,,,False,21000.0,0.0023912397575827,0.010223623873736765,0.033266154292239565
57bce007617e2fc4,0b6a0a27cc6b0a2d,3208000.0,10,3208000.0,1.0,5,3,0.6,True,8,10,1.0,1.0,True,292000.0,0.0022229938464952944,0.014068221927095781,0.24443983060858485
5828b7e28d77245d,fad2dbe4e38702c5,2870000.0,65,2870000.0,1.0,1,1,1.0,False,55,65,1.0,1.0,True,9000.0,0.00041882492760056275,0.0005011580330263055,0.004213307177656943
58e4417fc0ae5562,3d11234b5b1625e2,2137000.0,15,2137000.0,1.0,7,3,0.4285714285714285,True,9,15,1.0,1.0,True,200000.0,0.006210779909290396,0.01916213536278477,0.2563244353917803
58ea8529b28f6214,243acd67b2f94941,4023000.0,24,4023000.0,1.0,2,1,0.5,False,23,23,1.0,1.0,True,30000.0,0.0037407867465178465,0.01481637927639945,0.8279059111589996
590bdf54de4d3902,711a624edf8af675,3707000.0,45,3809000.0,0.9732213179312156,8,8,1.0,True,35,45,1.0,1.0,True,55000.0,0.00013602860896428534,0.00010381130684111728,0.010094754665244333
592dde7b3d344b96,b85aaf5e2ff3b06f,3075000.0,11,3075000.0,1.0,1,1,1.0,False,3,9,1.0,1.0,True,30000.0,0.006593807834531936,0.028977673409628646,0.2898125310986458
59c7d6ca2c95abe0,8e19d5cb72bcba3a,4114000.0,18,4464000.0,0.921594982078853,12,2,0.1666666666666666,True,15,18,1.0,1.0,True,75000.0,0.00256664506914191,0.01189534388390312,0.7923809660179056
5af27589af3bf642,c0a4e21d940b4893,3196000.0,26,3196000.0,1.0,15,10,0.6666666666666666,True,9,0,1.0,,False,187000.0,0.0003329121219389088,0.002047588534936029,0.033778051425973586
5af3becb4995e7a1,4cc40faf5cc70298,5811000.0,26,6097000.0,0.953091684434968,24,19,0.7916666666666666,True,13,25,1.0,1.0,True,962000.0,0.0002935354193439841,0.00016824591108743903,0.007227414776286634
5bfcc769835bc616,49b8504ff44a6f3d,833000.0,46,1004000.0,0.8296812749003984,5,5,1.0,True,46,46,1.0,1.0,True,11000.0,0.00027205721792857067,0.0020440088347001284,0.008301324847057307
5c6d0cd8263e0ab2,1fecd880e6598399,4792000.0,23,4830000.0,0.9921325051759834,4,1,0.25,True,20,8,1.0,1.0,True,34000.0,0.009890711751797905,0.009031583695181311,0.6527511786163027
5c76c13ab1852f6c,9e83c145a801eb83,2253000.0,18,2415000.0,0.9329192546583852,2,1,0.5,False,10,18,1.0,1.0,True,17000.0,0.006053273098910697,0.01845335471607612,0.06417328612901955
5c80c95ec49760e4,41c1e90362494e4d,5963000.0,48,5963000.0,1.0,2,1,0.5,False,47,47,1.0,1.0,True,20000.0,0.004338596685913521,0.0020762261368233448,0.08295597326679864
5cb65c964f065eda,fc7a3a6663bf2bbb,3469000.0,21,3824000.0,0.9071652719665272,2,1,0.5,False,18,21,1.0,1.0,True,69000.0,0.010305956979162565,0.023883759973939767,0.9751783585642538
5cdcc93f3d0d93da,e5362200ad3b5acd,2887000.0,14,3217000.0,0.8974199564811937,1,1,1.0,False,5,12,1.0,1.0,True,48000.0,0.0023876600573467977,0.006318170916367438,0.22606522929769862
5d40cb4af4ca5bed,7de53d4f8b0faa09,3334000.0,16,3518000.0,0.9476975554292212,2,1,0.5,False,3,0,1.0,,False,30000.0,0.00577047678027442,0.02162496912508549,0.252819908860832
5d446730924540d9,90420298078e307e,4834000.0,18,4873000.0,0.9919967166016828,1,1,1.0,False,4,17,1.0,1.0,True,13000.0,0.008709410673950164,0.019226569967030982,0.4204178942055392
5d5697c9f9911651,0e4bfdef06b427fc,5288000.0,22,5288000.0,1.0,5,2,0.4,True,13,22,1.0,1.0,True,77000.0,0.0020798058370592046,0.016974938518648397,0.6916052449767857
5d8999c65f9a69da,eaec4253376ed717,1629000.0,15,1629000.0,1.0,3,1,0.3333333333333333,True,7,15,1.0,1.0,True,13000.0,0.025816798101326994,0.12227898035818485,0.3829026357332837
5d8b3d2e18bd4b51,2eeadb1dac8cce79,3289000.0,13,3289000.0,1.0,4,1,0.25,True,0,0,,,False,88000.0,0.008856178383622156,0.013864179013649447,0.27041413552029153
5dfa3c3042c21615,0332eb6f1b18596a,5622000.0,24,5728000.0,0.9814944134078212,5,1,0.2,True,16,24,1.0,1.0,True,28000.0,0.0034723092288251782,0.01207074919546236,0.557491775638708
5e1375169a59617b,330d423933b6c447,278000.0,18,278000.0,1.0,5,5,1.0,True,16,0,1.0,,False,16000.0,0.0006371866419905997,0.13891384735442258,0.2319037203824552
5e1375169a59617b,a9a2f493c3290054,283000.0,18,283000.0,1.0,4,4,1.0,True,18,0,1.0,,False,13000.0,0.0006837227450573289,0.12849333996771106,0.40494642978596973
5e1375169a59617b,f41878ec538d58c5,222000.0,14,222000.0,1.0,4,4,1.0,True,10,0,1.0,,False,13000.0,0.0010810694712424782,0.09670560187289912,0.05473361660694533
5e9834fb2bc93e47,b7966be6ec8390e6,6029000.0,17,6742000.0,0.8942450311480273,1,1,1.0,False,7,14,1.0,1.0,True,15000.0,0.004241944779544161,0.016083593159908816,0.388787662921107
5eff9c154bddff38,3f8b1e7ebd435e4d,5808000.0,18,6264000.0,0.9272030651340996,2,1,0.5,False,7,18,1.0,1.0,True,30000.0,0.013846280512469885,0.017300691240115573,0.1712421201848557
5f00d25154ae3cfa,65b41cea753032f8,3718000.0,18,4176000.0,0.8903256704980843,1,1,1.0,False,13,17,1.0,1.0,True,47000.0,0.006278794213772539,0.024588960920412517,0.532373019083382
5f1ebf4519884483,93b3231ed5e58c4e,4381000.0,11,4381000.0,1.0,3,1,0.3333333333333333,True,6,0,1.0,,False,30000.0,0.009275003311222718,0.010341753981521595,0.2543520205617982
5f3b4e99eeb2a17c,34be26c1bf8b54e6,944000.0,12,964000.0,0.979253112033195,3,1,0.3333333333333333,True,12,12,1.0,0.9166666666666666,False,21000.0,0.024384918006966096,0.02918171632307509,0.21779612175276442
5f41ad0d7e47a849,4747902bb7864768,2819000.0,16,2819000.0,1.0,1,1,1.0,False,0,0,,,False,29000.0,0.006694039441137199,0.007886079619692676,0.10275171557133805
5f4fa4b5dc96fc17,5e63a8c46f1dfd09,1896000.0,46,2004000.0,0.9461077844311376,13,1,0.0769230769230769,True,38,46,1.0,1.0,True,10000.0,0.0076211818022358805,0.003991365763031052,0.028082748350653115
5fe43e1c6e568fc4,a94bcea27166e891,951000.0,10,951000.0,1.0,7,2,0.2857142857142857,True,7,9,1.0,1.0,True,43000.0,0.03425773125758449,0.13026529158448275,0.1511349439597928
6016c3c1fb5d2f5a,56e460362800559a,3056000.0,29,3427000.0,0.8917420484388678,2,2,1.0,False,25,29,1.0,0.9655172413793104,False,46000.0,0.0011132867733655983,0.002924615092732119,0.051136017869863576
6017fce83668ed63,aca9401dbd83f4e2,3697000.0,18,4449000.0,0.8309732524162733,11,10,0.9090909090909092,True,15,18,1.0,1.0,True,350000.0,0.0003042745200516909,0.00744219679044078,0.011326171546394705
60327a3bcd2deda6,b69fcac5e6216873,5203000.0,31,5753000.0,0.904397705544933,5,1,0.2,True,15,31,1.0,1.0,True,51000.0,0.0022086750455516855,0.006379025820377748,0.1090448285860542
613f459b37f859da,125df1c12a8089d9,1478000.0,10,1500000.0,0.9853333333333332,1,1,1.0,False,5,9,1.0,1.0,True,15000.0,0.003647714540384388,0.022154764759999,0.05587912068243405
614d9ddd45a79efa,78f3a7e0b6cad2cc,2635000.0,15,2766000.0,0.9526391901663052,1,1,1.0,False,5,15,1.0,1.0,True,70000.0,0.016058535258257473,0.03012317748511739,0.18274011734257373
614f47356bc24289,57785e54ac702f73,6091000.0,22,6091000.0,1.0,12,1,0.0833333333333333,True,6,0,1.0,,False,14000.0,0.0011884604783195456,0.003722888245338285,0.16729371082465555
61d5d88149b3e549,c2c38fab4e5825a9,282000.0,14,350000.0,0.8057142857142857,2,2,1.0,False,13,14,1.0,1.0,True,8000.0,0.0006747734944675733,0.040515047269941595,0.22114672117356893
61d5df55dbe2e4f4,ca1266418ab50a4a,744000.0,12,927000.0,0.8025889967637541,7,2,0.2857142857142857,True,8,0,1.0,,False,24000.0,0.01613012926297552,0.013398817982982147,0.0648820667757282
61dda3e904204151,41a7959c55d00df8,212000.0,13,212000.0,1.0,11,1,0.0909090909090909,True,13,13,1.0,1.0,True,3000.0,0.020422189845822312,0.017615704860874937,0.10483152140839726
62147df766261018,932992051910a741,2740000.0,13,2767000.0,0.9902421395012648,1,1,1.0,False,4,0,1.0,,False,49000.0,0.001603705705684206,0.004850493819647528,0.3114768769263262
62147df766261018,dfe52136c9ce4617,2896500.0,16,2896500.0,1.0,1,1,1.0,False,5,0,1.0,,False,11000.0,0.0014175612934172893,0.0034436716269379275,0.26545625069356693
623186ca279fbc21,f1a897b56a618b68,7016000.0,21,8140000.0,0.8619164619164619,2,2,1.0,False,15,21,1.0,1.0,True,218000.0,0.003994945463266906,0.005441144358571459,0.22821304943923995
6259804d7eece5e4,d063e44fc533c69b,3309000.0,16,3859000.0,0.8574760300596009,11,2,0.1818181818181818,True,0,16,,1.0,False,61000.0,0.0061427656048082535,0.013402397683218048,0.3377661954587923
6296e68f90a01e31,0d4cacf25abf0ac9,4039000.0,24,4039000.0,1.0,10,1,0.1,True,14,24,1.0,1.0,True,50000.0,0.0009056641596832682,0.011261736942148493,0.17448174889834725
62ae3042c75fb88e,a7e43bc69ddf6192,4144000.0,14,4144000.0,1.0,4,1,0.25,True,8,14,1.0,1.0,True,34000.0,0.008201093240452045,0.011741416773759394,0.05171234960784384
62af3e1f62497a6a,244a10d8179b625c,1932000.0,12,2057000.0,0.9392318911035488,6,1,0.1666666666666666,True,8,12,1.0,1.0,True,26000.0,0.007392080987138137,0.05587196128196226,0.29021345752506683
62f573e0eedf4b4d,edaf4503a04081d1,2319000.0,10,2720000.0,0.8525735294117647,4,1,0.25,True,0,0,,,False,35000.0,0.0035546423342509297,0.02678331716502058,0.14106166749596388
62fbe396a6267c06,7d8636e67ca5a33f,4354000.0,11,4354000.0,1.0,2,1,0.5,False,11,9,1.0,1.0,True,55000.0,0.02434196160413527,0.02841208077235613,0.5149756759368971
631e2df1e557a7a9,06444748bf47ebfe,4811000.0,20,4811000.0,1.0,8,3,0.375,True,12,20,1.0,1.0,True,121000.0,0.006783531947034755,0.010628130000393754,0.5118219600290672
635a364e8150d97e,c71571d425569ed3,1807000.0,12,2183000.0,0.8277599633531837,2,1,0.5,False,1,12,1.0,1.0,False,11000.0,0.03176268019316063,0.039462615400586376,0.4335840316731877
636b046f4ee3e193,47cf9099395f391d,2701000.0,11,2701000.0,1.0,1,1,1.0,False,2,0,1.0,,False,93000.0,0.005716781276735886,0.02770687982588338,0.513439984535695
63e10e3a62225f7a,b34239d6206b48ef,2493000.0,17,2801000.0,0.8900392716886826,8,1,0.125,True,14,16,1.0,0.9375,False,28000.0,0.009317959714053544,0.01119372263766627,0.546580849319678
641080991e7e42cd,e8a41e21c7e934ff,8161000.0,29,8646000.0,0.9439046958130928,4,1,0.25,True,29,29,1.0,1.0,True,17000.0,1.789850117951123e-05,7.159400471801192e-05,0.002856600788249992
641b91899a4823cd,cb4211af4ad17412,2770000.0,24,3277000.0,0.8452853219407995,3,1,0.3333333333333333,True,14,19,1.0,1.0,True,14000.0,0.003941249959728372,0.03373509502314276,0.23940319237667038
64a569f74282e871,24216cb69bf82917,4252000.0,28,4689000.0,0.90680315632331,2,1,0.5,False,21,28,1.0,1.0,True,50000.0,0.001646662108515033,0.0068479665512809484,0.14289447401674585
650e55d8a93e7afa,6018142ad7cd7f3b,243000.0,20,272000.0,0.8933823529411765,3,3,1.0,True,18,0,1.0,,False,6000.0,0.0010989679724219895,0.04246598389850831,0.4028165081456079
650e55d8a93e7afa,d6f9e28555ec2d87,240000.0,20,240000.0,1.0,3,3,1.0,True,19,2,1.0,1.0,True,6000.0,0.0005369550353853368,0.01711096712761273,0.3204476057174972
652280701c4d0c32,9ff175949ae3d953,436000.0,35,463000.0,0.9416846652267818,12,8,0.6666666666666666,True,0,0,,,False,17000.0,0.0028100646851832627,0.0024162976592340124,0.018052428289655024
652b8592922e96f3,d01acdaf46e9450d,213000.0,13,231000.0,0.922077922077922,1,1,1.0,False,2,0,1.0,,False,3000.0,0.022115388057404074,0.02377636896686275,0.10254051325741982
65448c15c7893964,f850985161f80350,2125000.0,19,2252000.0,0.9436056838365896,8,8,1.0,True,13,19,1.0,1.0,True,243000.0,0.0006586648434060132,0.0021943562446080644,0.08071150121888793
6557188168976dcc,92c89aa160d89fda,3678000.0,20,3678000.0,1.0,2,1,0.5,False,16,19,1.0,1.0,True,74000.0,0.011483678356774404,0.02705895408318504,0.33897613413852723
65598346eed03ca9,49cf3bed543cc8bc,5295000.0,15,5295000.0,1.0,2,2,1.0,False,1,0,1.0,,False,71000.0,0.0007195197474163513,0.002384080357110907,0.04994397769130813
66181cd6c6d38f4c,ff20d667d904821e,1973000.0,15,2384000.0,0.8276006711409396,2,2,1.0,False,11,15,1.0,1.0,True,33000.0,0.0013459672886992444,0.004474625294877854,0.1318510987889874
669d9b2c856806dc,635b675a672da420,1880000.0,15,1880000.0,1.0,10,2,0.2,True,9,15,1.0,1.0,True,36000.0,0.013223412671422895,0.03194166520495578,0.2427931685000698
66bb0e76a8ac1a8c,2f47496102d143c7,1162000.0,26,1262000.0,0.9207606973058636,8,7,0.875,True,21,24,1.0,1.0,True,85000.0,0.00084480925567293,0.011852387481072313,0.017955776383285663
66e8063f62fd5fde,243e6f09e5604bc0,3400000.0,18,3467000.0,0.980674935102394,14,2,0.1428571428571428,True,18,18,1.0,1.0,True,39000.0,0.002115602839418227,0.008616338467816731,0.527100120635898
66fe6ab57938a829,2c7d6b9805c0d4b1,4626000.0,17,5190000.0,0.8913294797687862,1,1,1.0,False,0,0,,,False,50000.0,0.00044388282925187847,0.002083385537295146,0.11242406560874592
6766e19d67dc40db,2b4e57ed307f085f,2565000.0,12,2565000.0,1.0,9,4,0.4444444444444444,True,7,4,1.0,1.0,True,131000.0,0.004059380067513147,0.033416501702147494,0.08518612651376574
679e5be8a5c259d1,ea79424362ac4271,3812000.0,29,3812000.0,1.0,6,2,0.3333333333333333,True,11,0,1.0,,False,55000.0,0.002316066052628753,0.015908187848349575,0.17348301253253054
67b63b78c322e8c3,64b5cbd64be69787,521000.0,25,559000.0,0.9320214669051878,4,2,0.5,True,18,0,1.0,,False,5000.0,0.003164455008537585,0.01645588198444259,0.0227955311022255
67b9cf3a34c0fe23,6a9ac5933ce3d9c4,3676000.0,22,3676000.0,1.0,7,1,0.1428571428571428,True,8,22,1.0,1.0,True,11000.0,0.006522213829813891,0.0254266107756137,0.23826484770165346
67cd94cdf164f11b,19b5b78554185f46,1516000.0,10,1516000.0,1.0,1,1,1.0,False,8,9,1.0,1.0,True,12000.0,0.024112860789037526,0.13735667775180505,0.40387251971519905
68424688fda73f91,c853c7ff4a0b3985,1108000.0,24,1161000.0,0.954349698535745,3,1,0.3333333333333333,True,24,24,1.0,1.0,True,8000.0,0.007542428397046032,0.006593807834531895,0.06100525142024607
6845b4cab6af40fc,36c20b1408d0c6dc,1631000.0,12,1737000.0,0.9389752446747266,2,2,1.0,False,2,12,1.0,1.0,False,54000.0,0.010080435864300723,0.032550214245059106,0.10041059161705798
68d17ea3b35d88bd,632220c6f14a78f2,4424000.0,23,5081000.0,0.8706947451289117,5,4,0.8,True,1,23,1.0,1.0,False,79000.0,0.00017898501179511227,0.001861444122669198,0.05489828281779684
69004c76187d6ded,40f29be1d7b5e025,4926000.0,13,4926000.0,1.0,2,1,0.5,False,12,13,1.0,1.0,True,25000.0,0.015689826133959542,0.028046951348294047,0.45727090813415283
691d87571b27e416,899c08fe696953d9,1909000.0,17,2077000.0,0.9191141068849302,2,1,0.5,False,14,17,1.0,1.0,True,9000.0,0.010878709016906924,0.05016233940569814,0.5128779715986583
692ad67d675af131,2c530297e415a5a3,4491000.0,38,5457000.0,0.822979659153381,3,1,0.3333333333333333,True,32,38,1.0,1.0,True,27000.0,0.0022963777013312904,0.003837438652887215,0.10784204930679105
69302d5077fa8f7d,e4c207149e4664ba,2178000.0,19,2178000.0,1.0,4,1,0.25,True,16,1,1.0,1.0,True,6000.0,0.006346808518254681,0.03509538111278565,0.44706876246183147
69331f1204125db6,e0ac62c09680fbef,4375000.0,29,4375000.0,1.0,21,1,0.0476190476190476,True,21,27,1.0,1.0,True,504000.0,0.006575909333352425,0.0022623705490901758,0.10847207654830984
69770092e1970fcb,ae5264d4cf91cc04,7067000.0,26,7067000.0,1.0,1,1,1.0,False,6,26,1.0,1.0,True,268000.0,0.001342387588463342,0.002348283354751901,0.07204504694776859
69779ff16deb068b,f2c6b241fd5b1c60,2031000.0,22,2269000.0,0.8951079770824152,1,1,1.0,False,13,22,1.0,1.0,True,24000.0,0.0005083174334981189,0.0030964407040554587,0.1337554993144874
69878630830f9545,1d7eeaea69546c96,4118000.0,20,4118000.0,1.0,1,1,1.0,False,20,18,1.0,1.0,True,48000.0,0.0008949250589755614,0.006697619141373123,0.03266118495237209
6ab382d48ce5fb4c,441fb4d1592c46ac,7707000.0,33,8050000.0,0.957391304347826,4,1,0.25,True,18,33,1.0,1.0,True,40000.0,0.0023948194578186023,0.005344492452202032,0.28989486420407157
6ac85211ad5c5789,c8185a3bf4012dae,6465000.0,28,7462000.0,0.8663897078531225,2,2,1.0,False,26,28,1.0,1.0,True,237000.0,0.0018256471203101452,0.0064935762279266784,0.3770068694447527
6ad715afdcfe57f9,b9a01233c74d574e,4654000.0,15,4654000.0,1.0,1,1,1.0,False,0,15,,1.0,False,43000.0,0.01643798348326311,0.015217305702820427,0.27429453057600955
6aded85febbe0811,1e63f1199f154113,2686000.0,13,3062000.0,0.8772044415414761,7,1,0.1428571428571428,True,12,13,1.0,1.0,True,29000.0,0.0074135591885535505,0.03122930485801123,0.4006078331000562
6b0c8f384a5b4b63,5489882f2e670d31,4928000.0,20,4928000.0,1.0,1,1,1.0,False,19,19,1.0,1.0,True,47000.0,0.007034110963547912,0.015661188532072323,0.39736104498609287
6b3f8e09f924f653,be9f19ebccad4e4c,2881000.0,15,2881000.0,1.0,10,1,0.1,True,14,15,1.0,1.0,True,33000.0,0.007746471310492459,0.02050452295124805,0.6344016352070677
6b96314ab2f71696,40df79b23f418fd3,7204000.0,23,7706000.0,0.9348559563976122,4,1,0.25,True,19,0,1.0,,False,42000.0,0.0006228678410469908,0.003386396423163518,0.34217280644918796
6c3e951551c12ec1,2653d86b3599e3e5,1749000.0,13,1944000.0,0.8996913580246914,8,7,0.875,True,1,0,1.0,,False,176000.0,0.001048852169119358,0.0045426395993599655,0.022340909172265916
6c8533530b02081f,851058e0c4cde4c3,3007000.0,23,3007000.0,1.0,5,1,0.2,True,15,23,1.0,1.0,True,7000.0,0.0027492097811729244,0.020407871044878734,0.054096429964954736
6c8ced2cf26b6f46,7d35d514237c54db,4108000.0,16,4108000.0,1.0,2,1,0.5,False,2,16,1.0,1.0,False,84000.0,0.011838068680128726,0.02636449223741999,0.49439955898093096
6c8e364fb0fb7829,4859e088597639d1,487000.0,16,487000.0,1.0,2,1,0.5,False,1,7,1.0,1.0,False,5000.0,0.021864809040890915,0.0786853908853673,0.14691089768142815
6c8e364fb0fb7829,fe6b99a9acd39e52,960000.0,32,960000.0,1.0,5,1,0.2,True,8,2,1.0,1.0,True,6000.0,0.01659191059340691,0.03367066041889655,0.06405157632099888
6d7d25c60ddbd492,2c8afc9c832f8e8d,2523000.0,14,2629000.0,0.9596804868771396,8,8,1.0,True,0,0,,,False,416000.0,0.00024699931627725495,0.002244472047910673,0.041077060206978266
6da2f3bc67076d42,782b2d8772d03c02,5675000.0,31,5709000.0,0.9940444911543176,17,4,0.2352941176470588,True,27,31,1.0,1.0,True,203000.0,0.002069066736351498,0.003518845331891951,0.17132803299051738
6f1e0d978d704b69,3a9c2d8f0a34b527,9501000.0,31,9501000.0,1.0,10,1,0.1,True,10,30,1.0,0.9666666666666668,False,50000.0,0.002738470680465218,0.003493787430240647,0.1091844368952544
6f526beed95fdd67,286c14b06fc578ed,4032000.0,26,4248000.0,0.9491525423728814,2,2,1.0,False,16,26,1.0,1.0,True,54000.0,0.0007982731526062007,0.00021120231391824618,0.1387098044409761
6f7fc240b74a331a,fccd674510b6b0ab,4948000.0,15,4948000.0,1.0,3,1,0.3333333333333333,True,8,15,1.0,1.0,True,54000.0,0.02437775860649429,0.019291004571277193,0.5997501369235341
6fae53bfe634719d,acde1efc053db3db,3547000.0,12,3547000.0,1.0,7,1,0.1428571428571428,True,0,0,,,False,74000.0,0.016334172176421947,0.02208675045551689,0.3011780793476354
6fce203ad5c0bfa7,972484c8e6c56943,3784000.0,23,4214000.0,0.8979591836734694,2,1,0.5,False,1,0,1.0,,False,34000.0,0.0077357322097847524,0.026264260630814773,0.8186702845503717
6ff810634c4c05d2,75ec5c4f995b8146,3472000.0,19,3690000.0,0.9409214092140922,13,5,0.3846153846153846,True,12,16,1.0,1.0,True,163000.0,0.007656978804594903,0.013720991004213312,0.3514442300601748
7002509aee1d9147,9f606fb59c768afa,266000.0,10,266000.0,1.0,5,1,0.2,True,10,9,1.0,1.0,True,8000.0,0.023264471833128693,0.08678983221944991,0.04831521408397261
702c7e2cfa677e36,c737c5d4aefd3936,1147000.0,10,1147000.0,1.0,6,1,0.1666666666666666,True,10,9,1.0,1.0,True,14000.0,0.03336280619860893,0.13818000880606263,0.07431099719709472
709d587d6d63c90f,4ab83b03e3c1712a,4407000.0,30,4738000.0,0.9301392992823976,1,1,1.0,False,28,27,1.0,1.0,True,41000.0,0.0028816586899013076,0.007878920219220875,0.7175079558837743
70c7caba889c36e5,0caff602343cf5e9,8749000.0,30,8749000.0,1.0,19,2,0.1052631578947368,True,20,26,1.0,1.0,True,90000.0,0.0015750681037969881,0.0019222990266795081,0.19261293059319212
70e4db8ce1ebdc4a,99651ca2bb68f824,2156000.0,10,2156000.0,1.0,1,1,1.0,False,2,10,1.0,1.0,False,24000.0,0.02485385873786929,0.1027302373699226,0.1165299817793258
70e6be43ef2f72ee,0c8f7f6584f62bfc,263000.0,11,263000.0,1.0,9,9,1.0,True,11,11,1.0,1.0,True,43000.0,0.0007302588481240581,0.043973037697823236,0.09881046561160968
70f3ac4afc425606,93e7e4b6f68aec61,6356000.0,28,6356000.0,1.0,23,5,0.217391304347826,True,15,0,1.0,,False,160000.0,0.0005083174334981189,0.0027169924790497735,0.19658639785504362
712c8700d2a2a27b,7c3048b6ec5bac30,3428000.0,13,3428000.0,1.0,2,1,0.5,False,0,12,,1.0,False,27000.0,0.0191299180606616,0.029804584164122128,0.13129266555218666
714ba71f9d39c8c3,e5c2513e70976dd5,3665000.0,19,3909000.0,0.9375799437196214,2,1,0.5,False,10,19,1.0,1.0,True,63000.0,0.016122969862503715,0.02268098069467661,0.22784076061470612
7151c25c5d32e70d,12565637e55f4285,1989000.0,13,1989000.0,1.0,5,1,0.2,True,10,11,1.0,1.0,True,16000.0,0.026547056949451052,0.08927056448293025,0.5207533121176433
71bd2702b4dec081,a86bef374bc7b8e6,6916000.0,47,7133000.0,0.9695780176643768,27,5,0.1851851851851851,True,44,44,1.0,1.0,True,172000.0,0.0005154768339699233,0.001843545621489695,0.037841011193722636
71f11ba124e67bc7,bd1b99278dc3cabe,4784000.0,26,5020000.0,0.9529880478087648,6,2,0.3333333333333333,True,15,26,1.0,1.0,True,47000.0,0.00204042913446428,0.016488099286565694,0.41564257409084565
71f907d84aae70ac,0aa966d8bf9cbe03,4781000.0,23,4781000.0,1.0,2,1,0.5,False,21,0,1.0,,False,17000.0,0.0014247206938890937,0.007900398420636279,0.6207092818047417
7246ed9979c3be0f,b607e4dccf9c8af1,8056000.0,36,8056000.0,1.0,2,1,0.5,False,19,32,1.0,1.0,True,36000.0,0.0056523466724896455,0.004499683196529158,0.2415223749163245
7271bcbbcf374cea,c911b89052c92416,1828000.0,14,1828000.0,1.0,8,3,0.375,True,12,13,1.0,1.0,True,421000.0,0.0034758889290610806,0.005727520377443618,0.04025014945248485
72f0e6c478e612e5,c832b2f342e2a8fe,4802000.0,27,4802000.0,1.0,11,2,0.1818181818181818,True,25,14,1.0,1.0,True,21000.0,0.003687091242979313,0.0049328269250732415,0.0382634158215591
730d8a7145a50272,1a2fbde4f7fe5c8d,7387800.0,82,8810400.0,0.8385317352220103,12,2,0.1666666666666666,True,82,81,1.0,1.0,True,96000.0,0.0017826907174793183,5.727520377440953e-05,0.006081910700797915
73b3e76f1ec870f6,28d0c35c3e8fb253,8464000.0,13,8464000.0,1.0,2,1,0.5,False,2,0,1.0,,False,25000.0,0.0029460932941475482,0.005616549670130588,0.11978750899399684
743aa3ba7e6d60e5,f52adb0f688c8af5,5449000.0,22,5449000.0,1.0,12,1,0.0833333333333333,True,18,1,1.0,1.0,True,10000.0,0.006085490401033817,0.006078331000561987,0.5403485912089722
74df8a854abf23fb,6face5813cf5679d,440000.0,11,440000.0,1.0,5,1,0.2,True,1,0,1.0,,False,6000.0,0.04930321134908163,0.012443038019996244,0.13793658919002122
7520e500419b8375,31a32af796127af0,6458000.0,32,6458000.0,1.0,4,1,0.25,True,10,31,1.0,0.1612903225806451,False,31000.0,0.0034973671304764937,0.006583068733824193,0.19123116630213385
752bec30860e74e3,10afd4bbab90d856,486000.0,15,486000.0,1.0,3,1,0.3333333333333333,True,14,15,1.0,1.0,True,8000.0,0.01497030638654319,0.01359928119619258,0.30140718016273316
755a3f9cf6916c74,4371b859b14a53d1,1962000.0,13,1962000.0,1.0,6,1,0.1666666666666666,True,0,13,,1.0,False,7000.0,0.031891549401653105,0.07845986977050545,0.4147798663339932
75ad28c6e1a45b62,ed65b71c68a90c16,12313000.0,16,12313000.0,1.0,6,2,0.3333333333333333,True,0,0,,,False,290000.0,0.0007374182485958625,0.0005441144358571126,0.008100861633846781
75cbc3a1f0cd5b16,21fbae063205e268,3149000.0,20,3678000.0,0.8561718325176726,1,1,1.0,False,6,20,1.0,1.0,True,16000.0,0.008387237652718961,0.02764960462210897,0.47751411296818
75d8368a90a01ee7,10e30ce0aa5e4e93,2379000.0,13,2643000.0,0.9001135073779796,7,6,0.8571428571428571,True,4,0,1.0,,False,418000.0,0.0009665190636936063,0.006991154560717083,0.03128658006178563
75fe75ad477196aa,0343be259256f03c,10507000.0,28,11453000.0,0.9174015541779448,12,1,0.0833333333333333,True,27,14,1.0,1.0,True,8000.0,0.0015840173543867438,0.0015464305019097235,0.040071164440689734
7624066a8590f580,77ffd2e720352b48,1017000.0,28,1017000.0,1.0,2,1,0.5,False,1,0,1.0,,False,5000.0,0.008899134786452982,0.02782500993366821,0.1200452474109818
7655151edaeda42a,ea5f99e90d5b6c1b,1976000.0,19,1976000.0,1.0,2,1,0.5,False,5,0,1.0,,False,21000.0,0.0038123807512358914,0.011755735574702997,0.21501827436970428
76b838517a5803d0,d8c18320795c6631,5638000.0,22,6253000.0,0.901647209339517,13,4,0.3076923076923077,True,22,13,1.0,1.0,True,145000.0,0.0002362602155695482,0.0026024420715009544,0.01460159726224526
76e0a779dca0df05,b3394fd3ea0c5de7,2828000.0,14,2828000.0,1.0,4,2,0.5,True,9,0,1.0,,False,119000.0,0.002333964553808264,0.01242155981858084,0.1603992081703078
7707c4f348f529b0,03551630dc509b3b,3606000.0,17,3606000.0,1.0,4,3,0.75,True,16,16,1.0,1.0,True,75000.0,0.0001252895082565786,0.001081069471242424,0.009912189953213317
7770ea7c2e737125,8f219d55df85abce,7646000.0,14,7646000.0,1.0,4,2,0.5,True,8,0,1.0,,False,67000.0,0.002344703654515971,0.005995997895136274,0.1316721137771923
77b509ea271c316f,a89da6372bcf8e63,1811000.0,10,1811000.0,1.0,7,3,0.4285714285714285,True,9,9,1.0,1.0,True,100000.0,0.006178562607167276,0.025211828761459554,0.026801215666200112
77fd51050b5e54c6,17a00eedbc00048c,2819000.0,17,3090000.0,0.9122977346278316,2,2,1.0,False,7,17,1.0,1.0,True,47000.0,0.002899557191080819,0.007116444068973715,0.1833236084810258
78283aec611fa5de,f8227a389fc20425,2408000.0,31,2589000.0,0.9300888373889532,2,2,1.0,False,29,30,1.0,1.0,True,16000.0,0.0011276055743092075,0.0064756777267471755,0.0945363035299424
78435123228eb2d8,c9a56d78f266aaec,2619000.0,18,2619000.0,1.0,2,1,0.5,False,18,18,1.0,1.0,True,12000.0,0.005050957032858069,0.01557885542664661,0.5442504644661056
78a16b1a31447308,70d2c8a10b2d7d6a,3131000.0,19,3205000.0,0.9769110764430576,7,1,0.1428571428571428,True,13,17,1.0,1.0,True,19000.0,0.010119812566895647,0.00948978532537681,0.14947038335009827
78b9f02b43b3224a,ac7cd18a138a9b8c,5937000.0,16,6152000.0,0.9650520156046816,11,1,0.0909090909090909,True,6,15,1.0,1.0,True,11000.0,0.011762894975174779,0.0035403235333073546,0.021628548825321368
78f79958df9b2a63,e11e49ee17f7eb45,1287000.0,14,1287000.0,1.0,1,1,1.0,False,11,14,1.0,1.0,True,6000.0,0.023117704123456703,0.06996882081094524,0.4110176013860599
796579284a028e73,aba671b385d15e93,4759500.0,17,5335500.0,0.8920438571830194,3,1,0.3333333333333333,True,17,17,1.0,1.0,True,53000.0,0.009615074833633431,0.008634236968996234,0.07950156253915297
79a2d1ada99a47e6,86280de20f12f1ca,1284500.0,10,1284500.0,1.0,4,1,0.25,True,9,10,1.0,1.0,True,42000.0,0.03476962839131851,0.12321686181999114,0.13315410967485583
7a30b1d7b9ab3837,5d586dd04074199e,2129000.0,12,2155000.0,0.9879350348027842,2,1,0.5,False,1,0,1.0,,False,25000.0,0.006665401839249982,0.017608545460403136,0.220960576761302
7a4a26be240c1c7e,903ce8bd6167062f,979000.0,10,1051000.0,0.9314938154138916,1,1,1.0,False,10,0,1.0,,False,14000.0,0.014701828868850523,0.02151041871753656,0.15560956925467062
7a75ee4be7ebae76,f9fdc40d987d52ef,5163000.0,26,5438000.0,0.9494299374770137,6,1,0.1666666666666666,True,7,17,1.0,1.0,True,30000.0,0.016631287296001832,0.004617813304313878,0.09786184504909559
7ad9ab73a7738f38,13be0196e8af7971,285000.0,10,354000.0,0.8050847457627118,1,1,1.0,False,1,0,1.0,,False,11000.0,0.015492942620984919,0.06339649117782875,0.16740826123220443
7b193f40468dc47b,3945d8faddd0b943,3519000.0,18,3519000.0,1.0,2,1,0.5,False,16,16,1.0,1.0,True,8000.0,0.006862285352224605,0.02618192752538906,0.8804809685236958
7bb07e94d0706fca,d5e6a4de2d95b199,4308000.0,34,4308000.0,1.0,27,1,0.037037037037037,True,34,33,1.0,1.0,True,11000.0,0.0015464305019097702,0.0017791110172433733,0.0959753430247751
7be9be4d4b4efb07,62304160c4f8336c,2453000.0,15,2453000.0,1.0,2,1,0.5,False,13,15,1.0,1.0,True,24000.0,0.019935350613739605,0.10566201186312663,0.5858286827061102
7befb7ce8e219542,73ff5ba45a062901,2887000.0,74,2887000.0,1.0,9,2,0.2222222222222222,True,70,72,1.0,1.0,True,14000.0,0.00037944822500563804,0.0002684775176926557,0.01587597054622646
7c0b132411b37fa6,190ac40c60535ce9,1401000.0,75,1418000.0,0.9880112834978844,1,1,1.0,False,63,68,1.0,1.0,True,3000.0,0.0010953882721860871,0.0009522002627500026,0.028437138674007437
7c5d2cc3cd5f1a7a,a0a799d3c975f8cb,3220000.0,29,4002000.0,0.8045977011494253,13,1,0.0769230769230769,True,17,29,1.0,1.0,True,6000.0,0.0011526634759605231,0.0027456300809369782,0.04100188650202432
7c67f3e9755d8011,b438605c19e0f40f,1976000.0,17,1976000.0,1.0,3,3,1.0,True,1,0,1.0,,False,84000.0,0.0030212669991014954,0.008158136837621233,0.03439733956678468
7c96704e6d65a1f2,141d2661dd9e2f24,2749000.0,12,2749000.0,1.0,4,1,0.25,True,9,12,1.0,1.0,True,64000.0,0.020941246380028138,0.04258769370652904,0.36192917205113245
7ca97f833c98da2b,775f210985a7df0f,5343000.0,24,5343000.0,1.0,5,1,0.2,True,23,23,1.0,1.0,True,27000.0,0.002187196844136272,0.011562431761964254,0.7908058979141087
7caabe6182fe2d7e,6fd4886cba0cb53e,4791000.0,13,4954000.0,0.9670972951150584,1,1,1.0,False,9,12,1.0,1.0,True,16000.0,0.0027850067835319472,0.010592332998034748,0.057873013713831606
7cbc846d43d34882,188c8572157d9bc0,3669000.0,17,3669000.0,1.0,2,2,1.0,False,1,0,1.0,,False,131000.0,0.0009307220613345838,0.00351168593142015,0.2674895204275594
7cecdc4ec7bc4896,dd38e4cc5c3245cb,4996000.0,25,4996000.0,1.0,3,2,0.6666666666666666,True,11,0,1.0,,False,83000.0,0.0005620129370366526,0.01230342971079601,0.3701445840925281
7d1d9b966b4b5895,ccabff2a8915c5b2,1778000.0,11,2211000.0,0.804161013116237,3,1,0.3333333333333333,True,2,0,1.0,,False,12000.0,0.007871760818749038,0.05266454987059388,0.304489302065845
7d6db36b90de1f8d,c24856f62c357cf6,2056000.0,15,2056000.0,1.0,2,1,0.5,False,14,0,1.0,,False,24000.0,0.014748364971917251,0.016853228710627777,0.3347914645627575
7d8c729a2e71dd57,0d988d51dd590144,1183000.0,14,1183000.0,1.0,2,1,0.5,False,11,14,1.0,1.0,True,8000.0,0.016412925581611795,0.09732846971394615,0.11514105808779573
7e95a457342c949e,231ffd702ff5c31f,9778000.0,26,10057000.0,0.9722581286666004,13,1,0.0769230769230769,True,21,26,1.0,1.0,True,16000.0,0.000612128740339284,0.000522636234441709,0.1138273081012196
7e99b26f5c47fe67,af5e195f902fa804,2408000.0,21,2643000.0,0.911085887249338,20,1,0.05,True,19,0,1.0,,False,28000.0,0.00650431532863438,0.0032324693130196813,0.20833139432903888
7f333f7c103736a7,03fd4613e3f758d5,2181000.0,10,2336000.0,0.9336472602739726,4,1,0.25,True,7,10,1.0,1.0,True,40000.0,0.01997114761609863,0.0673842772406239,0.18542131281926452
7f54310cfebf1d02,7d1bfc826998c298,3687000.0,16,3805000.0,0.968988173455979,7,2,0.2857142857142857,True,3,16,1.0,1.0,True,44000.0,0.009761842543305423,0.017594226659459533,0.702577026199826
805e0c5af0b56102,47027243d97be04b,3520000.0,10,3520000.0,1.0,2,1,0.5,False,7,10,1.0,1.0,True,19000.0,0.020321958239217047,0.04020003364918223,0.3557792470458524
80d694c9dfbe3788,3c5dfe29b623ec07,1248000.0,11,1443000.0,0.8648648648648649,2,1,0.5,False,9,6,1.0,1.0,True,6000.0,0.02599936281335801,0.12138405529920926,0.3135208857610264
80e7bf547d5afed2,5f003f832bca7a2d,5235000.0,21,5255000.0,0.9961941008563272,11,1,0.0909090909090909,True,16,21,1.0,1.0,True,30000.0,0.00897430849140693,0.0077607901114360445,0.7915791131650636
81133825b6933420,8039bb522ef81566,1910000.0,21,1910000.0,1.0,3,1,0.3333333333333333,True,21,21,1.0,1.0,True,10000.0,0.0040701191682208536,0.019251627868682286,0.019842278407606148
8189ad1b763bb18f,2b050daf507bd7ba,5750000.0,19,6225000.0,0.923694779116466,11,2,0.1818181818181818,True,9,19,1.0,1.0,True,47000.0,0.0033577588212763063,0.009636553035048845,0.31177041234567016
81c8bf7f210fcb4d,855b14cc6ca619b0,3568000.0,19,3754000.0,0.9504528502930208,8,1,0.125,True,14,14,1.0,1.0,True,36000.0,0.010971781223040383,0.01774099436913157,0.27081864164694847
81e1d1888584952c,3ecf0213a3c8ad81,1836000.0,10,1836000.0,1.0,1,1,1.0,False,0,0,,,False,14000.0,0.005720360976971788,0.03777299688924052,0.21005680984274377
823e4a1036ba76c6,ef042b1e2b6ad08f,2134000.0,12,2134000.0,1.0,2,1,0.5,False,10,11,1.0,1.0,True,40000.0,0.02899557191080819,0.058971981686253616,0.8242045011150766
823fef2f5c497b22,e23583e341225708,2594000.0,23,2594000.0,1.0,4,1,0.25,True,18,22,1.0,1.0,True,5000.0,0.005362390953381564,0.013509788690295066,0.3400035081062312
832f3ae42af5c107,bd3ce35b9e761100,370000.0,16,370000.0,1.0,6,2,0.3333333333333333,True,14,11,1.0,1.0,True,7000.0,0.0022408923476748056,0.037883967596553436,0.04618171274337487
832ff42d8fa1e677,0cddb4dc9c268c56,5498000.0,21,5498000.0,1.0,1,1,1.0,False,3,0,1.0,,False,22000.0,0.0011419243752528163,0.013796164709167225,0.5106084416490964
8389123f6b90a9f1,a5ad83724cd4fc58,2430000.0,11,2691000.0,0.903010033444816,6,1,0.1666666666666666,True,11,11,1.0,1.0,True,79000.0,0.026779737464784698,0.0471052754042377,0.20759755578067893
83d08e845496ece2,3878b58d604fc3ee,3729000.0,29,3876000.0,0.9620743034055728,4,1,0.25,True,21,20,1.0,1.0,True,9000.0,0.007946934523702985,0.011841648380364611,0.31466996953675097
83d08e845496ece2,a71f06019bfe3ede,1472000.0,18,1472000.0,1.0,5,2,0.4,True,18,3,1.0,1.0,True,19000.0,0.007452935891148475,0.027663923423052572,0.10146660318664916
83d8f08ed0e73096,d95b5e000559ad65,5720000.0,37,6080000.0,0.9407894736842104,16,4,0.25,True,0,0,,,False,278000.0,0.00015392711014379655,0.003651294240620273,0.00801852852842103
84088dd4a9a3d4df,70485a71ae455cdc,2214000.0,11,2214000.0,1.0,1,1,1.0,False,7,11,1.0,1.0,True,48000.0,0.01749041535261837,0.07145439640884477,0.13410273023736993
843ac71f5bca616c,4477970872a20918,5647200.0,16,6675200.0,0.8459971236816874,4,1,0.25,True,0,7,,1.0,False,9000.0,0.011931140886262185,0.011462200155359037,0.4138670427738381
8457996c9be1c7d3,5ad63d60402f2672,4225000.0,18,4447000.0,0.9500787047447716,1,1,1.0,False,13,17,1.0,1.0,True,138000.0,0.011612547565266884,0.019652554295103375,0.5713129982495266
84a0ff53dbd7c13f,409319d1b65317fc,1533000.0,15,1598000.0,0.9593241551939924,1,1,1.0,False,1,15,1.0,1.0,False,18000.0,0.004159611674118409,0.011286794843799797,0.18609787616385004
84d5c74e77a65995,9affe0b55f70bd78,1675000.0,20,1716000.0,0.976107226107226,19,7,0.3684210526315789,True,6,7,1.0,1.0,True,96000.0,0.004295640283082694,0.023042530418502793,0.013323644278028159
85654f10768c51ae,75a8d4ae5c228a6e,664000.0,26,703000.0,0.9445234708392604,5,1,0.2,True,6,25,1.0,1.0,True,4000.0,0.01917645416372833,0.00785028261733367,0.16478076125905217
8594ca0209c09342,4bed48c23d6ebfeb,1659000.0,13,1659000.0,1.0,2,2,1.0,False,13,13,1.0,1.0,True,15000.0,0.014834277777578906,0.07703514907661635,0.028369124369525295
85ab15570e51e8c4,1109b5239226f50a,4252000.0,22,5056000.0,0.8409810126582279,15,1,0.0666666666666666,True,7,20,1.0,1.0,True,12000.0,0.003601178437317659,0.005161927740170991,0.10544365014873655
85af0bd1f83eb9fe,4c25d7d7c59f836f,5985000.0,33,5985000.0,1.0,3,2,0.6666666666666666,True,10,33,1.0,1.0,True,132000.0,0.004743102812570475,0.008458831657436994,0.17401638786767995
86701e4aa939df66,3e860bbbaf73fde2,4074000.0,20,4074000.0,1.0,9,1,0.1111111111111111,True,16,20,1.0,1.0,True,49000.0,0.008269107544934188,0.012521791425186057,0.5990127186749382
86a2562e9dadffe7,9dd4636479ee6765,4275800.0,20,4623800.0,0.9247372291189064,6,1,0.1666666666666666,True,17,20,1.0,1.0,True,16000.0,0.004678668208324235,0.012256893607729302,0.19750280111543458
872af7cb80f930fb,0474f9d5d5e45ddd,1277000.0,13,1314000.0,0.971841704718417,2,1,0.5,False,11,0,1.0,,False,8000.0,0.010545796894968016,0.02613181172208634,0.02644682534284579
87d4ce964c7ba82b,a4d367eb93ac11db,4980000.0,25,4980000.0,1.0,6,1,0.1666666666666666,True,23,24,1.0,1.0,True,28000.0,0.006089070101269719,0.007470834392327985,0.46697189577344794
8850bc58071161cd,fce422f1a7ba6056,284000.0,17,284000.0,1.0,7,3,0.4285714285714285,True,15,0,1.0,,False,9000.0,0.0029246150927321347,0.009353756716412587,0.07639438273438982
8861db395166e9a2,3ae39d6171c0c458,3102000.0,13,3102000.0,1.0,1,1,1.0,False,9,10,1.0,1.0,True,42000.0,0.02241250317698396,0.031426188370985764,0.20475885349360845
8883c3f0523663e5,f6c92a99c7b8e01f,611000.0,10,611000.0,1.0,1,1,1.0,False,10,10,1.0,1.0,True,51000.0,0.01511349439597928,0.08082247192620085,0.11066285309268202
8890e9020d5fe840,3c3429eb21049abd,289000.0,20,289000.0,1.0,4,4,1.0,True,14,20,1.0,1.0,True,8000.0,0.0010739100707706736,0.009346597315940786,0.19938214373928329
8890e9020d5fe840,a931c7ea7b3dd1a4,145000.0,12,145000.0,1.0,3,3,1.0,True,11,12,1.0,1.0,True,6000.0,0.0023303848535723617,0.05963780593013146,0.22678116934487905
88e16bd2337c6127,e769adda1ccf0b04,5369000.0,19,5369000.0,1.0,3,1,0.3333333333333333,True,19,19,1.0,1.0,True,34000.0,0.01280100804358643,0.011265316642384393,0.38074765619127054
88f273294e0f8aac,f953ea6da8fc32ab,1114000.0,13,1114000.0,1.0,1,1,1.0,False,0,0,,,False,13000.0,0.0012493153823298837,0.0056953030753205125,0.06859779562059473
89e33e954855fe36,26830c6147b87377,6036000.0,16,6036000.0,1.0,8,3,0.375,True,15,0,1.0,,False,89000.0,0.000640766342226502,0.0026883548771625687,0.023740571964503694
89e8cec7d8158494,18b4b38b4dd9cf2d,4768000.0,24,4768000.0,1.0,3,1,0.3333333333333333,True,20,24,1.0,1.0,True,181000.0,0.005240681145360888,0.015167189899517819,0.5803553210454157
8a018d13a7a81a19,86067aaee5f3cc4a,464000.0,12,464000.0,1.0,1,1,1.0,False,6,12,1.0,1.0,True,6000.0,0.02383364417063715,0.12526803005516318,0.13888878945277122
8a2f3376299e4c06,a244ce8c9291e4a8,3580000.0,16,3830000.0,0.9347258485639688,1,1,1.0,False,13,16,1.0,1.0,True,48000.0,0.0010452724688834558,0.00984417564873119,0.03063865431908732
8a3930dcaac0f182,74e6d4b89bbb61a2,3308000.0,19,3308000.0,1.0,2,1,0.5,False,8,19,1.0,1.0,True,176000.0,0.006812169548921973,0.01212802439923677,0.10454872508976099
8a7479888f62fc07,b4b91027d3ae32cd,4553000.0,27,4940000.0,0.92165991902834,1,1,1.0,False,26,27,1.0,1.0,True,35000.0,0.004045061266569537,0.0048970299227142355,0.027030316481297854
8b8f2a16edb0719c,709233d5e5738f67,5811000.0,20,5811000.0,1.0,4,1,0.25,True,20,20,1.0,1.0,True,18000.0,0.0018184877198383408,0.008655715170411638,0.6137038084430809
8bf250d1d2c80b96,f8dfbcfc81b1a598,7457000.0,26,7457000.0,1.0,12,6,0.5,True,20,26,1.0,1.0,True,164000.0,0.0004546219299595852,0.003039165500281049,0.11300397704696209
8c2752cbfff022f8,e276fa364997a44f,1042000.0,13,1157000.0,0.9006050129645635,1,1,1.0,False,5,13,1.0,1.0,True,10000.0,0.003866076254774425,0.010205725372557262,0.20384245023321748
8c3475c0931e508e,f8f1b353553102be,1477000.0,12,1639000.0,0.9011592434411226,12,1,0.0833333333333333,True,0,11,,1.0,False,22000.0,0.028161501755842967,0.018714672833296975,0.1796651548399337
8c88c8a08e04240d,9fdd6c40919b4165,4324000.0,26,5034000.0,0.8589590782677791,4,3,0.75,True,22,26,1.0,1.0,True,75000.0,0.00034365122264661555,0.00644346042462407,0.06966812599112951
8c963eb02ccefd9b,b9d0314e2c57416f,1009000.0,18,1009000.0,1.0,7,1,0.1428571428571428,True,10,18,1.0,1.0,True,6000.0,0.02808632805088902,0.05442934208689365,0.025158133257920982
8d717e376b332867,f28a04f2561d587f,190000.0,11,190000.0,1.0,1,1,1.0,False,9,11,1.0,1.0,True,3000.0,0.0039233514585488615,0.02014655292765788,0.20735055646440168
8dde76fb68a4e97a,1d5acfebf79d2c9b,5288000.0,19,5288000.0,1.0,7,1,0.1428571428571428,True,2,18,1.0,1.0,False,35000.0,0.01300863065726876,0.0053588112531456344,0.1621389424849563
8f1600112d448f6c,b79f8b011e9129b6,1929000.0,16,2063000.0,0.9350460494425594,15,1,0.0666666666666666,True,0,16,,1.0,False,26000.0,0.006597387534767838,0.00972962524118226,0.2330671229591234
8fb624c2bb3ff2ea,684e6729767b72c6,1794000.0,12,1794000.0,1.0,2,1,0.5,False,12,8,1.0,1.0,True,45000.0,0.007574645699169152,0.04640723385823675,0.19507218465525697
8fdbe500ca4ea110,422001dfd3c0b8a0,2334000.0,18,2419000.0,0.96486151302191,14,1,0.0714285714285714,True,1,0,1.0,,False,19000.0,0.012056430394518763,0.011172244436250867,0.5244583018618021
90aa30ffa4d3e5bb,c68a4a06911fe6e8,1871000.0,11,1871000.0,1.0,3,1,0.3333333333333333,True,9,7,1.0,1.0,True,19000.0,0.03660601461233636,0.11810862958335866,0.1616342047516941
90bb8bd83b4eb6dc,a30fbaeeee25d79f,3742000.0,23,3996000.0,0.9364364364364364,15,2,0.1333333333333333,True,21,6,1.0,1.0,True,55000.0,0.001310170286340222,0.006765633445855235,0.3868725232948993
90c422b58491ab90,40e40e0650da5162,4909000.0,30,4909000.0,1.0,9,3,0.3333333333333333,True,25,29,1.0,1.0,True,105000.0,0.0004743102812570475,0.0025559059684342467,0.03933732589232978
915792dabe05cf14,ced637b9ffddbc84,1006000.0,15,1006000.0,1.0,1,1,1.0,False,12,15,1.0,1.0,True,14000.0,0.004549798999831754,0.030126757185353292,0.4578830368744921
91fc0d2c74989777,a1a73d8d5c379f77,166000.0,10,166000.0,1.0,7,1,0.1428571428571428,True,3,5,1.0,1.0,True,2000.0,0.05418234277061639,0.10282330957605612,0.08811432130673377
9292c8471f83af23,153a8598743856cd,527000.0,37,527000.0,1.0,6,1,0.1666666666666666,True,28,1,1.0,1.0,True,3000.0,0.008283426345877797,0.005247840545832716,0.09001872183223376
92f702e5a686b9c4,be5cc6d64ed50de0,342000.0,20,342000.0,1.0,2,2,1.0,False,20,20,1.0,1.0,True,7000.0,0.00048325953184680313,0.016026317956134406,0.484032747097758
933b68cd917f9804,2af4787ea294d809,3143000.0,13,3143000.0,1.0,9,2,0.2222222222222222,True,9,13,1.0,1.0,True,65000.0,0.004531900498652243,0.019473569283308234,0.2558447555601694
934dcdb84a1ccfef,5dc94a25e7d343c6,2762000.0,12,2762000.0,1.0,2,1,0.5,False,8,0,1.0,,False,32000.0,0.008086542832903172,0.01710380772714093,0.2148965645616836
934ea6e303fa2398,d775353bd58871ab,1825000.0,20,2046000.0,0.8919843597262952,5,2,0.4,True,9,20,1.0,1.0,True,20000.0,0.00902084459447366,0.03685659362884952,0.07808042154549978
937395bd0d780d1b,9570963c9814ec6f,134000.0,10,134000.0,1.0,1,1,1.0,False,6,0,1.0,,False,2000.0,0.019076222557123067,0.039344485292801545,0.09057357536879862
93acaef9b4738727,cd2e395f8ada8c8f,406000.0,23,495000.0,0.8202020202020202,5,2,0.4,True,13,22,1.0,1.0,True,6000.0,0.0037801634491127713,0.09070244457729115,0.04012843964446417
93f706c50ef14859,7194bc1945d649c5,5652000.0,25,6381000.0,0.8857545839210155,4,1,0.25,True,17,22,1.0,1.0,True,7000.0,0.0016788794106381531,0.00949694472584861,0.5653850146588725
9444cb0cf1b40ef7,63dcf431c6e4123c,4251000.0,23,4251000.0,1.0,15,15,1.0,True,23,17,1.0,1.0,True,457000.0,0.00019688351297462352,0.00398062666232335,0.021052217087341105
94c1470a7719bc23,a7627a77e4358f3f,3033000.0,18,3033000.0,1.0,4,1,0.25,True,5,0,1.0,,False,50000.0,0.0032539475144351413,0.028150762655135275,0.213600713076287
94e1574bca1786db,1428d749f56b8aaf,3049000.0,27,3049000.0,1.0,5,1,0.2,True,19,26,1.0,1.0,True,34000.0,0.01092166541973775,0.016219621768873038,0.21965398617519769
95562397aeb4b9b5,5a27cfec6e51b6b2,6760500.0,36,6760500.0,1.0,2,1,0.5,False,5,34,1.0,1.0,True,22000.0,0.004614233604077995,0.004292060582846813,0.051125278769155874
95c3d85379e4787d,8672543422f319ed,235000.0,16,235000.0,1.0,2,1,0.5,False,13,0,1.0,,False,2000.0,0.018868599943440735,0.007921876622051682,0.2753219045437135
9638be0bfcd1625b,0048f4923f0b2a18,2334000.0,13,2334000.0,1.0,1,1,1.0,False,8,12,1.0,1.0,True,12000.0,0.008619918168052607,0.022484097181701967,0.2380071092846685
96c0bb117573ce56,992fb0a841df9dab,2328000.0,12,2328000.0,1.0,1,1,1.0,False,7,10,1.0,1.0,True,18000.0,0.0064649386260394555,0.008852598683386281,0.08214696101348473
9747f89401aacff5,a205272751dfdc7a,5295000.0,40,5295000.0,1.0,4,3,0.75,True,36,40,1.0,1.0,True,88000.0,0.0008841859582678546,0.003715728844866484,0.09857420539604013
974863572cd0fd12,14c444b2365b799b,1474000.0,11,1474000.0,1.0,2,1,0.5,False,9,0,1.0,,False,8000.0,0.012557588427545077,0.025985044012414416,0.018217094500506528
9850642b9650a95b,442d5f93120ba71d,2764000.0,16,2957800.0,0.9344783284873892,3,1,0.3333333333333333,True,12,0,1.0,,False,28000.0,0.0036047581375535614,0.014751944672153128,0.04141355202915308
98e3813be36a040c,6d8114790bf150fd,2639000.0,13,2975000.0,0.8870588235294118,2,1,0.5,False,11,12,1.0,1.0,True,45000.0,0.013080224661986805,0.050996409560663425,0.5825711554914391
98e613c98082b579,0fd347b591ea7925,5105000.0,11,5438000.0,0.9387642515630746,1,1,1.0,False,9,0,1.0,,False,43000.0,0.004499683196529123,0.010051798262413536,0.28021893446642776
98ecf4d3ee0d2afc,28fc3a5e99d9472d,6346000.0,17,6954000.0,0.912568306010929,9,6,0.6666666666666666,True,14,16,1.0,1.0,True,590000.0,0.0007230994476522536,0.0042168868778929,0.0891130576725505
98fabf0e8e62d7f1,df2c32335cc53af8,2513000.0,26,2513000.0,1.0,2,1,0.5,False,20,25,1.0,1.0,True,7000.0,0.007259632078409754,0.021778896235229217,0.26294330112796355
99193c2e114447f4,cbed8ba8a67156c9,3759000.0,17,3879000.0,0.9690641918020108,16,1,0.0625,True,4,17,1.0,1.0,True,16000.0,0.016470200785386233,0.006099809201977391,0.20972031802056895
9956df15ed6e6f5b,60d4906452b98d56,2637000.0,16,2977000.0,0.8857910648303662,2,2,1.0,False,4,5,1.0,1.0,True,39000.0,0.0017719516167716116,0.0025738044696137496,0.245019742046801
9956df15ed6e6f5b,b9e4361fbb61adc3,2088000.0,10,2146000.0,0.972972972972973,4,3,0.75,True,1,1,1.0,1.0,False,109000.0,0.0016072854059201083,0.01265424033391449,0.0731798119225496
99580e7d5fe3dca9,a98cb95a7247930e,3113000.0,20,3113000.0,1.0,13,1,0.0769230769230769,True,6,20,1.0,1.0,True,92000.0,0.007760790111436069,0.021939982745844855,0.5814113326150068
9991f0c507303016,170f88b0f0cd090b,1120000.0,16,1120000.0,1.0,5,2,0.4,True,12,1,1.0,1.0,True,12000.0,0.005004420929791339,0.05377783664395941,0.06610274455617086
99d6695439542857,353e9b479fea3f84,1740000.0,11,1740000.0,1.0,4,3,0.75,True,5,0,1.0,,False,115000.0,0.012292690610088312,0.027918082139801625,0.0341217026486202
9a0d06597ce90083,b9b17c6249e50def,2132000.0,10,2132000.0,1.0,1,1,1.0,False,5,0,1.0,,False,19000.0,0.004875551721298859,0.01382480231105443,0.06751672614935225
9abe914804cda1b6,578cd1aee67b5da4,3781000.0,18,3869000.0,0.9772551046782114,11,1,0.0909090909090909,True,18,18,1.0,1.0,True,36000.0,0.003064223401932322,0.009876392950854296,0.3015897448747642
9b30034427e6666d,53607d54f10b436e,2721000.0,13,2721000.0,1.0,1,1,1.0,False,10,13,1.0,1.0,True,35000.0,0.02373699226426779,0.035940190368458524,0.20781949719530488
9b410f88dc89eccd,089df9834f04494a,7730000.0,36,8096000.0,0.954792490118577,3,1,0.3333333333333333,True,19,36,1.0,1.0,True,47000.0,0.0016681403099304464,0.006003157295608075,0.3464756061327424
9b8832fe44a731e3,29d54a5d37708da0,3597000.0,12,3597000.0,1.0,2,2,1.0,False,9,10,1.0,1.0,True,68000.0,0.01720045963351029,0.029851120267188835,0.3843524143288241
9ba6fd047fc21387,cf7e86e2a5a8a9bb,1906000.0,10,2144000.0,0.8889925373134329,2,1,0.5,False,7,9,1.0,1.0,True,25000.0,0.007828804415918211,0.021692983429567603,0.08007431457689733
9bb8c7a3ad9dd15f,2fcbe6d871648111,556000.0,17,649000.0,0.8567026194144838,1,1,1.0,False,10,15,1.0,1.0,True,26000.0,0.010402608885531926,0.01441187314974246,0.07940133093254771
9befeb74d53546a7,25bf010c31d18b4c,917000.0,15,917000.0,1.0,6,2,0.3333333333333333,True,12,15,1.0,1.0,True,32000.0,0.022373126474389035,0.07313685551971882,0.09885700171467642
9c12e44befb21908,9973a3b0c841a5ec,3456000.0,21,3456000.0,1.0,9,2,0.2222222222222222,True,0,0,,,False,20000.0,0.0036656130415638993,0.007596123900584617,0.03371361682172735
9cafc96cb24257f6,656139529547836b,4840000.0,16,4840000.0,1.0,3,3,1.0,True,13,16,1.0,1.0,True,98000.0,0.0006926719956470845,0.0013638657898787931,0.10533983884189538
9d279554ac73d54b,b1c807470a8f1f06,7581000.0,30,7581000.0,1.0,5,3,0.6,True,26,27,1.0,1.0,True,126000.0,0.0010667506702988691,0.003776583748876905,0.5065025254785164
9d75af3246944b45,fa91c0049d12ee9a,2497000.0,21,2497000.0,1.0,17,3,0.1764705882352941,True,20,21,1.0,1.0,True,146000.0,0.006382605520613704,0.008322803048472771,0.16999996420299765
9d7e860a22e02584,13e2bcef1f7023b0,1896000.0,13,2260000.0,0.8389380530973451,3,1,0.3333333333333333,True,1,12,1.0,1.0,False,15000.0,0.029511048744778112,0.12184225692940476,0.36882725440571607
9d8216ce70a48799,0b653d75739bf94a,504000.0,13,504000.0,1.0,2,1,0.5,False,10,13,1.0,1.0,True,6000.0,0.00841587525460618,0.15491152770866967,0.05018381760711358
9df9f576031d2996,8fc930806a9bb015,1623000.0,18,2027000.0,0.8006906758756783,2,1,0.5,False,14,0,1.0,,False,14000.0,0.015389131314143753,0.009038743095653223,0.22518462303966666
9eafa04596fe89c5,cb3975288b6d3a8f,1859000.0,18,2263000.0,0.8214759169244366,18,10,0.5555555555555556,True,13,17,1.0,1.0,True,173000.0,0.0016717200101663487,0.018184877198383353,0.030552741513425664
9f37b557221202c5,d72a8d2ed5ce706f,7874000.0,21,7874000.0,1.0,9,2,0.2222222222222222,True,1,0,1.0,,False,265000.0,0.0029818902965065707,0.0024485149613571178,0.07880710069338794
9f58d6358d1dff07,65a33661f2435182,2614000.0,14,2903000.0,0.9004478126076473,1,1,1.0,False,0,14,,1.0,False,355000.0,0.016423664682319504,0.022280054268255522,0.08971444731218207
9f75ba1d31c0f792,0b03c47467505a9d,4714000.0,27,4714000.0,1.0,2,2,1.0,False,20,27,1.0,1.0,True,39000.0,0.0005441144358571413,0.0003973467261851882,0.17240910246175986
9fb39576c4055957,f1885ccff6687580,4392000.0,14,4903000.0,0.8957780950438508,6,1,0.1666666666666666,True,9,0,1.0,,False,40000.0,0.005348072152437955,0.006694039441137223,0.10913432109195176
9fb95e2ec0889ba8,176a0295dca48efd,3425000.0,20,3671000.0,0.9329882865704168,3,1,0.3333333333333333,True,3,18,1.0,1.0,True,49000.0,0.010509999892608993,0.008648555769939836,0.22338761352124373
a02cdc8d65e4ec81,6e750dbb3513ac55,1734000.0,14,1973000.0,0.87886467308667,10,3,0.3,True,12,14,1.0,1.0,True,106000.0,0.001632343307571424,0.019112019559482052,0.12157019971147616
a0312aa81b401710,52b8d5f4f6e6e4cf,3484000.0,14,3484000.0,1.0,4,4,1.0,True,0,14,,1.0,False,183000.0,0.0009020844594473658,0.005000841229555464,0.026482622345204813
a05727c02430e0dc,d738647a815bde1d,3217500.0,36,3257500.0,0.9877206446661552,3,3,1.0,True,33,25,1.0,1.0,True,120000.0,0.0014569379960122138,0.0030785422028759557,0.06810737668827613
a0b07bbebfa3d791,cc2f8a8300a5484e,7164000.0,21,8565000.0,0.8364273204903677,11,1,0.0909090909090909,True,12,21,1.0,1.0,True,33000.0,0.008999366393058246,0.004818276517524422,0.23205764749259897
a11502a6311025e9,abdb5588447a9c63,6775000.0,29,6873000.0,0.985741306561909,2,1,0.5,False,22,28,1.0,0.9642857142857144,False,101000.0,0.0013781845908223645,0.005885027187823244,0.663722959839343
a14a61d5fddec080,a8c69b5d256a31a6,6962000.0,38,8293000.0,0.8395031954660557,4,1,0.25,True,26,33,1.0,1.0,True,15000.0,0.001967045279628284,0.004725204311391007,0.4574033570428812
a1e095a2cf09d0e7,30a2435223bf08af,4174000.0,24,4325000.0,0.965086705202312,8,1,0.125,True,23,24,1.0,1.0,True,49000.0,0.00553063686446897,0.00697325605953758,0.3282799898336513
a239ea5a3795d5e7,23455147e08d8329,5688000.0,25,5688000.0,1.0,5,1,0.2,True,4,25,1.0,1.0,True,39000.0,0.000977258164401313,0.0067763725465629365,0.20934086979556332
a239ea5a3795d5e7,720e90bbe345594a,2303000.0,10,2303000.0,1.0,3,1,0.3333333333333333,True,4,10,1.0,1.0,True,30000.0,0.01221035750466256,0.06280942033914083,0.3213389510762369
a2b41cc9d392c678,fb3e6aafd655a19d,360000.0,10,360000.0,1.0,5,5,1.0,True,9,8,1.0,1.0,True,30000.0,0.0008251209043754676,0.04895956012643499,0.18426148994283217
a3def0add97e8d24,811c3bc8b0fff1ba,7816000.0,24,7816000.0,1.0,10,3,0.3,True,19,23,1.0,1.0,True,101000.0,0.0024377758606494294,0.0025666450691419485,0.08188922259649976
a423607b8a1a8a5b,f7bec9fe73817750,5925000.0,18,6196000.0,0.9562621045836024,2,1,0.5,False,16,17,1.0,1.0,True,25000.0,0.007230994476522536,0.009296481512638177,0.7444022437561079
a4a881a231393c6c,8ff06654321805ea,2421000.0,15,2421000.0,1.0,3,1,0.3333333333333333,True,2,0,1.0,,False,26000.0,0.016330592476186043,0.05590059888384946,0.5739798749252738
a4cd9480818b79d3,e3652e242de85e9b,3681000.0,23,3681000.0,1.0,8,1,0.125,True,5,23,1.0,1.0,True,42000.0,0.011515895658897523,0.016885446012750882,0.16401470540856908
a51399bbb2496931,3c504b9aa243abee,2450000.0,11,2450000.0,1.0,2,2,1.0,False,5,11,1.0,1.0,True,37000.0,0.003808801050999989,0.006332489717311041,0.1402812928445372
a516484516f2f839,20e34ff2bae6b5d3,3079000.0,15,3079000.0,1.0,2,1,0.5,False,2,0,1.0,,False,48000.0,0.004148872573410702,0.01879700593872269,0.13061610220760114
a5e3a9fbe3d16a78,7e272f93c1c7c21c,4653000.0,26,4653000.0,1.0,2,1,0.5,False,4,23,1.0,1.0,True,74000.0,0.006958937258593965,0.010495681091665432,0.46144841830945077
a6074520831be9d2,d08e8563c8588585,780000.0,11,780000.0,1.0,5,1,0.2,True,6,11,1.0,1.0,True,9000.0,0.03744724416777339,0.14305556052736146,0.14138026081695917
a652c5e7c5a81cc2,d6d36f257847a5c9,3744000.0,14,3744000.0,1.0,7,1,0.1428571428571428,True,8,14,1.0,1.0,True,50000.0,0.01361359999713624,0.027581590317626747,0.6648827827157754
a7647b9a93aa0d10,215ff117173a3f78,493000.0,13,582000.0,0.8470790378006873,8,7,0.875,True,8,6,1.0,1.0,True,48000.0,0.0032575272146710436,0.09126087781409187,0.05337691021753838
a8c7587466510e33,bdfb93bc5ad8f39b,7731000.0,33,7835000.0,0.9867262284620294,24,1,0.0416666666666666,True,27,32,1.0,1.0,True,11000.0,0.0018865020243204833,0.0018686035231409992,0.19871989919564137
a9446699b3aa57c0,e2253146f04448d2,201000.0,12,201000.0,1.0,2,1,0.5,False,2,12,1.0,1.0,False,5000.0,0.03511685931420103,0.020941246380028145,0.06464222685992276
a945830cf0d4fe06,2fad8cfdaaa67996,4074000.0,17,4074000.0,1.0,9,2,0.2222222222222222,True,6,6,1.0,1.0,True,69000.0,0.0069446184576503565,0.026622230654405055,0.46685018596542727
a968580f55b446ba,877bfc55d435b239,2542000.0,12,2622000.0,0.969488939740656,3,2,0.6666666666666666,True,0,12,,1.0,False,112000.0,0.011802271677769703,0.07322276832538044,0.31415807240301696
a9949a615dd9629d,b6842e7b6a28698d,2864000.0,17,3497000.0,0.8189877037460681,1,1,1.0,False,6,16,1.0,1.0,True,34000.0,0.007327646382891896,0.014651713065547911,0.09210568706976478
a99b8c1d73c1aa02,580f279620d86062,4823000.0,27,5793000.0,0.8325565337476264,5,1,0.2,True,21,26,1.0,1.0,True,16000.0,0.00026310796733881506,0.0039054529573693264,0.0777868861261558
a9e04bd90d487388,600c1f21336b65f0,4100000.0,18,4100000.0,1.0,2,1,0.5,False,18,18,1.0,1.0,True,31000.0,0.00922846720815599,0.016613388794822326,0.8260301482353868
aa1f1992b1e40d09,1280c380d19d8ea5,3249000.0,22,3249000.0,1.0,22,1,0.0454545454545454,True,12,19,1.0,0.0,False,31000.0,0.005584332368007503,0.0038088010510000103,0.1328211975529169
aaa09484f8ee3af4,8b57b528cdc0b3cc,4220000.0,29,4283000.0,0.98529068409993,3,1,0.3333333333333333,True,26,0,1.0,,False,22000.0,0.0007481573493035693,0.007037690663783791,0.7331226083127799
ab523274f635601c,b32d99ee945b8d89,4421000.0,61,4421000.0,1.0,6,2,0.3333333333333333,True,57,1,1.0,1.0,True,23000.0,0.0004743102812570475,0.0019652554295103153,0.027044635282241464
ab7b5ee3537bf30f,9223cf4e86e0b67e,3702000.0,26,3996000.0,0.9264264264264264,5,1,0.2,True,22,0,1.0,,False,54000.0,0.0014461988953045073,0.005906505389238759,0.45412435162679476
ab97174aa7b7c0bf,15f9e77182a998e5,788000.0,12,822000.0,0.9586374695863747,10,1,0.1,True,2,12,1.0,1.0,False,15000.0,0.03504526530948299,0.03613349418119727,0.17594942599506716
abad23679394657b,b247a2ee9348c5e8,1205000.0,13,1464000.0,0.8230874316939891,3,1,0.3333333333333333,True,13,12,1.0,1.0,True,47000.0,0.0014354597945968005,0.0042419447795442045,0.023525789950349558
abb6f6fe8e2d82fd,99d630f744b25311,2256000.0,19,2256000.0,1.0,3,1,0.3333333333333333,True,12,19,1.0,1.0,True,19000.0,0.017035793422658787,0.03179847719551965,0.21279528052320898
abe966024006fa6c,86db359f7cb45b35,1480000.0,19,1586000.0,0.9331651954602774,2,1,0.5,False,3,18,1.0,0.9444444444444444,False,7000.0,0.009833436548023468,0.033910500334702,0.06646071457976109
abef63158e727bf4,bfd3f74cf4f0f00d,1738000.0,17,1738000.0,1.0,8,2,0.25,True,4,17,1.0,1.0,True,36000.0,0.003107179804763149,0.021313535204561918,0.052507043060214136
ac5ad23248702f61,243ea0e71a4e1e1e,343000.0,28,343000.0,1.0,8,8,1.0,True,12,28,1.0,1.0,True,19000.0,0.0005655926372725548,0.006407663422265064,0.022505575383117416
ac5ad23248702f61,31195016ed4e705a,357000.0,31,357000.0,1.0,6,6,1.0,True,3,31,1.0,1.0,True,15000.0,0.0008501788060267833,0.008419454954842087,0.013892816615536615
ac5ad23248702f61,7a529c8033873ce1,314000.0,26,314000.0,1.0,7,5,0.7142857142857143,True,8,25,1.0,1.0,True,11000.0,0.0009271423610986816,0.01815623959649615,0.03120066725612397
aca85a43904594f2,c3967b9bd10b440e,1560000.0,10,1560000.0,1.0,1,1,1.0,False,4,10,1.0,1.0,True,22000.0,0.014039584325208607,0.05775130390581096,0.2534893128049457
acb7a84e3c70800b,e4297287b8d18fa9,4249000.0,12,4249000.0,1.0,3,3,1.0,True,7,12,1.0,1.0,True,407000.0,0.0052979563491353234,0.02430258490154036,0.329282305899704
ad1cffd8013d5725,3cf9f09dd83c2da7,7138000.0,27,7138000.0,1.0,6,1,0.1666666666666666,True,22,27,1.0,1.0,True,47000.0,0.006396924321557313,0.0051189713373401835,0.8398549505464412
ad20d39accc745af,a0d8e4770eac7a49,393000.0,14,408000.0,0.9632352941176472,4,1,0.25,True,0,14,,1.0,False,5000.0,0.048776995414404,0.07825940655729491,0.048998936829029935
ad2ea65274438190,dca039c333f4454c,5759000.0,31,6563000.0,0.8774950479963431,10,1,0.1,True,31,30,1.0,1.0,True,20000.0,0.007066328265671033,0.002444935261121217,0.06469592236346128
ad3757eb5c9250bb,b098afca638c2c24,8406000.0,21,8406000.0,1.0,9,1,0.1111111111111111,True,14,21,1.0,0.8571428571428571,False,50000.0,0.005169087140642842,0.001975994530218017,0.031841433598350476
ad80fc6e8ff437c7,9787c3af8c8227cc,2763000.0,13,3029000.0,0.912182238362496,2,1,0.5,False,13,13,1.0,1.0,True,48000.0,0.016656345197653147,0.03457990427881574,0.8730280326325474
adb0fe6e6c3efdf1,4fd0ed8fda975166,6088000.0,32,6630000.0,0.9182503770739064,17,1,0.0588235294117647,True,29,31,1.0,1.0,True,19000.0,0.0018292268205460475,0.0029031368913167155,0.21672937108246557
ade0acee6e9f0d03,bd6cf8673940da86,1522000.0,10,1522000.0,1.0,1,1,1.0,False,6,9,1.0,1.0,True,20000.0,0.025684349192598613,0.048068214767695405,0.12598397010234363
ae045929936ae654,7db1f99d4fdd1f44,5328000.0,22,5489000.0,0.9706686099471672,7,2,0.2857142857142857,True,18,20,1.0,0.95,False,55000.0,0.0008555483563806367,0.005337333051730231,0.1569949132459648
ae42b240fb1a9cc4,da247ed9ff6ef59c,1592000.0,21,1682200.0,0.9463797408155986,2,1,0.5,False,13,0,1.0,,False,32000.0,0.0034329325262302535,0.014759104072624929,0.05892902528342277
aee100df5ccb4453,a6daa1d84c997009,3527000.0,24,3726000.0,0.9465915190552872,4,1,0.25,True,19,23,1.0,1.0,True,137000.0,0.003178773809481194,0.016831750509212373,0.7824938339663436
aee31d7c1213e81e,cfc47bbfbe8a0b3e,6958000.0,17,6958000.0,1.0,4,1,0.25,True,6,4,1.0,1.0,True,137000.0,0.0031429768071221716,0.006522213829813883,0.1638929956005484
aee5378ed254080b,2b9272ef037e0b3f,1694000.0,10,1694000.0,1.0,2,1,0.5,False,0,10,,0.9,False,21000.0,0.0285337905803768,0.12856135427219328,0.5128385948960634
aef023855eed96f8,e16ee01f09f35c6f,2478000.0,14,2478000.0,1.0,8,1,0.125,True,4,14,1.0,1.0,True,8000.0,0.026525578748035638,0.04421287761362869,0.43942610245818015
af05fe84266fb23f,3aa209af0615aa40,1175000.0,10,1175000.0,1.0,10,10,1.0,True,10,0,1.0,,False,290000.0,0.00016108651061560105,0.004546219299595866,0.41129681800446033
af05fe84266fb23f,81b7b2b56aca6516,1175000.0,10,1175000.0,1.0,10,10,1.0,True,10,0,1.0,,False,290000.0,0.00022552111486184146,0.005401767655976442,0.4365086467659198
af05fe84266fb23f,d13d93e1ee147a97,1157000.0,10,1157000.0,1.0,10,10,1.0,True,10,0,1.0,,False,286000.0,0.000218361714390037,0.005126130737811985,0.42572300995514634
af0c9cd021c1ae8c,481addd5c7fce396,466000.0,10,466000.0,1.0,1,1,1.0,False,0,10,,0.3,False,14000.0,0.008838279882442644,0.058427867250396504,0.18802375489076545
afbdbd5e87f67a9b,7fd77a9ce5e47f18,3526000.0,15,3545000.0,0.9946403385049364,1,1,1.0,False,4,10,0.75,1.0,False,6000.0,0.023357544039262153,0.023468514746575075,0.1924411049818688
b000369895322197,3b741f6e7b796df3,19908000.0,47,20496000.0,0.971311475409836,5,3,0.6,True,41,1,1.0,1.0,True,148000.0,0.00042777417819031836,0.00024341961604135154,0.004445987692990589
b018aa58dbb3610e,1a45f80b72268505,4160000.0,12,4175000.0,0.9964071856287424,2,1,0.5,False,5,0,1.0,,False,51000.0,0.003833858952651305,0.013291426975905019,0.4788779787580588
b027b23fd5a9b7ca,788e756d5e1d5c65,1697000.0,17,2057000.0,0.8249878463782208,4,1,0.25,True,15,16,1.0,1.0,True,12000.0,0.02035775524157607,0.05039144022079589,0.4487512215727055
b050dcf14f1ea16b,67f5534bf105be4c,327000.0,20,327000.0,1.0,3,3,1.0,True,19,18,1.0,1.0,True,18000.0,0.003046324900752811,0.009178351404853347,0.03658811611115685
b050dcf14f1ea16b,ecbbbf180bf44066,237000.0,15,237000.0,1.0,2,2,1.0,False,15,15,1.0,1.0,True,8000.0,0.0017397343146484912,0.026035159815717024,0.08760600387323565
b0992695838efcb8,f500dccd3b6a2ef8,3929000.0,23,3929000.0,1.0,10,1,0.1,True,20,23,1.0,1.0,True,23000.0,0.0029622019452091083,0.013427455584869352,0.44341388852097524
b17e7703fa1e1beb,920f787052afdf23,3491000.0,21,3491000.0,1.0,15,1,0.0666666666666666,True,18,0,1.0,,False,21000.0,0.0005262159346776301,2.8637601887204767e-05,0.0032145708118402165
b19d7ba8ee0cdd68,f14ecb532ab90766,7750000.0,39,8727000.0,0.88804858485161,7,1,0.1428571428571428,True,36,39,1.0,1.0,True,41000.0,0.001967045279628284,0.0027814270832960952,0.3797131228230948
b1e0517264baa989,56929cb7ddaa5a72,2576000.0,12,2576000.0,1.0,2,1,0.5,False,4,11,1.0,1.0,True,6000.0,0.005512738363289458,0.013481151088407861,0.13173654838143853
b20ad4e56695ceef,87d774e87011ec04,4967000.0,21,5326500.0,0.9325072749460246,2,2,1.0,False,0,0,,,False,95000.0,0.0005512738363289458,0.00199389303139752,0.02795745884239654
b20c7af38575ccde,c84612e33e119d5d,10492000.0,32,10492000.0,1.0,3,2,0.6666666666666666,True,9,30,1.0,1.0,True,18000.0,0.0009951566655808243,0.004778899814929516,0.035922291867279035
b21049e80510c896,ab9fd8f6e93e50a8,4397000.0,15,4985000.0,0.8820461384152457,3,2,0.6666666666666666,True,13,15,1.0,1.0,True,72000.0,0.0028243834861268716,0.01429732274219353,0.4085511879235233
b23175fba5b69cd2,f9127870f5e3f774,4222000.0,10,4222000.0,1.0,2,1,0.5,False,9,0,1.0,,False,23000.0,0.0065078950288702826,0.01247525532211935,0.0482973155827931
b254c4ac82e7d45e,efdc1cee68ec006c,3574000.0,20,4380000.0,0.8159817351598173,5,2,0.4,True,10,19,1.0,1.0,True,66000.0,0.0009557799629858996,0.013624339097843996,0.15854134374787454
b2d95823fc068e46,57d061a900279427,2741000.0,10,2741000.0,1.0,1,1,1.0,False,9,10,1.0,1.0,True,149000.0,0.008179615039036631,0.04510422297236827,0.5474507164770022
b35315831d3771ad,45e31c661604175b,1935000.0,20,1935000.0,1.0,4,3,0.75,True,12,20,1.0,1.0,True,30000.0,0.003744366446753749,0.016072854059201114,0.030073061681814766
b37fea7171c50a4f,89017d591c4abd81,7514000.0,33,9174000.0,0.8190538478308262,7,1,0.1428571428571428,True,18,31,1.0,1.0,True,34000.0,0.0012457356820939815,0.004213307177656889,0.23593804254831702
b3cc57b012915f40,a6794c42cdae1cd1,2676000.0,17,2676000.0,1.0,17,4,0.2352941176470588,True,12,0,1.0,,False,106000.0,0.0024306164601776248,0.005985258794428572,0.05666665473433255
b3cf0d9375488f35,5481a83244f045e2,2529000.0,10,2529000.0,1.0,1,1,1.0,False,10,8,1.0,1.0,True,45000.0,0.00463929150572931,0.014619495763424806,0.0181705583974398
b3f3887ee0d11d88,75e56d8ed5b7c2c0,1202000.0,11,1253000.0,0.9592976855546688,1,1,1.0,False,6,11,1.0,1.0,True,24000.0,0.0038445980533590115,0.02419877359469913,0.15555945345136798
b42104a730a5c581,53606f9a2d1dbad2,1555000.0,11,1935000.0,0.8036175710594315,2,1,0.5,False,7,4,1.0,1.0,True,6000.0,0.034050108643902156,0.039741832018986734,0.21649311086689602
b462eb79e1d911b1,45ff5f1734fd4ab0,1032000.0,18,1032000.0,1.0,1,1,1.0,False,15,15,1.0,1.0,True,8000.0,0.003690670943215215,0.05180542181397729,0.06699408991491053
b484d702fe2a4a36,cd5afeb9f0f8112f,3763000.0,34,3834000.0,0.9814814814814816,7,1,0.1428571428571428,True,29,34,1.0,1.0,True,8000.0,0.0016860388111099576,0.006937459057178574,0.26293256202725585
b54d1e05887490a0,ba32a02a9d9637ad,1258000.0,10,1497000.0,0.8403473613894455,1,1,1.0,False,4,9,1.0,1.0,True,50000.0,0.012876181748540378,0.06933521386919062,0.217921411261021
b55afc9f546db09e,b86f62344fa566fd,598000.0,14,598000.0,1.0,1,1,1.0,False,6,13,1.0,1.0,True,6000.0,0.03282943086345949,0.12856493397242919,0.16442637093569784
b56ecfb0ec57fc4f,a326efee816d87ea,3268000.0,27,3472000.0,0.9412442396313364,6,1,0.1666666666666666,True,21,25,1.0,1.0,True,12000.0,0.005419666157156,0.015800796841272557,0.1326457922413577
b58e2dbe682d2262,98205a1acb3fa35f,498000.0,17,601000.0,0.8286189683860233,14,9,0.6428571428571429,True,16,12,1.0,1.0,True,42000.0,0.0014032424924736802,0.009185510805325148,0.007918296921815768
b5a57d63c7c88193,045892adfd256984,2548000.0,14,2548000.0,1.0,1,1,1.0,False,6,14,1.0,1.0,True,9000.0,0.006815749249157875,0.026164029024209556,0.11593933124040193
b5a7d1accb402fbe,72355ced83d1bfe4,4559000.0,22,4662000.0,0.977906477906478,2,2,1.0,False,12,0,1.0,,False,14000.0,8.591280566165389e-05,0.0038517574538308175,0.031297319162493335
b6244cab15f690aa,cdd6f632560019c8,7570000.0,21,7570000.0,1.0,4,1,0.25,True,10,0,1.0,,False,429000.0,0.002666876675747173,0.0024950510644238255,0.11804419497911245
b624e2850b39cf66,d79182f0d72e763a,241000.0,17,284000.0,0.8485915492957746,2,2,1.0,False,17,17,1.0,1.0,True,6000.0,0.0017970095184229272,0.011297533944507498,0.08968938941053076
b632c4c835b43e07,a60b4d1db95e3385,3167000.0,19,3448000.0,0.9185034802784224,1,1,1.0,False,17,0,1.0,,False,49000.0,0.0012994311856325152,0.01043482618765501,0.7236399823878749
b6b7363ef981f1ad,17ad35f156c90372,3487000.0,21,3487000.0,1.0,2,1,0.5,False,19,21,1.0,1.0,True,15000.0,0.0011991995790272523,0.0006157084405752355,0.05820234613553461
b6d147b77fc6ce4e,7f92672afecdcadd,2960000.0,10,3330000.0,0.8888888888888888,1,1,1.0,False,6,0,1.0,,False,30000.0,0.007864601418277233,0.021760997734049714,0.13015790057740564
b71780233bde0bc2,b6d3d3350ddec7ad,2450000.0,18,2450000.0,1.0,7,1,0.1428571428571428,True,15,18,1.0,1.0,True,12000.0,0.008845439282914449,0.026271420031286574,0.17208692944052864
b7e9c36f43f76704,e195f10fc32d40d9,5454000.0,23,5454000.0,1.0,4,1,0.25,True,3,0,1.0,,False,109000.0,0.002512949565603376,0.004181089875533783,0.23762050165919105
b83e64a1b5a3c4ac,4e97f0765dd62740,2793000.0,24,3101000.0,0.9006772009029346,13,1,0.0769230769230769,True,23,24,1.0,1.0,True,16000.0,0.005151188639463331,0.007252472677937938,0.2815326844530039
b882edf7bdef614c,657c1c5c6599174c,2464000.0,13,2464000.0,1.0,1,1,1.0,False,10,0,1.0,,False,30000.0,0.003006948198157886,0.006883763553640065,0.015725623136318565
b8d68fc9484dd3ca,91702b3872244ef0,2200000.0,18,2200000.0,1.0,3,1,0.3333333333333333,True,16,18,1.0,1.0,True,50000.0,0.011676982169513125,0.021574853321782883,0.27713681256331596
b97a75de0529ee49,13e0d251699f7f1d,2166000.0,11,2372000.0,0.9131534569983136,2,1,0.5,False,11,11,1.0,1.0,True,99000.0,0.016237520270052586,0.0574792466878824,0.6633685695159888
b9eca7d1268e72a0,2acc7b261b6c9b6b,267000.0,11,267000.0,1.0,1,1,1.0,False,3,0,1.0,,False,4000.0,0.0066224454364191545,0.020289740937093903,0.19652554295103328
ba46e92e0dab8178,0213cb859a8579a2,4265000.0,18,4688000.0,0.9097696245733788,5,2,0.4,True,7,18,1.0,1.0,True,211000.0,0.0017361546144125891,0.012432298919288542,0.18248595862582467
ba5709f05cb51636,99ffb7fc110b9171,3570000.0,21,3617000.0,0.9870058059165054,5,5,1.0,True,21,19,1.0,1.0,True,231000.0,0.0004904189323186077,0.002101284038474649,0.1804562685920681
baabbcd49ac3d794,953147732a327c17,4822000.0,20,4822000.0,1.0,4,1,0.25,True,18,0,1.0,,False,137000.0,0.0014605176962481162,0.006951777858122177,0.9396641525238677
bb5a611717fb8415,e1e14375d43e87a9,5844000.0,20,6455000.0,0.9053446940356312,16,5,0.3125,True,19,18,1.0,1.0,True,122000.0,0.000569172337508457,0.003350599420804512,0.05200588502718782
bbccf045f64f0148,09abe30cc08887b3,1637000.0,29,1637000.0,1.0,3,1,0.3333333333333333,True,19,0,1.0,,False,6000.0,0.0031895129101889006,0.006808589848686042,0.048712560810157755
bbd405806ec523f5,66d788d41f3f604e,1344000.0,12,1344000.0,1.0,1,1,1.0,False,10,11,1.0,1.0,True,18000.0,0.012972833654909737,0.05236385505077801,0.08327098688755803
bc5b936b6247dbf4,5da413657181eabf,3245000.0,23,3245000.0,1.0,3,1,0.3333333333333333,True,21,22,0.9523809523809524,1.0,False,29000.0,0.004088017669400364,0.009461147723489605,0.9276148815298207
bcc3571470d00ccb,25021ca2aebb84e3,4271000.0,17,4271000.0,1.0,3,1,0.3333333333333333,True,14,17,1.0,1.0,True,49000.0,0.014168453533701088,0.019781423503595796,0.7259130920376727
bcda7aa3c9cfeef9,602176dc72cb8bcf,2862000.0,16,2862000.0,1.0,2,1,0.5,False,11,14,1.0,1.0,True,49000.0,0.004524741098180438,0.0179271387813984,0.06825414439794812
bd3c80d409a424c0,f6b1bc2920fbb0a9,310000.0,16,310000.0,1.0,5,2,0.4,True,16,16,1.0,1.0,True,8000.0,0.007345544884071408,0.08921328927915573,0.08106231184200635
bdaf84e43870f802,3d36b169c2713426,3014000.0,12,3014000.0,1.0,2,2,1.0,False,8,12,1.0,1.0,True,72000.0,0.014676770967199207,0.03416465905145105,0.1353305674182844
bdf0d9cf1329459b,fff0a610637ad88f,5160000.0,15,5160000.0,1.0,2,1,0.5,False,5,0,1.0,,False,30000.0,0.0017647922162998071,0.01277595014193511,0.09428572451342924
bdfe04b4787b2ffb,9f92b359b9562716,3396000.0,32,3396000.0,1.0,18,8,0.4444444444444444,True,18,0,1.0,,False,233000.0,0.00017540531155921002,0.0035761205356663606,0.012106546197821394
be1688daefde2030,57580cde707a965f,3646000.0,18,3646000.0,1.0,10,1,0.1,True,17,18,1.0,1.0,True,5000.0,0.008211832341159752,0.016860388111099578,0.23604543355539406
be1cba9f8ba61b9b,4e7d7afdf52fdb35,232000.0,12,250000.0,0.928,1,1,1.0,False,4,11,1.0,1.0,True,2000.0,0.019677612196754644,0.08875508764896023,0.3814385383367997
be452569c08bdf37,e61ad4f2cde11f66,4770000.0,28,4770000.0,1.0,4,2,0.5,True,25,28,1.0,1.0,True,85000.0,0.0010918085719501848,0.011752155874467096,0.6525865124054512
be4778fb01b8aa58,5c425a5b6a8c82a0,4428000.0,17,5269000.0,0.8403871702410325,11,1,0.0909090909090909,True,17,17,1.0,1.0,True,22000.0,0.006668981539485883,0.008662874570883439,0.6710327077210554
bf1442b249ed925e,ce90293333ff55be,3990500.0,31,3990500.0,1.0,1,1,1.0,False,0,0,,,False,44000.0,0.004259843280723672,0.014014526423557272,0.06956073498405244
bf4edf19baaeff47,d390de801deea400,3858000.0,18,3858000.0,1.0,5,5,1.0,True,4,0,1.0,,False,149000.0,0.0002827963186362774,0.001986733630925719,0.07261421928527705
bf7062f8614c0819,e2e313bf674deb65,1975000.0,11,2155000.0,0.9164733178654292,2,1,0.5,False,9,1,1.0,1.0,True,9000.0,0.01072836160699903,0.020185929630252786,0.07238153876994341
bf82cc444239ead8,875facad0462de4c,5461000.0,17,5461000.0,1.0,7,1,0.1428571428571428,True,16,17,1.0,1.0,True,17000.0,0.0019044005254999945,0.005111811936868382,0.2725977526641919
bfa67790ad88c375,2c2c31f57fe7e1b5,2893000.0,18,3159000.0,0.9157961380183602,5,2,0.4,True,15,9,1.0,1.0,True,16000.0,0.005025899131206752,0.00679785074797834,0.02036849434228378
c0506f0c00fabba1,8b1d47886bdce764,3893000.0,14,3893000.0,1.0,7,1,0.1428571428571428,True,6,0,1.0,,False,75000.0,0.011698460370928539,0.01741166194742849,0.6417113830887802
c07b29ec31150ecf,f651f9da58a677fa,1121000.0,10,1121000.0,1.0,1,1,1.0,False,4,0,1.0,,False,48000.0,0.00471804491091916,0.023242993631713227,0.029256890028029052
c129b12ab368d57b,f7b6edd663e5fa8b,2521000.0,11,2521000.0,1.0,1,1,1.0,False,11,1,1.0,1.0,True,19000.0,0.005437564658335511,0.020937666679792244,0.030044424079927547
c1b6de6af5548dbe,9cab86f89126d916,3962000.0,25,3962000.0,1.0,4,1,0.25,True,21,0,1.0,,False,10000.0,0.0070806470666146416,0.004965044227196458,0.05460832709868876
c219b2e40f8ca978,2daed3a7d7090cf8,2006000.0,10,2006000.0,1.0,2,2,1.0,False,3,0,1.0,,False,30000.0,0.0010524318693552602,0.004807537416816721,0.251280637759394
c26d5e1ba3d4223d,ed777c9894ac0200,2730000.0,10,2730000.0,1.0,3,1,0.3333333333333333,True,10,10,1.0,1.0,True,50000.0,0.03425415155734859,0.042734461416200964,0.31273335170912786
c32a443c0ff7531a,0c9cbaaedde7e6cb,567000.0,15,581000.0,0.9759036144578314,5,3,0.6,True,12,10,1.0,1.0,True,24000.0,0.005015160030499046,0.07132194750011633,0.03789470669726117
c37a94b61c04d59b,625d5f1ea2d69122,3018000.0,35,3018000.0,1.0,5,5,1.0,True,35,0,1.0,,False,57000.0,0.0003221730212312021,0.003074962502640055,0.07990248896557402
c388acd15be111fa,ac2880a0b30b55bd,3003000.0,16,3362000.0,0.8932183224271267,11,1,0.0909090909090909,True,6,16,1.0,1.0,True,29000.0,0.0029353541934398412,0.01540345011508737,0.5650843198390567
c41eed2c004e6f03,2349938d507c45ee,1604000.0,12,1604000.0,1.0,8,1,0.125,True,5,12,1.0,1.0,True,5000.0,0.012579066628960491,0.06390122891109096,0.35462658356989185
c46bf9ad0f370677,d91b7e5839f58ead,2483000.0,18,2483000.0,1.0,5,1,0.2,True,14,17,1.0,1.0,True,30000.0,0.01262560273202722,0.052120435434736656,0.41220248216414357
c57fba9059d3f8ff,3661770eeab93f8a,4738000.0,38,5191000.0,0.9127335773454056,20,1,0.05,True,37,38,1.0,1.0,True,47000.0,0.0018614441226691677,0.0005262159346776096,0.030778262628287506
c5beeba0980c4174,5f07724d3e06c629,1761000.0,12,1761000.0,1.0,1,1,1.0,False,0,0,,,False,51000.0,0.0038839747559539363,0.011465779855594938,0.1404495387556246
c66021f7de66cfa5,3e4c61c54ea0ec04,3684000.0,13,4583000.0,0.8038402792930395,7,1,0.1428571428571428,True,10,13,1.0,1.0,True,29000.0,0.020332697339924755,0.015979781853067587,0.30029031368913167
c6ea5eb41b2e2f06,283add2357e13810,1331000.0,38,1371000.0,0.9708242159008024,7,2,0.2857142857142857,True,4,36,1.0,1.0,True,18000.0,0.012092227396877785,0.00872730917512965,0.09015117074096216
c7356b6fa822629a,5cfb8391d04ffe42,207000.0,12,207000.0,1.0,1,1,1.0,False,0,0,,,False,4000.0,0.0071522410713326864,0.018997469151933233,0.050642019237309065
c7b1b90062411712,7c2bd7b42bffb2c8,2069000.0,11,2069000.0,1.0,2,2,1.0,False,8,0,1.0,,False,50000.0,0.0005727520377443593,0.0035045265309483487,0.008430194055549789
c7c30890a845b597,89f1aa04eb3efec9,1574000.0,10,1661000.0,0.9476219145093318,7,2,0.2857142857142857,True,10,10,1.0,1.0,True,67000.0,0.004191828976241529,0.035299424026232096,0.07031247203359191
c7f211be604acff5,873f6681ee01caee,2086000.0,14,2086000.0,1.0,2,1,0.5,False,2,6,1.0,1.0,False,22000.0,0.013939352718603344,0.025269103965233963,0.1020107176225063
c85744a45940a064,27df0bab949484c1,1912000.0,11,2270000.0,0.8422907488986784,2,1,0.5,False,8,11,1.0,1.0,True,14000.0,0.037561794575322265,0.0438191105876794,0.12027792792631545
c8e4dcc418f00db4,27ff5a219c5b4019,5100000.0,34,5436000.0,0.9381898454746136,7,3,0.4285714285714285,True,29,34,1.0,1.0,True,106000.0,0.0005297956349135323,0.0023375442540441993,0.014981045487250898
c8f372893365c48a,c7190c264ac755e4,8394000.0,20,8466000.0,0.991495393338058,10,4,0.4,True,8,16,1.0,1.0,True,530000.0,0.0011455040754887187,0.002323225453100597,0.03639481229841813
c9561893b800bd2b,c46050ed0ad41a6f,5904000.0,26,5904000.0,1.0,11,1,0.0909090909090909,True,10,22,1.0,1.0,True,34000.0,0.007062748565435131,0.006887343253875966,0.26251015739941935
c9590262aa1c8bbf,29515115e8414f8c,7627000.0,24,8788000.0,0.8678880291306327,4,1,0.25,True,21,22,1.0,1.0,True,393000.0,0.0013889236915300713,0.003955568760671935,0.18120800564160758
c95be6b5a99e2750,cbfcd37988133fd5,1945000.0,12,1945000.0,1.0,8,2,0.25,True,3,0,1.0,,False,32000.0,0.004778899814929498,0.037991358603630565,0.368719863398639
c9ce03ce680b2fd7,811569850e7fcfe3,2894000.0,26,3522000.0,0.8216922203293583,25,25,1.0,True,17,26,1.0,1.0,True,742000.0,9.665190636936063e-05,0.00032217302123116465,0.0314047101695704
ca17e1d5cd2e53e6,4f5bd502c05ce442,796000.0,15,796000.0,1.0,3,2,0.6666666666666666,True,10,15,1.0,1.0,True,20000.0,0.007159400471804491,0.10325287360436441,0.0607403536027893
cac7808df0741ecb,f464455f43fa088a,3084000.0,26,3084000.0,1.0,4,1,0.25,True,25,26,1.0,1.0,True,15000.0,0.004539059899124048,0.019466409882836433,0.4804995829649225
cad16047ee5073ed,eca3e447dfb9ad39,2988000.0,14,3654000.0,0.8177339901477833,5,1,0.2,True,13,14,1.0,1.0,True,75000.0,0.004832595318468032,0.020021263419401247,0.4963648144104413
cb39e27d023a31a9,0ea789cd8eab921a,5580000.0,23,5580000.0,1.0,5,1,0.2,True,22,5,1.0,1.0,True,52000.0,0.001660980909458642,0.009862074149910693,0.6938282388232809
cb62023218e3f102,3b9efb20cdb44323,3028000.0,14,3432000.0,0.8822843822843823,10,3,0.3,True,12,12,1.0,1.0,True,102000.0,0.0038732356552462297,0.025526842382218917,0.31108310990037696
cba512c431731740,963580770cd4cb5a,3344000.0,25,3344000.0,1.0,4,1,0.25,True,7,25,1.0,1.0,True,13000.0,0.005441144358571413,0.01101473762587124,0.2013473991687936
cc30b1b73f7ed04f,e3c6ab188d61e1de,1511000.0,13,1511000.0,1.0,5,1,0.2,True,2,0,1.0,,False,30000.0,0.0025594856686701056,0.014680350667435116,0.014755524372389056
cc3bfd29cf260443,2719b77557da81a4,2047000.0,12,2047000.0,1.0,2,2,1.0,False,1,12,1.0,1.0,False,82000.0,0.011827329579421019,0.028107806252304468,0.1355346103317308
cc5629062c38734a,2fee029628da1543,4237000.0,19,4237000.0,1.0,2,1,0.5,False,11,19,1.0,1.0,True,70000.0,0.013728150404685112,0.009131815301786639,0.1335836737031641
cc5caf8330d775dd,97f42ca28c43097e,6571000.0,31,6571000.0,1.0,10,5,0.5,True,21,0,1.0,,False,123000.0,0.00023089066521569485,0.0033792370226917168,0.0640658951219425
cc95782aa8eb4b39,449fab573fca5dbf,2668000.0,16,2668000.0,1.0,3,1,0.3333333333333333,True,5,0,1.0,,False,9000.0,0.0019437772280949193,0.00983701624825939,0.07599345630796878
ccc97fea07ecb8f0,384f5d5d60bfbc7b,401000.0,17,401000.0,1.0,6,3,0.5,True,11,16,1.0,1.0,True,8000.0,0.0034060847744609864,0.1480062859536142,0.05621561250460887
ccc97fea07ecb8f0,7f624f4c6842d6f1,174000.0,10,174000.0,1.0,3,1,0.3333333333333333,True,9,10,1.0,1.0,True,5000.0,0.011193722637666322,0.1419064767516368,0.07622971652353831
cd3e220043a8ab54,afe2efeb59206dee,4177000.0,15,4177000.0,1.0,7,1,0.1428571428571428,True,10,15,1.0,1.0,True,50000.0,0.007599703600820467,0.005215623243709611,0.3884153740965732
cd49feb0134f69ea,4a9d5fa04f3714f4,3218000.0,11,3218000.0,1.0,1,1,1.0,False,7,0,1.0,,False,35000.0,0.005423245857391902,0.02155695482060327,0.27871188066711294
cdc8799609bbf7f0,9887a48fa3869c88,5745000.0,30,6214000.0,0.9245252655294496,1,1,1.0,False,29,29,1.0,1.0,True,13000.0,0.005272898447484008,0.004664349407380586,0.529222882875788
cde01058a752b1e5,452465cf364443a6,12835000.0,26,13449000.0,0.954346048033311,5,1,0.2,True,20,26,1.0,1.0,True,34000.0,0.00018614441226691677,6.801430448211132e-05,0.0038123807512358914
cdf95bf5fc9936e8,a5344dfd634ae236,3037000.0,21,3037000.0,1.0,1,1,1.0,False,2,20,1.0,1.0,False,107000.0,0.003977046962087395,0.010470623190014017,0.09399576879432116
ce59d018edb30dec,8407fd2ec6b8430b,2096000.0,24,2096000.0,1.0,3,2,0.6666666666666666,True,22,0,1.0,,False,26000.0,0.0006336069417546974,0.0020153712328129236,0.12411536657920266
ce7c6b8918d08941,6124961f53ef9dac,180000.0,11,221000.0,0.8144796380090498,1,1,1.0,False,6,0,1.0,,False,3000.0,0.014465568653280974,0.03186649150000176,0.18692120721810757
cf07c41702c5d803,58d9afc5a2ba75e2,292000.0,11,292000.0,1.0,1,1,1.0,False,9,8,1.0,1.0,True,7000.0,0.006096229501741524,0.13623981127820362,0.14242911298607855
cf3431835962aed2,a577f350e0da5900,2487000.0,26,2487000.0,1.0,3,1,0.3333333333333333,True,14,24,1.0,1.0,True,5000.0,0.003382816722927622,0.02207601135480919,0.12846828206605979
cf3e2e37545547d5,007096d0c4ffc89b,4765000.0,26,5877000.0,0.8107878169133912,8,1,0.125,True,5,25,1.0,1.0,True,42000.0,0.00811518043479039,0.00614634530504421,0.08618128317934656
cf88f041d9384abc,270466aa20b9f4d7,2569000.0,14,2698000.0,0.9521868050407708,3,1,0.3333333333333333,True,10,12,1.0,1.0,True,9000.0,0.008920612987868396,0.0188685999434407,0.0395342094053044
d0186733a9c7d1cf,e8f1e3260b38e0f2,2860000.0,15,3268000.0,0.8751529987760098,7,2,0.2857142857142857,True,14,15,1.0,1.0,True,34000.0,0.007023371862840206,0.02806842954970956,0.4865027402605306
d0326e314d6eb336,79dc1b539955c253,1672000.0,15,1672000.0,1.0,13,13,1.0,True,12,0,1.0,,False,370000.0,8.054325530780053e-05,0.0023339645538082987,0.07722129348888324
d0662262ea5dc0fe,85de1208703aa413,3402000.0,15,3402000.0,1.0,8,1,0.125,True,2,15,1.0,1.0,False,28000.0,0.015485783220513114,0.03197746220731479,0.38026439665942374
d0cbd5169a6537fb,96d32eba1a11ea52,5696000.0,30,6309000.0,0.9028372166745918,3,2,0.6666666666666666,True,14,30,1.0,1.0,True,80000.0,0.0007159400471804491,0.004317118484498117,0.03440449896725648
d1f8de32593aef8a,85c6e96b8ecf159c,3621000.0,17,3737000.0,0.968959058067969,3,1,0.3333333333333333,True,13,14,1.0,1.0,True,33000.0,0.008891975385981177,0.02594924701005541,0.9224207364875265
d20f3a4a4bc5ed60,b7a62b48cfec4f31,1523000.0,12,1523000.0,1.0,3,3,1.0,True,10,12,1.0,1.0,True,57000.0,0.0009522002627499973,0.004624972704785679,0.06705852451915677
d27e537c78b190bc,bdd871f1d9e28629,5274000.0,37,5417000.0,0.9736016245154144,12,1,0.0833333333333333,True,36,33,1.0,1.0,True,31000.0,0.0027169924790498043,0.0033362806198609096,0.17971169094300044
d285872e47421df8,a61c823568578e85,2294000.0,10,2742000.0,0.8366156090444931,1,1,1.0,False,3,0,1.0,,False,62000.0,0.007914717221579865,0.02706253378342094,0.05418950217108819
d367839d318330d8,1bdc8c357f6b0d1b,1253000.0,12,1253000.0,1.0,1,1,1.0,False,8,12,1.0,1.0,True,66000.0,0.034332904962538435,0.10692206634616419,0.3366493289851908
d36f099ece696ce8,6d23ba05caaa0dc1,2113000.0,12,2113000.0,1.0,12,5,0.4166666666666667,True,0,0,,,False,222000.0,0.003350599420804502,0.015915347248821377,0.046396494757529
d3ac170709f50de7,a9640b909f60adb4,4839000.0,91,4839000.0,1.0,1,1,1.0,False,75,23,1.0,1.0,True,9000.0,0.0008985047592114636,0.00012170980802073128,0.009110337100371214
d41337ef0dd89388,e18e63500f85a250,4362000.0,12,4362000.0,1.0,3,1,0.3333333333333333,True,2,0,1.0,,False,25000.0,0.020336277040160656,0.016387867679960477,0.15053713402039715
d41337ef0dd89388,ff446013065acf9a,2093000.0,15,2309000.0,0.906453009961022,13,1,0.0769230769230769,True,3,0,1.0,,False,11000.0,0.011132867733655984,0.015356914012020662,0.5768006787111647
d4170391e8086885,7d34a63b9d5f441d,1603000.0,10,1603000.0,1.0,7,2,0.2857142857142857,True,8,0,1.0,,False,62000.0,0.0020189509330488663,0.013674454901146604,0.04657905946956002
d4cc728b65775ed3,3b3e4b7a301fc157,4139000.0,19,4139000.0,1.0,1,1,1.0,False,0,0,,,False,24000.0,0.0005011580330263144,0.008090122533139121,0.030051583480399352
d517dfb741134111,4c11374261b646bb,1800000.0,10,1800000.0,1.0,2,2,1.0,False,9,10,1.0,1.0,True,153000.0,0.014565800259886238,0.057447029385759185,0.04866602470709103
d54014800209adc5,0c7cf90270d80316,4071000.0,10,4102000.0,0.992442710872745,3,1,0.3333333333333333,True,6,5,1.0,1.0,True,19000.0,0.03556790154392471,0.02436701950578657,0.4351376215755693
d56dc5041a15a1a6,35510a2ded08e417,1658000.0,35,1756000.0,0.9441913439635536,6,1,0.1666666666666666,True,19,1,1.0,1.0,True,5000.0,0.009586437231746214,0.009815538046843986,0.06465296596063046
d6091c40c743c001,2c126e221f46790f,1991000.0,10,1991000.0,1.0,2,1,0.5,False,9,9,1.0,1.0,True,50000.0,0.006167823506459569,0.05706758116075361,0.11641901107201283
d613b95a60855ccf,290913fd2ebc0e04,330000.0,11,330000.0,1.0,3,1,0.3333333333333333,True,10,10,1.0,1.0,True,7000.0,0.021134550192766857,0.08549398073405334,0.11635457646776659
d65e5d947a18f658,5c2f66eced6a4ed1,4240000.0,14,4240000.0,1.0,6,6,1.0,True,13,14,1.0,1.0,True,217000.0,0.0004009264264210515,0.002659717275275364,0.06304568055471035
d69e6a8e592a3bd2,8f8f952a61ef3882,4475000.0,29,4703000.0,0.95152030618754,6,3,0.5,True,6,29,1.0,1.0,True,122000.0,0.002147820141541347,0.0070341109635478904,0.04339670595984292
d6e8040884dbf96b,e347b201934112c2,10204000.0,25,11042000.0,0.9241079514580692,9,1,0.1111111111111111,True,22,2,1.0,1.0,True,34000.0,0.0016108651061560106,0.0022373126474388716,0.07940491063278361
d7088397d7d8459f,fc4593453c167b16,1548000.0,11,1731000.0,0.8942807625649913,2,1,0.5,False,8,0,1.0,,False,30000.0,0.006064012199618404,0.019520105386374942,0.12014189931735117
d71e0365812b585d,8ea7051031e0702f,4684000.0,21,4684000.0,1.0,1,1,1.0,False,16,21,1.0,1.0,True,19000.0,0.007324066682655994,0.014981045487250877,0.586093580523567
d784e2a8496438df,407880a42c4edb10,4068000.0,19,4120000.0,0.987378640776699,1,1,1.0,False,11,18,1.0,1.0,True,10000.0,0.001836386221017852,0.015976202152831687,0.09396713119243394
d79cda965db28935,db21c2d759e13d09,2744000.0,15,2922000.0,0.9390828199863108,9,3,0.3333333333333333,True,6,6,1.0,1.0,True,112000.0,0.007696355507189828,0.026740360762189774,0.37827408332826207
d7bbfacb7a58c373,a5a0d7a376114ede,2369000.0,13,2369000.0,1.0,2,1,0.5,False,0,13,,1.0,False,14000.0,0.019122758660189795,0.035825639960909705,0.24701721477843444
d7feb456fed71ee0,7e2bb0339d49ec03,1708000.0,11,1898000.0,0.8998946259220232,4,1,0.25,True,10,9,1.0,1.0,True,50000.0,0.011336910647102412,0.06717307492670566,0.153361517506524
d800261e38431b49,199739e67d7d6e8a,151000.0,10,151000.0,1.0,1,1,1.0,False,8,9,1.0,1.0,True,2000.0,0.010488521691193579,0.09107473340182493,0.20758681667997123
d8e583b270e366bd,68a29bc3cb35a880,4871000.0,16,5540000.0,0.8792418772563176,2,2,1.0,False,2,16,1.0,1.0,False,87000.0,0.0036226566387330726,0.007066328265670996,0.19748848231449098
d93ce7a2b2f8b4d3,4aafcb8556ea4018,10573000.0,31,10573000.0,1.0,4,1,0.25,True,27,29,1.0,1.0,True,26000.0,0.002287428450741535,0.003848177753594917,0.3967417568452818
d94117a9a3800431,d1fa7eb22a8e1dc7,2627000.0,19,2936000.0,0.8947547683923706,4,2,0.5,True,8,14,1.0,1.0,True,33000.0,0.0036083378377894633,0.02671172316030257,0.1318367799880438
d974d4c25cced0f7,4a6eb5a555b2fa1d,2980000.0,19,3497000.0,0.852158993422934,5,2,0.4,True,6,18,1.0,0.9444444444444444,False,52000.0,0.002523688666311083,0.011555272361492452,0.05370266293900549
d98c4b7a9dff00b9,547622745067e2a5,959000.0,11,1102000.0,0.8702359346642469,3,2,0.6666666666666666,True,3,11,1.0,1.0,True,36000.0,0.02319645752864655,0.07137922270389074,0.0953345766825486
d9a7507255954fad,fc4334ab43bf084b,468000.0,12,468000.0,1.0,1,1,1.0,False,2,7,1.0,1.0,False,6000.0,0.018664557029994307,0.1154345935071397,0.11737121133476283
da3deb6b9880228c,e14f5b3ee0436c46,1616000.0,13,1616000.0,1.0,6,2,0.3333333333333333,True,12,0,1.0,,False,75000.0,0.007499471994215205,0.017848385376208586,0.23333918017705196
da4ac67a1c38e1d0,dea6e1db88c6debd,3320000.0,22,3320000.0,1.0,13,1,0.0769230769230769,True,9,22,1.0,1.0,True,16000.0,0.014741205571445447,0.019598858791564755,0.30476851868424537
da724c351d342461,471db3a7980756f1,3338000.0,16,3338000.0,1.0,3,2,0.6666666666666666,True,5,16,1.0,1.0,True,44000.0,0.006135606204336449,0.03502020740783163,0.38263057851535515
da7d063346fd0425,1f4526094ec10ad7,2305000.0,16,2529000.0,0.911427441676552,2,2,1.0,False,10,0,1.0,,False,38000.0,0.0011490837757246208,0.0045963351028984745,0.11526276789581641
da959f4a483eb564,1c9594269d6e492d,5795000.0,26,7069000.0,0.8197764888951761,6,2,0.3333333333333333,True,17,25,1.0,1.0,True,99000.0,0.0006801430448214267,0.0077070946078975355,0.2486960941890726
db4aab1b8da48f65,8b34247e332e6d36,4402000.0,24,4567000.0,0.9638712502737028,6,2,0.3333333333333333,True,21,24,1.0,1.0,True,46000.0,0.002154979542013152,0.008798903179847772,0.6151142103360264
db8a2cfd932314b2,ae934085d82ca6ad,1591000.0,12,1591000.0,1.0,5,1,0.2,True,6,8,1.0,1.0,True,50000.0,0.02250915508335332,0.08798187239800537,0.18939478008111602
dbf78c23fc88db5b,d23411043c9b80b8,2896000.0,16,3559000.0,0.8137117167743748,7,1,0.1428571428571428,True,15,16,1.0,1.0,True,30000.0,0.007213095975343025,0.017529792055213322,0.5522761523949984
dc084ac91d4ee799,fd3ddff52a2fe154,7029000.0,28,7525000.0,0.9340863787375416,20,2,0.1,True,24,0,1.0,,False,65000.0,0.000422404627836465,0.0020010524318693212,0.25259438774597015
dc1c969c764f6192,a931d87519366ba1,1209000.0,15,1209000.0,1.0,2,1,0.5,False,11,15,1.0,1.0,True,5000.0,0.011089911330825156,0.061660336563416185,0.3542220774432349
dc1dafd37cc0fe9f,9d6da6f45d7db18e,3687000.0,13,4046000.0,0.9112703905091448,7,2,0.2857142857142857,True,2,13,1.0,1.0,False,108000.0,0.02266666189373302,0.039276470988319434,0.7983053699083239
dc4b7b562f0ca5cb,6b33e5f263068d04,4661500.0,16,4661500.0,1.0,2,2,1.0,False,8,16,1.0,1.0,True,105000.0,0.007750051010728362,0.017211198734217947,0.11324023726253163
dcb2640e29d8f5a8,99bd1393f204bc20,4443000.0,17,4443000.0,1.0,7,1,0.1428571428571428,True,5,14,1.0,1.0,True,208000.0,0.006203620508818591,0.005219202943945511,0.36145665161999335
dcc31805c084179a,9407475c22fd18fc,4837000.0,20,4837000.0,1.0,1,1,1.0,False,1,20,1.0,1.0,False,71000.0,0.002258790848854317,0.011268896342620294,0.1511134657583774
dd53962bf152f880,786de062ae2a1a8e,220000.0,10,220000.0,1.0,1,1,1.0,False,8,10,1.0,1.0,True,4000.0,0.01777679137149055,0.0782200298547,0.1649919635729704
dd5decc2ef84e8af,64444b54b0726475,4470000.0,24,4470000.0,1.0,7,2,0.2857142857142857,True,9,21,1.0,1.0,True,31000.0,0.004947145726016904,0.02172878043192661,0.19459250482364607
dd7b4c6f874e409f,64bd9602c77acb9d,5211000.0,33,6074000.0,0.857918999012183,2,1,0.5,False,25,33,1.0,1.0,True,7000.0,0.001166982276904132,0.006837227450573247,0.5981177936159626
dd888308b130df93,ed27ff1b3f5bb0cc,868000.0,10,1032000.0,0.8410852713178295,3,3,1.0,True,4,0,1.0,,False,38000.0,0.00832280304847272,0.03421835455498956,0.04074414808503936
dd9402e53f9c96fa,5a948d06cc280904,134000.0,10,134000.0,1.0,5,2,0.4,True,6,5,1.0,1.0,True,4000.0,0.018367441910414423,0.08958199840345371,0.057146334565943445
dd9402e53f9c96fa,5e98d27120abfab8,219000.0,18,219000.0,1.0,10,4,0.4,True,15,13,1.0,1.0,True,9000.0,0.004449567393226491,0.011447881354415435,0.027907343039093906
dd9402e53f9c96fa,8ff13517f3d40fe8,179000.0,14,179000.0,1.0,5,4,0.8,True,13,13,1.0,0.9230769230769232,False,8000.0,0.012006314591216132,0.01394293241883926,0.0529294476880506
dd9402e53f9c96fa,c5a8f14129e6090b,237000.0,16,237000.0,1.0,5,3,0.6,True,13,8,1.0,1.0,True,9000.0,0.004775320114693595,0.10063611273191986,0.057855115212652096
dd9402e53f9c96fa,f62ed22af24413ef,295000.0,23,295000.0,1.0,22,12,0.5454545454545454,True,19,16,1.0,0.9375,False,29000.0,0.001868603523140972,0.0020511682351720406,0.005931563290890021
ddbf4166b50118f5,91149684c7f20756,6123000.0,11,6123000.0,1.0,11,3,0.2727272727272727,True,8,0,1.0,,False,734000.0,0.005229942044653181,7.517370495391251e-05,0.002724151879521609
ddd9599aa2db7fda,df644acc30017d28,1382000.0,10,1382000.0,1.0,3,1,0.3333333333333333,True,2,10,1.0,1.0,False,8000.0,0.01761928456111085,0.11266390552455141,0.1924053079795098
de167832bd499ef2,3e9aed91e007ca97,6832000.0,23,6832000.0,1.0,2,1,0.5,False,23,22,1.0,1.0,True,23000.0,0.004721624611155062,0.007893239020164478,0.7867930539496623
de2b403149a5eca7,d544abe9d527b533,2446000.0,15,2570000.0,0.951750972762646,11,4,0.3636363636363636,True,1,1,1.0,1.0,False,87000.0,0.003572540835430441,0.02010359652482696,0.24926168682634517
de8aab29d9111b44,d60c3f7e3236ba9a,3019000.0,15,3744000.0,0.8063568376068376,7,5,0.7142857142857143,True,15,0,1.0,,False,109000.0,0.0003329121219389088,0.002455674361828919,0.028175820556786576
deb94896dc02b4f0,1aaabe2e8e57cfe7,3695000.0,20,3894000.0,0.9488957370313302,2,1,0.5,False,0,0,,,False,30000.0,0.0049543051264887075,0.014555061159178484,0.7388107519876286
dec9f6cce75c39b9,eea475093f2babec,792000.0,11,792000.0,1.0,2,1,0.5,False,7,11,1.0,1.0,True,8000.0,0.03518487361868317,0.14196375195541122,0.1160646207486585
deda1e2e126670ad,096bcbb9adece83c,6389000.0,30,6389000.0,1.0,4,1,0.25,True,21,30,1.0,1.0,True,65000.0,0.00027921661840037517,0.00363339573944077,0.12804229773798742
df0bcb0cae065e0a,1091d8fe768524aa,9148000.0,35,9148000.0,1.0,3,1,0.3333333333333333,True,27,29,1.0,1.0,True,85000.0,0.003089281303583638,0.0032790054160865,0.36550887228703466
df25e42e82a9fd93,6a28e3052c9e7df5,3603000.0,16,3603000.0,1.0,5,1,0.2,True,12,2,1.0,1.0,True,12000.0,0.011820170178949214,0.016971358818412496,0.03766918558239933
dff67a4fdd760ba5,affff2efdb94e79c,12758000.0,43,12758000.0,1.0,8,2,0.25,True,38,42,1.0,1.0,True,69000.0,0.0003042745200516909,0.0019724148299821165,0.01820635539979882
e0b74e9fda5b1515,965fd6007ee10078,5085000.0,43,5096000.0,0.9978414442700158,42,42,1.0,True,43,33,1.0,1.0,True,1235000.0,6.443460424624042e-05,8.23331054257137e-05,0.00454263959935995
e0b74e9fda5b1515,a19523ae8b17153c,6368000.0,54,6394000.0,0.9959336878323428,54,54,1.0,True,54,39,1.0,1.0,True,1569000.0,2.6847751769266842e-05,2.505790165130417e-05,0.001252895082565786
e0f34561d4560c31,1ec98ffc2d1d83cb,3143500.0,24,3419500.0,0.9192864453867524,1,1,1.0,False,21,24,1.0,1.0,True,53000.0,0.0022337329472030014,0.019172874463492473,0.39224565334898853
e0f790998bf685dc,5f88ca410816581a,5566000.0,22,5566000.0,1.0,5,1,0.2,True,18,22,1.0,1.0,True,59000.0,0.0022659502493261215,0.009425350721130599,0.5549501884712175
e1bbbbb6c53b6f13,548f2cc1a646f78d,2780000.0,10,3239000.0,0.8582895955541834,4,1,0.25,True,9,6,1.0,1.0,True,33000.0,0.02602084101477342,0.045379859890532726,0.41325491403349884
e1bd38cd98212546,d8b78f02546de2e1,4381000.0,18,4738000.0,0.924651751794006,6,1,0.1666666666666666,True,13,15,1.0,1.0,True,36000.0,0.013921454217423832,0.022627285191138102,0.6104319624274663
e1d2eaee2b430f49,8dfe726d4f9a3d42,3532000.0,18,3532000.0,1.0,1,1,1.0,False,10,0,1.0,,False,16000.0,0.001281532684453004,0.009811958346608085,0.03264686615142848
e2018e34f617e507,9a7a13b060b3d945,1603000.0,10,1842000.0,0.8702497285559175,9,1,0.1111111111111111,True,5,10,1.0,1.0,True,24000.0,0.013037268259155979,0.02319645752864652,0.36706604188965214
e277e14281b43d0b,efebdb9d12a4bc11,3475000.0,18,4113000.0,0.8448820812059324,2,1,0.5,False,12,17,1.0,1.0,True,65000.0,0.003483048329532885,0.016889025712986783,0.11482246476680043
e32aeb4674591f70,0ce15d70b0f0a257,2420000.0,20,2463000.0,0.98254161591555,3,1,0.3333333333333333,True,1,15,1.0,1.0,False,20000.0,0.025397973173726433,0.00831564364800097,0.38711236321070475
e3664478b5588228,0ea15bda0b859ab9,8052000.0,30,8504000.0,0.9468485418626528,4,1,0.25,True,18,30,1.0,1.0,True,24000.0,0.0036691927417998016,0.004929247224837341,0.1335550361012769
e3b4187e59c3f0bf,614beab506d92b49,1856000.0,11,1856000.0,1.0,7,6,0.8571428571428571,True,8,11,1.0,1.0,True,100000.0,0.0030928610038195403,0.020425769546058237,0.013416716484161616
e3b4187e59c3f0bf,95d8a21d98964d66,1734000.0,16,1734000.0,1.0,2,2,1.0,False,12,16,1.0,1.0,True,23000.0,0.0034060847744609864,0.010062537363121238,0.18961672149574194
e3dde0a82f55c836,3ec6b779db3a11c3,2953000.0,16,2953000.0,1.0,1,1,1.0,False,5,16,1.0,1.0,True,17000.0,0.013244890872838309,0.021005680984274355,0.10566201186312658
e42a8484d35a3c49,c4b6723f43b1f7b1,5950000.0,28,5950000.0,1.0,3,1,0.3333333333333333,True,6,28,1.0,1.0,True,10000.0,0.010109073466187942,0.00831206394776507,0.09831646697905518
e4a0703690638f80,03e96d497ec82f46,3236000.0,12,3236000.0,1.0,1,1,1.0,False,5,9,1.0,1.0,True,22000.0,0.011179403836722713,0.018550006622445436,0.07503409664474697
e4c36b41fe5eec44,b0648424112d9428,3481000.0,14,3666000.0,0.9495362793235134,7,1,0.1428571428571428,True,14,14,1.0,1.0,True,46000.0,0.013760367706808233,0.019541583587790345,0.2169656312980351
e4d488e7fbe4435d,1980f45f14112f20,4400000.0,19,4498000.0,0.9782125389061804,3,2,0.6666666666666666,True,10,18,1.0,1.0,True,47000.0,0.004710885510447355,0.012392922216693525,0.0763550060317949
e4f998f151ebd2ea,34de1d159d4bcaa2,3448000.0,17,3448000.0,1.0,2,1,0.5,False,13,17,1.0,1.0,True,50000.0,0.006919560555999041,0.03936596349421695,0.9085851950757644
e504bb113eedbb01,b362416ee69d1f84,4146000.0,144,4444000.0,0.9329432943294328,8,2,0.25,True,90,142,1.0,1.0,True,33000.0,0.003207411411368412,4.295640283080715e-05,0.0011634025766682299
e508e5bc4f0d5a33,abf3827a37b4934c,1404000.0,21,1404000.0,1.0,1,1,1.0,False,10,21,1.0,1.0,True,11000.0,0.0037515258472255535,0.018120442594137143,0.14646701485217628
e5639b40333338ac,484c4a31efe34f93,4453000.0,26,4849000.0,0.9183336770468138,3,2,0.6666666666666666,True,20,24,1.0,1.0,True,78000.0,0.0007624761502471783,0.007173719272748125,0.0455874825042151
e5beb924c1fe10b4,14bb39b6fe9baf5a,2511000.0,21,2511000.0,1.0,7,1,0.1428571428571428,True,10,19,1.0,1.0,True,43000.0,0.005269318747248106,0.01565044943136462,0.12825707975214157
e5ee444634cfa624,11ff91b8dd95407b,5387000.0,20,5526000.0,0.9748461816865726,2,1,0.5,False,19,20,1.0,1.0,True,23000.0,0.008662874570883434,0.01523520420399993,0.8787985094128218
e6226a83e74cde2c,31e9d70f116f13a0,1211000.0,84,1211000.0,1.0,77,3,0.0389610389610389,True,65,79,1.0,1.0,True,6000.0,0.006182142307403178,7.159400471801192e-06,0.0008483889559088322
e635370ba89c9b50,16bd205f8e87cc87,7115000.0,19,7115000.0,1.0,2,1,0.5,False,19,18,1.0,1.0,True,96000.0,0.007256052378173851,0.008415875254606187,0.09653377626157586
e63fc2e00c1fa37a,b4b66b57f57af10c,2358000.0,12,2358000.0,1.0,5,5,1.0,True,4,11,1.0,1.0,True,303000.0,0.0008627077568524412,0.0032575272146710965,0.090559256567855
e6b559c7d4b52827,246d00df83c99bcd,979000.0,10,1219000.0,0.8031173092698933,1,1,1.0,False,10,0,1.0,,False,7000.0,0.002652557874803564,0.009382394318299792,0.016301954874298825
e6c326cf98b0445a,3ad0e18118ec6ddd,1833000.0,14,1833000.0,1.0,3,1,0.3333333333333333,True,9,14,1.0,1.0,True,15000.0,0.016699301600483975,0.031845013298586355,0.215870243025849
e6fbd3ea1d9767de,a3e99e6114f49e8e,4885000.0,18,5032000.0,0.9707869634340224,3,1,0.3333333333333333,True,3,18,1.0,1.0,True,24000.0,0.0012063589794990568,0.003271846015614699,0.008276266945405992
e7683a64726a96a7,f0dbc77a4cd5a19c,1448000.0,12,1448000.0,1.0,7,6,0.8571428571428571,True,0,0,,,False,173000.0,0.0013209093870479285,0.008888395685745287,0.026879969071389963
e77ac3dee5bf92c2,f8cad5e7cc8db4d0,5515000.0,19,5945000.0,0.9276703111858704,14,3,0.2142857142857142,True,1,0,1.0,,False,86000.0,0.0005083174334981189,0.004431668892046936,0.261719043647285
e7d7f50345b06b19,ba46dd604f11ffba,2636000.0,11,2636000.0,1.0,1,1,1.0,False,11,10,1.0,1.0,True,15000.0,0.017383024345541304,0.03609769717883826,0.4095570836898118
e7d95cdd4591925f,3a28f1cb3c370fb6,3656000.0,22,4012000.0,0.9112662013958126,2,2,1.0,False,4,21,1.0,1.0,True,73000.0,0.0020762261368233023,0.012582646329196367,0.27868682276546164
e8321a605faf23a6,f444f3561042c8b8,2314000.0,23,2530000.0,0.9146245059288538,6,1,0.1666666666666666,True,23,23,1.0,1.0,True,22000.0,0.006157084405751862,0.018385340411593898,0.15546638124523451
e8bd8e19fec9ccc7,fe1732de29e5f705,2125000.0,16,2125000.0,1.0,3,1,0.3333333333333333,True,4,4,1.0,1.0,True,6000.0,0.027381127104416276,0.06435943054128646,0.607700651147473
e9afd6ca503da4ee,ca34b178aa8cb69e,3869000.0,35,4223000.0,0.9161733364906464,1,1,1.0,False,32,35,1.0,1.0,True,38000.0,0.006515054429342087,0.008763106177488655,0.5305008358600051
e9f6397fd57481fd,73abf40200400614,4142000.0,15,4818000.0,0.8596928185969281,6,1,0.1666666666666666,True,4,11,1.0,1.0,True,122000.0,0.00527647814771991,0.01611939016226782,0.4496926827347478
e9fc0c58cff62eed,754168b720cffc7a,166000.0,13,166000.0,1.0,4,2,0.5,True,10,0,1.0,,False,4000.0,0.016616968495058223,0.02508295955296702,0.04393008129499236
ea117acc7e4fd0a2,c7b75b103ef51feb,2496000.0,23,2496000.0,1.0,21,11,0.5238095238095238,True,22,23,1.0,1.0,True,279000.0,0.002845861687542285,0.002172878043192661,0.008924192688104298
ea16af7f5724ef83,b6deb1efca48033b,6907000.0,22,7421000.0,0.9307370974262228,14,2,0.1428571428571428,True,11,17,1.0,1.0,True,55000.0,0.0010166348669962378,0.004607074203606176,0.31600877742497846
ea3e90d7966829a1,d4b019a1243e8718,1976000.0,14,2225000.0,0.8880898876404495,2,1,0.5,False,3,12,1.0,1.0,True,31000.0,0.014189931735116502,0.032367649533028064,0.2152151578826789
ea41163f17b8ca66,bbd919989a734956,3099000.0,17,3208000.0,0.9660224438902744,3,1,0.3333333333333333,True,4,10,1.0,1.0,True,7000.0,0.020193089030724566,0.06076541150444059,0.7101838892011183
ea638f50bd791326,8e865874085255dc,2274000.0,17,2293000.0,0.9917139119058004,8,1,0.125,True,6,0,1.0,,False,15000.0,0.003436512226466156,0.036881651530500825,0.26854553199715053
eadbd30009d5f142,d70ff88a96f492bc,5126000.0,37,5126000.0,1.0,12,1,0.0833333333333333,True,31,33,1.0,1.0,True,42000.0,0.0016251839070996195,0.0007338385483599552,0.08391533293002044
eaf43af690041463,d526e06fd53f8480,2540000.0,11,2684000.0,0.9463487332339792,1,1,1.0,False,4,11,1.0,1.0,True,53000.0,0.016602649694114614,0.02812212505324807,0.07832026146130523
eb0fe52f98949758,88914db308075884,7594000.0,18,7645000.0,0.9933289731850884,18,10,0.5555555555555556,True,9,18,1.0,1.0,True,2158000.0,4.832595318468032e-05,2.1478201415403575e-05,0.0007946934523702985
eb8c41f66161961b,b7dd56ceaf413ae5,7914000.0,29,7974000.0,0.9924755455229496,20,3,0.15,True,17,29,1.0,1.0,True,113000.0,0.0027527894814088267,0.002480732263480223,0.17577402068350798
ebd6d7f4fb2c9047,8f1182e3640f8c79,6101000.0,18,6101000.0,1.0,1,1,1.0,False,13,18,1.0,1.0,True,119000.0,0.004732363711862768,0.014379655847619355,0.679434264174718
ebe9207d014d33ad,610b42396f7ee1b2,6032000.0,19,6943000.0,0.8687887080512746,16,6,0.375,True,16,19,1.0,1.0,True,569000.0,0.0006479257426983064,0.0019115599259718064,0.02291008150977437
ec0dfd546492e8ba,9f4af13304416dd8,4785000.0,23,4785000.0,1.0,3,1,0.3333333333333333,True,2,22,1.0,1.0,False,23000.0,0.003193092610424803,0.021700142830039404,0.7621181802235881
ec29e93c0df1b8a7,16d618b7fd19fe46,2086000.0,11,2086000.0,1.0,11,11,1.0,True,11,11,1.0,1.0,True,467000.0,0.0001575068103796988,0.004327857585205819,0.11712779171872148
ec29e93c0df1b8a7,a35d363299085372,2116000.0,14,2116000.0,1.0,6,3,0.5,True,14,13,1.0,1.0,True,131000.0,0.0013602860896428533,0.030914291237251756,0.016423664682319504
ec29e93c0df1b8a7,cb80e450de98c6b1,4253000.0,35,4282000.0,0.9932274638019616,13,13,1.0,True,33,33,1.0,1.0,True,292000.0,3.5797002359022454e-06,0.0004689407309032001,0.01391787451718793
ec452c1867b68d4b,8205ab95baacf023,2208000.0,14,2262000.0,0.9761273209549072,3,2,0.6666666666666666,True,14,14,1.0,1.0,True,35000.0,0.016105071361324202,0.051057264464673735,0.13433541075270358
ec9b6f8cac7a1be5,59be5e8cec25d4da,2968000.0,12,2968000.0,1.0,3,1,0.3333333333333333,True,6,5,1.0,1.0,True,40000.0,0.011322591846158803,0.04603494503370287,0.3267657766338647
ecac86664e58cbe8,cd48e760cdf3122f,5609500.0,19,5609500.0,1.0,2,1,0.5,False,19,18,1.0,1.0,True,10000.0,0.005122551037576114,0.007800166814030951,0.44726564597480606
ece1d373ccff6484,72959dd358a26c20,2260000.0,10,2260000.0,1.0,1,1,1.0,False,1,0,1.0,,False,15000.0,0.001718256113233078,0.006536532630757486,0.3133991759530057
ed05ebebff7c9f2a,efa19ffd12ad5e5f,4413000.0,20,4432000.0,0.9957129963898916,3,1,0.3333333333333333,True,11,20,1.0,1.0,True,8000.0,0.007120023769209566,0.007685616406482132,0.04101262560273203
ed71a22ec99c06ef,ea384416b414f96e,3660000.0,14,4143000.0,0.8834178131788559,3,1,0.3333333333333333,True,9,12,1.0,1.0,True,29000.0,0.003422193425522547,0.02735964890300091,0.20208481741738946
ed7aaf1ad73c5d7a,446bee00a104cf77,3671000.0,17,4124000.0,0.8901551891367604,9,1,0.1111111111111111,True,14,17,1.0,1.0,True,142000.0,0.0034186137252866446,0.009951566655808208,0.6230468260587858
ed8ecc88d77926f0,eb50248f5f76435f,2598000.0,12,2598000.0,1.0,2,1,0.5,False,3,10,1.0,1.0,True,21000.0,0.013588542095484924,0.03854621214019538,0.31120124000816174
ee58f9ff2946f8b0,01af81cb48832f2e,2840000.0,20,2840000.0,1.0,11,1,0.0909090909090909,True,19,20,1.0,1.0,True,50000.0,0.012979993055381542,0.01756558905757233,0.5222460471160145
ee7d2f2cc6da651a,75ef7cb28c1d698d,12962000.0,40,12962000.0,1.0,2,1,0.5,False,26,40,1.0,1.0,True,21000.0,0.0017683719165357092,0.003704989744158782,0.05024109281088802
eed026f11638e581,a99c4f117a1fd529,5036000.0,18,5624000.0,0.895448079658606,2,1,0.5,False,5,18,1.0,1.0,True,57000.0,0.014404713749270636,0.015722043436082633,0.5482812069317315
eef5f889e8b50d7e,c95822f2b4267126,2357000.0,11,2611000.0,0.9027192646495596,8,1,0.125,True,3,11,1.0,1.0,True,17000.0,0.056290786209562814,0.0174546183502593,0.258826645856676
ef04cf9f3a1df2da,8fc8e6eb11074fad,3261000.0,16,3452000.0,0.9446697566628042,7,2,0.2857142857142857,True,7,0,1.0,,False,26000.0,0.0005405347356212391,0.008122339835262227,0.04337164805819161
ef20e6c6496834af,fd60e6043ba21647,5923000.0,17,5923000.0,1.0,2,1,0.5,False,10,17,1.0,1.0,True,137000.0,0.010434826187655045,0.016735098602842946,0.5040146338145644
f03a3d336b5b32cc,bbcb87913da71da3,5208000.0,24,5266000.0,0.9889859475883024,9,1,0.1111111111111111,True,18,23,1.0,1.0,True,20000.0,0.0010309536679398467,0.004871972021062931,0.12686457636037557
f03b60705f31eb45,08a8220d253c272c,2411000.0,17,2411000.0,1.0,2,1,0.5,False,14,17,1.0,1.0,True,13000.0,0.013116021664345827,0.04680100088418593,0.5757052904389787
f03c752830a8927d,28fd5f87ba1de35e,3436000.0,10,3554000.0,0.9667979741136749,5,1,0.2,True,6,9,1.0,1.0,True,26000.0,0.04195766646501022,0.03258243154718221,0.31816017726675566
f08f2beeb5151a32,3ea0855660fb9ee9,3686000.0,11,3686000.0,1.0,2,1,0.5,False,3,11,1.0,1.0,True,33000.0,0.013878497814593006,0.023328906437374952,0.07397450537491991
f199d24e20214220,a3bf6dc80e482d14,2542000.0,18,2542000.0,1.0,2,1,0.5,False,18,0,1.0,,False,34000.0,0.001005895766288531,0.006844386851045048,0.13706314233246109
f1a6efd8ddf243b4,c249c69a848749e6,348000.0,10,348000.0,1.0,1,1,1.0,False,0,0,,,False,5000.0,0.014540742358234921,0.021284897602674713,0.11417095932386621
f1a9aa127b7e32b8,051f44795104e559,5685000.0,22,5783000.0,0.983053778315753,1,1,1.0,False,16,0,1.0,,False,21000.0,0.0007266791478881559,0.002137081040833655,0.043507676667155895
f1aa8ceb695108c6,184a7952f3742d3b,4399000.0,23,4507000.0,0.9760372753494564,3,1,0.3333333333333333,True,3,0,1.0,,False,45000.0,0.0013065905861043196,0.00591366478971056,0.031880810300945396
f1aa8ceb695108c6,2a398c0cf3e4564d,2024000.0,14,2194000.0,0.9225159525979946,4,2,0.5,True,4,0,1.0,,False,80000.0,0.0015535899023815746,0.014522843857055379,0.02890249970467473
f1c7de5737101a8b,d7f0d8ea851ed4d7,4018000.0,22,4018000.0,1.0,3,1,0.3333333333333333,True,6,22,1.0,1.0,True,134000.0,0.008995786692822343,0.02747419931054973,0.4829015618232129
f1db6c926a33dc68,06454e7c9fe54d99,3579000.0,15,3579000.0,1.0,1,1,1.0,False,12,14,1.0,1.0,True,35000.0,0.004564117800775363,0.023862281772524363,0.8679484379978021
f2d7b73ea301888c,74128ea71854ca75,5228000.0,16,5445000.0,0.9601469237832874,9,1,0.1111111111111111,True,9,0,1.0,,False,20000.0,0.006282373914008441,0.007109284668501914,0.42841136483230896
f429ee65c9d92392,bae55dd12d39bded,2018000.0,12,2494000.0,0.8091419406575782,1,1,1.0,False,4,12,1.0,1.0,True,30000.0,0.0034150340250507422,0.015339015510841159,0.07457947471478739
f4b1fbc99d0254c5,8ee55539bc777793,1910000.0,14,1910000.0,1.0,5,1,0.2,True,9,13,1.0,1.0,True,7000.0,0.017812588373849574,0.0918909050556106,0.424527390076355
f509d96f71be7fe1,295a85f786cf48c2,1716000.0,11,1716000.0,1.0,2,1,0.5,False,9,11,1.0,1.0,True,28000.0,0.04100188650202432,0.12244006686880038,0.4371887898107413
f509ff7820fd3c0d,f4b98ff3e13ac521,3424000.0,13,3575000.0,0.9577622377622378,4,1,0.25,True,3,13,1.0,1.0,True,12000.0,0.03178773809481194,0.019935350613739633,0.15790057740564806
f548c1a028c44178,9607eee60af239a6,2931000.0,12,2931000.0,1.0,2,2,1.0,False,6,12,1.0,1.0,True,90000.0,0.007384921586666333,0.04340744506055061,0.13544153812559737
f580bdf86e32fe2a,b196eff505fdf910,3856000.0,23,3856000.0,1.0,14,1,0.0714285714285714,True,12,23,1.0,1.0,True,18000.0,0.005265739047012203,0.00884185958267858,0.3431930210164201
f58738f7ae73c970,69c153d8ce383056,5009000.0,14,6228000.0,0.8042710340398201,3,1,0.3333333333333333,True,5,0,1.0,,False,430000.0,0.003862496554538523,0.0038875544561898234,0.32337222081022937
f5aba9eb4fb5536f,601a0d7fbc2aab28,4121000.0,19,4372000.0,0.9425892040256176,7,3,0.4285714285714285,True,16,18,1.0,1.0,True,82000.0,0.0006443460424624042,0.0058277519840488345,0.01790566057998303
f5b3345e48198780,543a605d7b0887df,1395000.0,15,1464000.0,0.9528688524590164,1,1,1.0,False,14,15,1.0,1.0,True,11000.0,0.0017612125160639048,0.007041270364019692,0.21698710949945052
f5d16c59104fbed7,790a7c79085e1cdc,1126000.0,67,1333000.0,0.8447111777944486,46,46,1.0,True,46,57,1.0,1.0,True,141000.0,0.00018256471203101452,0.0002720572179285563,0.0021048637387105205
f5e1b9ea3933aa5c,064f7e8e10e10ee0,5051000.0,15,5051000.0,1.0,2,1,0.5,False,10,15,1.0,1.0,True,59000.0,0.004517581697708634,0.01563255093018512,0.7071483034010732
f60de841ef0831ca,efcfb8ed11944c0b,1831000.0,10,2046000.0,0.8949169110459433,1,1,1.0,False,3,10,1.0,1.0,True,39000.0,0.012919138151371204,0.034361542564425696,0.05969866083414175
f61a58ec541feb8e,80302e958f3120c0,1949000.0,19,1949000.0,1.0,11,1,0.0909090909090909,True,16,18,1.0,1.0,True,14000.0,0.0033040633177377726,0.01024510207515228,0.23013176876568356
f6c059af13c1d7e4,96478e6eeee55e48,8700000.0,40,8700000.0,1.0,35,7,0.2,True,33,40,1.0,1.0,True,387000.0,0.002595282671029128,0.0002899557191080593,0.010986100023983992
f700286afeb3d685,1b9bdf96439f4e33,3263000.0,12,3263000.0,1.0,5,2,0.4,True,6,12,1.0,1.0,True,65000.0,0.00640766342226502,0.0438226902879153,0.24969125085465343
f7263fe1134febf2,b18447717119ca34,5194000.0,15,5194000.0,1.0,8,1,0.125,True,7,14,1.0,1.0,True,31000.0,0.0113190121459229,0.003465149828353331,0.18742952465160567
f73b001a9d975592,b51d85a31c199df3,2795000.0,14,2922000.0,0.956536618754278,10,1,0.1,True,13,14,1.0,1.0,True,45000.0,0.014211409936531914,0.019878075409965223,0.16951312497091495
f767385f9c652aab,f4af4ba8d85f8d39,2618000.0,25,3206000.0,0.8165938864628821,21,12,0.5714285714285714,True,8,13,1.0,1.0,True,226000.0,0.0006873024452932311,0.005487680461638167,0.05892186588295096
f7acbbd59ab450c8,c68578c20a2668f5,693000.0,13,750000.0,0.924,8,1,0.125,True,1,13,1.0,1.0,False,3000.0,0.026092435019491468,0.03510612021349335,0.038424502332174704
f7f2fc7ea3c0ab55,c1f69fb1a068ff32,8598000.0,48,8787000.0,0.9784909525435302,9,1,0.1111111111111111,True,31,48,1.0,1.0,True,32000.0,0.0014963146986071386,0.0019294584271513093,0.05459758799798105
f868d7356906f293,9c1098763207f707,3173000.0,10,3384000.0,0.937647754137116,5,1,0.2,True,5,5,1.0,1.0,True,50000.0,0.008333542149180428,0.03308358958020852,0.2789910972855133
f8d97dd659d52c2d,a4e660465fe0bfc4,3356000.0,17,3534000.0,0.9496321448783248,11,6,0.5454545454545454,True,8,16,1.0,1.0,True,136000.0,0.0012135183799708612,0.007943354823467086,0.026185507225624925
f8e018c60c578115,b7a93a9116b1480f,1318000.0,10,1318000.0,1.0,3,3,1.0,True,8,10,1.0,1.0,True,59000.0,0.015854492344811046,0.08065780571534942,0.04340028566007882
f93d62a21bfe827d,536d4a0ea5a2ed18,4979000.0,20,5508000.0,0.9039578794480756,1,1,1.0,False,0,0,,,False,222000.0,0.007739311910020655,0.011347649747810107,0.5989017479676252
f94cb9afad285300,ef5297b8ab3fe0bd,3687000.0,26,3687000.0,1.0,11,1,0.0909090909090909,True,25,26,1.0,1.0,True,61000.0,0.009117496500843019,0.008934931788811995,0.21350764087015353
f94e52b0bfd5a39f,239a6b4107fca2d6,1843000.0,31,1843000.0,1.0,5,1,0.2,True,27,31,1.0,1.0,True,18000.0,0.0033291212193890885,0.012722254638396602,0.06584858583942181
f964036815a366dc,95e36c18dd948c3a,3934000.0,21,4103000.0,0.958810626370948,2,1,0.5,False,14,21,1.0,1.0,True,90000.0,0.005655926372725548,0.034826903595092995,0.6952851768192931
f9841c7d8146e9ca,ebab3015f6dd4063,6920000.0,22,8624000.0,0.8024118738404453,3,1,0.3333333333333333,True,22,21,1.0,1.0,True,220000.0,0.006314591216131561,0.004907769023421937,0.19876643529870808
f99a45c07047e4d9,1899db6d6372cebe,1616000.0,15,1616000.0,1.0,5,1,0.2,True,0,15,,1.0,False,10000.0,0.003801641650528185,0.0735091443442526,0.06884121523663608
fa4d46136646d9a9,a5c8b4476cf8710c,3261000.0,17,3431000.0,0.9504517633343048,1,1,1.0,False,16,17,1.0,1.0,True,91000.0,0.006651083038306372,0.02138154950904414,0.6090967342394747
fa93c7bdb7f3010b,82394df9e22dcf30,7288000.0,30,8194000.0,0.8894312911886746,19,3,0.1578947368421052,True,30,30,1.0,1.0,True,111000.0,0.0004152452273646605,0.002294587851213392,0.33199213897828195
fa9e0f7219de3751,0a18ba29775cccbe,2642000.0,19,2836000.0,0.9315937940761636,5,2,0.4,True,13,0,1.0,,False,108000.0,0.0014927349983712365,0.011233099340261288,0.39005129710438047
fb0fe62b752f3ad7,a65263bf7eda4b01,4826000.0,24,4826000.0,1.0,10,9,0.9,True,23,24,1.0,1.0,True,413000.0,7.159400471804491e-06,0.002631079673388159,0.009428930421366515
fb53568798a6c217,e930b1c477e9ecf7,3393000.0,14,3393000.0,1.0,11,3,0.2727272727272727,True,13,3,1.0,1.0,True,78000.0,0.002999788797686082,0.018560745723153138,0.24049858064885646
fb5fdc8edb9b49d7,889003aee5db2745,1057000.0,10,1057000.0,1.0,1,1,1.0,False,0,10,,1.0,False,15000.0,0.006618865736183252,0.020826695972479214,0.2220810229351394
fb73c307b0c09f32,346c0befbd1a95ab,4805000.0,21,4932000.0,0.974249797242498,6,1,0.1666666666666666,True,20,21,1.0,1.0,True,12000.0,0.005000841229555437,0.006547271731465187,0.029596961550439765
fbb5fad6a1615aa3,d99f5d7d24e2d881,720000.0,48,720000.0,1.0,3,3,1.0,True,39,31,1.0,1.0,True,9000.0,0.0005763317379802616,0.002616760872444557,0.0053910285552687814
fbd0cff147de8ab5,592925edccd332a7,2182000.0,16,2182000.0,1.0,1,1,1.0,False,7,13,1.0,1.0,True,51000.0,0.020375653742755583,0.019616757292744258,0.3933124040192874
fc21623fe19aa639,b64c2bd29fb1d20c,2566000.0,15,2707000.0,0.9479128186183968,4,2,0.5,True,12,2,1.0,1.0,True,79000.0,0.0047144652106832574,0.04217244847916435,0.35707867823148487
fca063d0a95b6474,3e44968c8b7c6d9b,3177000.0,21,3280000.0,0.9685975609756098,11,3,0.2727272727272727,True,18,21,1.0,1.0,True,76000.0,0.002580963870085519,0.0145836987610658,0.2932919997279428
fca4f3bd038837b8,0b26b36dfb1bbec8,2023000.0,14,2023000.0,1.0,6,4,0.6666666666666666,True,8,14,1.0,1.0,True,109000.0,0.00538744885503288,0.038413763231466946,0.028225936360089205
fcef0a1a9341fec7,2454954c5de47836,2188000.0,18,2282000.0,0.9588080631025416,2,2,1.0,False,17,18,1.0,1.0,True,192000.0,0.0032611069149069455,0.02612465232161454,0.08013158978067177
fd4b181d4c786fba,8826b16585f39fb4,2664000.0,17,2699000.0,0.9870322341608004,8,3,0.375,True,16,17,1.0,1.0,True,59000.0,0.009869233550382491,0.01833522460829129,0.334626798351906
fd9f9738351bf78c,60f6c8a79151a921,1566000.0,10,1566000.0,1.0,3,1,0.3333333333333333,True,8,10,1.0,1.0,True,17000.0,0.014959567285835484,0.13585320365272613,0.23844025301321267
fdfa324fd0ffb17e,818e63072636605d,3635000.0,24,3635000.0,1.0,6,1,0.1666666666666666,True,24,21,1.0,1.0,True,32000.0,0.006858705651988702,0.006805010148450141,0.14672475326916123
fe86c5c87845b528,8caa114164c13e09,892000.0,23,1006000.0,0.8866799204771372,5,5,1.0,True,22,20,1.0,1.0,True,30000.0,0.001077489771006576,0.017118126528084532,0.08565148754443302
feb2467aac25e7b9,87674aeb69d6caf0,1521000.0,12,1521000.0,1.0,5,1,0.2,True,9,0,1.0,,False,31000.0,0.011566011462200156,0.035113279613965154,0.10580162017232676
feeffe68522b1ed9,55482663f66988b6,2708000.0,19,2708000.0,1.0,8,1,0.125,True,14,0,1.0,,False,12000.0,0.007796587113795091,0.013438194685577054,0.49855559095481344
ff2aab389ff893f1,8eaca646a9a3c452,1346000.0,12,1346000.0,1.0,3,2,0.6666666666666666,True,11,11,1.0,1.0,True,18000.0,0.007334805783363701,0.0847959391880524,0.022437561078635274
ff6991f732e05132,3c65ed70e9e2ce05,8120300.0,39,8120300.0,1.0,2,1,0.5,False,38,39,1.0,1.0,True,30000.0,0.0036835115427434105,0.002491471364187925,0.05862833046360698
ff6df6b68e99935d,6a75b725c8728c7e,5192000.0,19,6076000.0,0.8545095457537853,11,1,0.0909090909090909,True,16,19,1.0,1.0,True,42000.0,0.0025093698653674743,0.006389764921085561,0.68594931860406
ff73e0bfee082187,afeca0e0087bef27,2356000.0,18,2767000.0,0.8514636790748102,6,1,0.1666666666666666,True,9,0,1.0,,False,14000.0,0.01144788135441538,0.014229308437711419,0.13568495774163872
fff8096a5e00f698,f3efff8cef154855,3028000.0,11,3518000.0,0.8607163160886867,3,2,0.6666666666666666,True,2,7,1.0,1.0,False,36000.0,0.004123814671759387,0.029213933625198196,0.0645742125554406
