driver_id,customer_id,n_trips,avg_gmv,n_ghost,min_gap_min,n_close_gap,n_gap_valid,promo_rate,pct_close_gap,ghost_rate,high_confidence,n_rated_by_customer,n_rated_by_driver,pct_rate_customer_is_5,pct_rate_driver_is_5,mutual_perfect_rating,total_gmv_flagged,if_score_percentile,vae_rank_pct,lof_score_percentile
01623964a3058ee3,bf2d77379f206b63,25,156600.0,0,12.216666666666669,0,24,0.92,0.0,0.0,False,23,25,1.0,1.0,True,3915000.0,0.021904185743485842,0.009912189953213302,0.6864182593349633
01714f487853f9ea,df1ffc3f608e21a2,38,143447.36842105264,0,5.516666666666667,0,37,0.9736842105263158,0.0,0.0,False,25,38,1.0,1.0,True,5451000.0,0.018625180327399384,0.003207411411368377,0.2158487648244336
018a50f602cedb8d,5e2b409f5604eb95,24,124666.66666666669,1,22.53333333333333,0,23,1.0,0.0,0.0416666666666666,False,22,22,1.0,1.0,True,2992000.0,0.02594924701005538,0.011404924951584516,0.10406188585767828
019d9de93d765cc3,6fad3cec31e51149,48,67687.5,4,7.216666666666667,0,47,0.0416666666666666,0.0,0.0833333333333333,False,27,37,1.0,1.0,True,3249000.0,0.0026489781745676617,0.007331226083127751,0.053058316896543084
01e148ef553c737f,99d38cf092913061,37,29054.054054054053,0,2.6333333333333333,13,36,0.4054054054054054,0.3611111111111111,0.0,False,37,23,1.0,1.0,True,1075000.0,0.025322799468772486,0.0037193085451023844,0.19182897624152953
0201eeeb1af9bfca,034f9bf0375ffb30,26,121615.3846153846,0,16.7,0,25,0.8461538461538461,0.0,0.0,False,17,26,1.0,1.0,True,3162000.0,0.015235204203999956,0.025802479300383374,0.23810376119103785
02120e1d17fa92e9,b9a158e9775155e9,36,118611.11111111112,6,38.66666666666666,0,35,1.0,0.0,0.1666666666666666,False,7,32,1.0,1.0,True,4270000.0,0.0011204461738374028,0.009990943358403115,0.01750115445332608
023f52e48d1ad128,784ca6b743abf41b,28,10428.57142857143,2,0.8666666666666667,24,27,0.0,0.8888888888888888,0.0714285714285714,True,4,0,1.0,,False,292000.0,0.020296900337565732,0.0036047581375535653,0.07769381392002234
025aa77f9591f6f3,19e092eb127d8c48,25,24080.0,1,103.0,0,24,1.0,0.0,0.04,False,25,25,1.0,1.0,True,602000.0,0.012235415406313876,0.007914717221579881,0.062225929200688736
025aa77f9591f6f3,bf328279bd440dc2,36,21916.666666666668,0,16.116666666666667,0,35,0.9722222222222222,0.0,0.0,False,22,36,1.0,1.0,True,789000.0,0.02947525174241909,0.007682036706246231,0.19999785217985847
029c527405d359e5,ee101b9cc24de36e,29,154068.9655172414,15,37.766666666666666,0,28,1.0,0.0,0.5172413793103449,True,0,0,,,False,4468000.0,0.00041166552712875826,0.002022530633284725,0.015442826817682288
02db4cdc33ebde19,d4c57cea03afcdfd,30,149433.33333333334,0,1.5166666666666666,6,29,0.8,0.2068965517241379,0.0,False,28,30,1.0,1.0,True,4483000.0,0.007356283984779115,0.00509749313592478,0.34327893382208174
02fecc3c3ed3803b,14c75da1a703e460,30,334666.6666666667,0,37.5,0,29,0.9666666666666668,0.0,0.0,False,26,30,1.0,1.0,True,10040000.0,0.005426825557627804,0.00246283376230072,0.4230704520803428
031d6b289f9fd963,2c7192581a1b6e85,115,15043.478260869566,115,0.4666666666666667,108,114,1.0,0.9473684210526316,1.0,True,110,111,1.0,1.0,True,1730000.0,7.159400471804492e-05,1.4318800943602383e-05,0.00018256471203101452
033e6ffe4d548f30,e429a4bcb5ebb278,27,28000.0,1,1.5833333333333333,22,26,0.0,0.8461538461538461,0.037037037037037,True,0,0,,,False,756000.0,0.044660340143116414,0.004789638915637218,0.07166559872276296
033e6ffe4d548f30,fe15219f7085daf7,31,28000.0,2,1.3333333333333333,26,30,0.0,0.8666666666666667,0.064516129032258,True,0,0,,,False,868000.0,0.028379863470233004,0.0036942506434510802,0.055213296438556235
03ab968fd50e7895,579c0a874c04eb41,27,212000.0,0,34.65,0,26,1.0,0.0,0.0,False,13,26,1.0,1.0,True,5724000.0,0.03525646762340122,0.010173508070434156,0.08474940308498566
0455fce5025b170d,06b645fb5851b587,25,392440.0,4,27.48333333333333,0,24,0.92,0.0,0.16,False,10,0,1.0,,False,9811000.0,0.0004474625294877807,0.003332700919625009,0.16136214753376552
04a9ec6821110c1f,f89b8475159ebc99,26,211038.46153846156,4,65.6,0,25,0.9615384615384616,0.0,0.1538461538461538,False,4,1,1.0,1.0,True,5487000.0,0.0006300272415187952,0.0042240462783647015,0.0983486842811783
04bf4f8bb7341ea1,fecd6c6d418a8e00,24,27875.0,15,1.1166666666666667,16,23,0.0,0.6956521739130435,0.625,True,22,24,1.0,1.0,True,669000.0,0.003096440704055442,0.08191070079791518,0.26387044348906225
052760bc4af30acb,5b75e6bcce36c911,27,141777.77777777778,0,10.483333333333333,0,26,1.0,0.0,0.0,False,4,0,1.0,,False,3828000.0,0.004707305810211453,0.02255211148618419,0.5756480152352043
052d15e8e3c63f78,98de52db107e592c,24,172725.0,0,25.73333333333333,0,23,0.5833333333333334,0.0,0.0,False,21,24,1.0,1.0,True,4145400.0,0.004317118484498108,0.0075603268982255,0.28606816465189205
0539a81b56b7960e,7db6a84fcac2a668,38,161552.63157894736,1,38.333333333333336,0,37,0.868421052631579,0.0,0.0263157894736842,False,21,0,1.0,,False,6139000.0,0.006046113698438892,0.003765844648169203,0.18626970177517335
05cd2390b121e91e,4f4cb160d5d27f46,31,34709.67741935484,1,16.283333333333335,0,30,1.0,0.0,0.032258064516129,False,14,31,1.0,0.967741935483871,False,1076000.0,0.014930929683948267,0.0021764577434285615,0.00854474446309866
05f12f9e3c541f9c,b39c25b8e34fbe9e,28,131678.57142857142,0,11.633333333333333,0,27,0.8214285714285714,0.0,0.0,False,12,24,1.0,1.0,True,3687000.0,0.002928194792968037,0.009156873203437943,0.170096616109367
0615ca7f371a083a,6d37377f7867dfa4,53,125547.16981132075,1,5.35,0,52,0.0,0.0,0.0188679245283018,False,3,0,1.0,,False,6654000.0,0.0197706844028881,0.003783743149348706,0.0261425508227941
065c763e856f1601,d4451c264d27d378,32,253843.75,16,34.46666666666667,0,31,0.8125,0.0,0.5,True,26,32,1.0,1.0,True,8123000.0,0.001106127372893794,0.0019831539306898183,0.011179403836722713
06d43b133ae6fc47,17a2a0784fef34c9,29,155586.2068965517,1,26.516666666666666,0,28,0.8620689655172413,0.0,0.0344827586206896,False,14,29,1.0,1.0,True,4512000.0,0.006962516958829867,0.011032636127050743,0.3641306876962123
06dc1428ff38bf0b,8b3402138b33ade8,45,126533.33333333331,5,15.383333333333333,0,44,1.0,0.0,0.1111111111111111,False,38,41,1.0,1.0,True,5694000.0,0.00040450612665695376,0.0002792166184003575,0.03343797990356288
070c31d82d27be10,a94eee42c384b28e,26,233038.46153846156,0,162.53333333333333,0,25,0.0769230769230769,0.0,0.0,False,21,26,1.0,1.0,True,6059000.0,0.012829645645473647,0.011390606150640914,0.234180409732489
078d7c03477c4db5,220ef7f62b4f8201,30,150900.0,0,28.8,0,29,0.9,0.0,0.0,False,9,30,1.0,1.0,True,4527000.0,0.006901662054819529,0.005430405257863757,0.08994354812727982
07b48acb0c535a99,89cb3800ad24bd8a,30,112100.0,27,0.3,22,29,1.0,0.7586206896551724,0.9,True,29,18,1.0,1.0,True,3363000.0,9.665190636936063e-05,0.0003400715224106676,0.018199195999327015
07e4c5c3da28fae3,b887239f5c95624a,30,436566.6666666667,2,14.116666666666667,0,29,0.8,0.0,0.0666666666666666,False,24,28,1.0,1.0,True,13097000.0,0.003397135523871231,0.004381553088744328,0.08101935543917552
0888b2b1b0ec8820,313113be6f17c7d8,32,197781.25,2,50.03333333333333,0,31,0.75,0.0,0.0625,False,31,0,1.0,,False,6329000.0,0.006590228134296034,0.0033219618189173072,0.06365780929504963
098ab00f18ffe1c0,048be285f6b47a8a,31,166322.5806451613,2,18.683333333333334,0,30,0.967741935483871,0.0,0.064516129032258,False,24,30,1.0,1.0,True,5156000.0,0.005190565342058256,0.009704567339530956,0.8339627639581462
09a6686e435a0903,1009378fed7401c3,24,273708.3333333333,0,46.88333333333333,0,23,0.25,0.0,0.0,False,11,24,1.0,1.0,True,6569000.0,0.03255737364553092,0.017007155820771613,0.15732066596743188
0a0765186176682d,3b7639f4d53989f1,26,313807.6923076923,1,51.31666666666667,0,25,0.9230769230769232,0.0,0.0384615384615384,False,11,0,1.0,,False,8159000.0,0.0011562431761964252,0.004360074887328924,0.21481781115649376
0a977205db9cf63c,6110f5c1481e2a84,36,38777.77777777778,1,6.45,0,35,0.0,0.0,0.0277777777777777,False,0,1,,1.0,False,1396000.0,0.028387022870704808,0.009615074833633441,0.050323425916313766
0ab58999a6720088,b6ee96c3c5ca98b4,25,193080.0,0,24.4,0,24,1.0,0.0,0.0,False,18,25,1.0,1.0,True,4827000.0,0.010710463105819518,0.017125285928556333,0.7753559116959546
0ac50e33034ddb52,c319d95ff6b6e6df,34,174029.41176470587,3,33.86666666666667,0,33,1.0,0.0,0.088235294117647,False,26,30,1.0,1.0,True,5917000.0,0.0028888180903731122,0.006540112330993386,0.9177599667803819
0ac6449cb211d42d,3ca4869036a5f5c2,24,164354.16666666666,0,29.933333333333334,0,23,0.9583333333333334,0.0,0.0,False,20,16,1.0,1.0,True,3944500.0,0.03142618837098581,0.01646304138491439,0.6710255483205836
0ad44f75f73b94ce,4cadc806d9d67413,26,79576.92307692308,1,8.483333333333333,0,25,0.4230769230769231,0.0,0.0384615384615384,False,24,26,1.0,1.0,True,2069000.0,0.006056852799146599,0.018843542041789396,0.34924271441509486
0aeb9779c7afae98,fcb821fd51d3a7b7,31,84580.64516129032,1,38.85,0,30,1.0,0.0,0.032258064516129,False,29,0,1.0,,False,2622000.0,0.004052220667041342,0.003092861003819558,0.09331204604926384
0b5723afff4707db,971b4dc05ad9c99c,26,186000.0,1,14.45,0,25,0.8846153846153846,0.0,0.0384615384615384,False,14,26,1.0,1.0,True,4836000.0,0.004181089875533823,0.013158978067176696,0.4711136089463868
0bc6aefc555a07a6,0cccc55cd49a330d,51,51627.45098039216,5,0.9833333333333332,1,50,0.0,0.02,0.0980392156862745,False,47,0,1.0,,False,2633000.0,0.013828382011290375,0.0004761001313750013,0.018711093133061036
0bdc8165b8f96bbd,74ba914bd03224fc,29,113137.93103448275,0,30.316666666666663,0,28,0.5172413793103449,0.0,0.0,False,24,15,1.0,1.0,True,3281000.0,0.011154345935071397,0.004345756086385322,0.08710484584020935
0bf082f03493aa7d,7cc88af856bbdba1,25,125960.0,0,14.133333333333333,0,24,0.8,0.0,0.0,False,15,25,1.0,1.0,True,3149000.0,0.026650868256292218,0.017658661263705744,0.20254659874782086
0bfc508e1ef75db8,8bcd56c01c21f35d,31,147870.96774193548,0,10.266666666666667,0,30,1.0,0.0,0.0,False,31,30,1.0,1.0,True,4584000.0,0.002244472047910708,0.0029639917953270256,0.15125665376781347
0c0d2634e363ff52,6acaf674c17557f1,25,96600.0,1,13.416666666666666,0,24,0.96,0.0,0.04,False,11,23,1.0,1.0,True,2415000.0,0.03255021424505912,0.036888810930972626,0.128167587246244
0c0d3b18d51d2bc6,c85a3f9824a70c80,33,118121.21212121211,0,11.533333333333331,0,32,0.0,0.0,0.0,False,28,33,1.0,1.0,True,3898000.0,0.0071951974741635135,0.006139185904572297,0.12842174596299305
0c1b581f22025f79,a5a2110ebb169b0c,35,141885.7142857143,0,15.5,0,34,0.9142857142857144,0.0,0.0,False,21,0,1.0,,False,4966000.0,0.004556958400303558,0.001789850117951075,0.025956406410527183
0c4547ef96051cad,cb3a42f41d8ed1bc,59,128813.55932203388,3,8.9,0,58,1.0,0.0,0.0508474576271186,False,57,2,1.0,1.0,True,7600000.0,0.00039197717583129587,0.0006371866419906391,0.022151185059763094
0ceea40e2fe5958d,7169ac7e77171c54,24,189708.3333333333,0,20.28333333333333,0,23,0.875,0.0,0.0,False,22,15,1.0,1.0,True,4553000.0,0.010542217194732114,0.014723307070265923,0.803392123943541
0cf728ca5605f321,287dae580c24097a,30,234900.0,5,10.25,0,29,1.0,0.0,0.1666666666666666,False,20,29,1.0,1.0,True,7047000.0,0.0008770265577960502,0.00844093315625749,0.25494625080095795
0d4e6a1fbb6e4209,f7d55a3b09a730c2,27,35888.88888888889,7,3.183333333333333,1,26,0.0,0.0384615384615384,0.2592592592592592,False,26,27,1.0,1.0,True,969000.0,0.004320698184734011,0.02489323544046418,0.06218297279785791
0d79a4f4fbedf715,4c7068797ba31214,36,237277.77777777775,1,15.233333333333333,0,35,0.75,0.0,0.0277777777777777,False,29,36,1.0,1.0,True,8542000.0,0.006207200209054494,0.005462622559986863,0.48184912995385765
0dd427e755de5679,d9ea82f55f790d0b,34,227323.5294117647,0,25.016666666666666,0,33,0.9117647058823528,0.0,0.0,False,25,34,1.0,1.0,True,7729000.0,0.01599052095377533,0.005165507440406891,0.5315174707270013
0dd962be10c8f594,dd546d2a17998d0c,26,173923.07692307694,1,20.78333333333333,0,25,0.3461538461538461,0.0,0.0384615384615384,False,22,26,1.0,1.0,True,4522000.0,0.01152663475960523,0.024939771543530997,0.4355278089012826
0e4bfdd0cb02ea7a,f9962d521ff90242,33,213181.81818181815,0,43.66666666666666,0,32,0.9393939393939394,0.0,0.0,False,27,33,1.0,1.0,True,7035000.0,0.006149925005280058,0.0036548739408561737,0.2553686554287944
0e56ba378bbb749c,7584634790b732da,24,114875.0,2,21.8,0,23,0.8333333333333334,0.0,0.0833333333333333,False,17,23,1.0,1.0,True,2757000.0,0.005845650485228367,0.0230854868213336,0.34722376348204603
0eb014626268be21,fb0b4b696b44498d,24,30875.0,22,0.4,6,23,0.0,0.2608695652173913,0.9166666666666666,True,15,24,1.0,1.0,True,741000.0,0.003658453641092095,0.009228467208155955,0.14722233160195164
0f20a157430f8a90,df39fe3d472cd132,34,179764.70588235295,4,11.5,0,33,1.0,0.0,0.1176470588235294,False,28,0,1.0,,False,6112000.0,9.665190636936063e-05,0.0019974727316334207,0.16699659570507566
0f2aea22548ff1dd,0912db1a6ebf8c8f,32,140406.25,22,18.85,0,31,0.96875,0.0,0.6875,True,27,0,1.0,,False,4493000.0,4.1166552712875826e-05,0.0002541587167490533,0.02851589207919729
0f30e2104ec48a4c,bfadfdc12ce4e707,30,367266.6666666667,0,35.0,0,29,0.9333333333333332,0.0,0.0,False,6,0,1.0,,False,11018000.0,0.003440091926702058,0.0033541791210404126,0.15275654816665651
0f963191711de612,82562ce0d4aa0d40,32,109968.75,2,16.066666666666666,0,31,0.9375,0.0,0.0625,False,22,3,1.0,1.0,True,3519000.0,0.003354179121040404,0.013166137467648498,0.1973703522067062
0f9981d84ca2ec18,3952ba0623581c45,26,263230.76923076925,0,48.91666666666666,0,25,0.9615384615384616,0.0,0.0,False,21,0,1.0,,False,6844000.0,0.001986733630925746,0.005312275150078927,0.8253070487877345
0fbd136e7a4aae47,45ba87dcfe484b57,31,198322.5806451613,0,21.216666666666665,0,30,0.5161290322580645,0.0,0.0,False,12,5,1.0,1.0,True,6148000.0,0.025834696602506507,0.004166771074590181,0.06952493798169342
0fd6c8c8e70ed5d5,6010e8ab05493813,32,135015.625,0,28.8,0,31,0.90625,0.0,0.0,False,29,32,1.0,1.0,True,4320500.0,0.016219621768873073,0.007835963816390068,0.8810394017604966
100a4e4cb70a804e,33424020c3dd4c11,34,87058.82352941176,1,4.35,1,33,0.1764705882352941,0.0303030303030303,0.0294117647058823,False,30,34,1.0,1.0,True,2960000.0,0.01872899163424055,0.014905871782296964,0.5150114729392561
1031f3c976dc595a,32b7f528fb0dfabb,35,125857.14285714286,0,16.916666666666668,0,34,1.0,0.0,0.0,False,34,35,1.0,0.9714285714285714,False,4405000.0,0.0063199607664854145,0.003898293556897525,0.4609007241733577
1085b9128f5cdca6,05f786b54669a287,26,88846.15384615384,7,40.53333333333333,0,25,1.0,0.0,0.2692307692307692,False,22,26,1.0,1.0,True,2310000.0,0.0010560115695911624,0.012997891556561059,0.02058327635643791
1086bcbbc55c9a71,8c35250e8b45280d,28,135285.7142857143,5,6.7,0,27,0.8928571428571429,0.0,0.1785714285714285,False,18,27,1.0,1.0,True,3788000.0,0.0013638657898787556,0.009174771704617446,0.04961106556936922
1106711ee9907970,52651d6e3e88b8d4,37,217000.0,0,22.25,0,36,0.5945945945945946,0.0,0.0,False,37,35,1.0,1.0,True,8029000.0,0.002011791532577062,0.003021266999101546,0.31126567461240795
111584d348f70b95,de355ad6baf1aa51,53,109943.39622641508,0,4.666666666666667,1,52,0.9622641509433962,0.0192307692307692,0.0,False,33,53,1.0,1.0,True,5827000.0,0.0019580960290385284,0.00030785422028756226,0.024098541988093917
1157fbe822afd334,b24046250c5a4553,33,136090.9090909091,9,7.4,0,32,0.9393939393939394,0.0,0.2727272727272727,False,28,32,1.0,1.0,True,4491000.0,0.0002577384169849617,0.006361127319198245,0.023532949350821362
11a1e0590ab4b583,1ae123cd0ba9335d,28,253321.42857142855,0,40.333333333333336,0,27,0.9285714285714286,0.0,0.0,False,22,28,1.0,1.0,True,7093000.0,0.011229519640025344,0.009221307807684154,0.6030577799415077
11d61d9416aec29a,98791c5773dd32f2,24,181541.66666666663,0,32.583333333333336,0,23,0.9583333333333334,0.0,0.0,False,24,23,1.0,1.0,True,4357000.0,0.0055592744663561875,0.01054579689496804,0.7180950267224623
11e4996e955e9754,c74aa8d733e635a5,60,39650.0,1,2.2666666666666666,20,59,0.7166666666666667,0.3389830508474576,0.0166666666666666,False,5,60,1.0,1.0,True,2379000.0,0.017468937151202957,0.002269529949561977,0.019212251166087352
11fc357296214268,d8a9ac96ff7d8c18,32,154062.5,10,2.8833333333333333,1,31,1.0,0.032258064516129,0.3125,True,7,32,1.0,1.0,True,4930000.0,0.0004868392320827054,0.00017898501179514081,0.007270371179117461
1207fb38b2d9ff34,b7da9a30c1b9d06e,33,246090.9090909091,0,29.6,0,32,0.8484848484848485,0.0,0.0,False,27,32,1.0,1.0,True,8121000.0,0.015059798892440747,0.004796798316109019,0.7334197234323597
12751fa71722c9c8,c37f9aca2153a57e,25,167160.0,0,7.416666666666667,0,24,0.72,0.0,0.0,False,19,0,1.0,,False,4179000.0,0.007610442701528174,0.00650431532863438,0.20284013416716484
12ad27c2714de7d3,9a13c33116196c35,29,155172.41379310345,0,39.23333333333333,0,28,0.9655172413793104,0.0,0.0,False,16,24,1.0,1.0,True,4500000.0,0.005501999262581751,0.010234362974444466,0.17138888789452772
12d07e33d5f01570,deb6c7e1477dba0b,33,156545.45454545456,0,23.166666666666668,0,32,0.5757575757575758,0.0,0.0,False,6,0,1.0,,False,5166000.0,0.005351651852673857,0.0049686239274323585,0.10531478094024406
132bfddf22175bfe,6b89b83ddcf5519a,31,20000.0,0,2.8,24,30,0.0,0.8,0.0,True,25,31,1.0,1.0,True,620000.0,0.02070856586469449,0.010610231499214251,0.10971781223040383
132bfddf22175bfe,b0fa0634c488857f,27,20888.88888888889,0,2.2333333333333334,8,26,0.0,0.3076923076923077,0.0,False,26,27,1.0,1.0,True,564000.0,0.03590081366586362,0.012042111593575155,0.12279445719215473
132bfddf22175bfe,d88377550899034a,37,20405.405405405407,3,2.2333333333333334,25,36,0.0,0.6944444444444444,0.081081081081081,True,29,36,1.0,1.0,True,755000.0,0.010764158609358053,0.00972604554094636,0.480993581597477
133c99f260d02ce2,af65f21a3e07e0ae,30,200700.0,0,58.9,0,29,0.9,0.0,0.0,False,4,26,1.0,1.0,True,6021000.0,0.02018234993001686,0.0042598432807237074,0.0695070394805139
13430d7e2f651739,168b7c24aa4cf780,24,261125.0,1,37.25,0,23,0.9583333333333334,0.0,0.0416666666666666,False,15,24,1.0,1.0,True,6267000.0,0.0015714884035610858,0.004814696817288522,0.2849226605764033
13873f0dc7780c53,9ef7a82b0a80b677,24,130625.0,0,13.4,0,23,0.0833333333333333,0.0,0.0,False,24,21,1.0,1.0,True,3135000.0,0.006847966551280996,0.004854073519883428,0.0685369407165844
1404cdecd1b7c27d,2f6171158c63a40b,25,308680.0,0,18.383333333333333,0,24,0.4,0.0,0.0,False,16,25,1.0,1.0,True,7717000.0,0.006289533314480246,0.007696355507189834,0.03354537091063994
147cefc41a2fdde9,b4d970bda8b73cbb,29,154793.10344827586,0,5.966666666666667,0,28,0.7241379310344828,0.0,0.0,False,11,29,1.0,1.0,True,4489000.0,0.005337333051730248,0.006461358925803573,0.14703976688992063
14ae1cac060cbb39,042cad997463a534,27,185592.59259259255,0,22.216666666666665,0,26,0.9629629629629628,0.0,0.0,False,23,20,1.0,1.0,True,5011000.0,0.00970814703976689,0.007528109596102395,0.8004496103496294
15537ff2073454df,004f58f1dedbc207,36,148722.22222222222,0,22.183333333333334,0,35,0.9722222222222222,0.0,0.0,False,13,0,1.0,,False,5354000.0,0.0013531266891710489,0.0014426191950686063,0.009815538046843958
155f14f8f477a285,b989995dbb4a9237,33,31606.060606060608,1,2.1,7,32,0.2121212121212121,0.21875,0.0303030303030303,False,23,33,1.0,1.0,True,1043000.0,0.012428719219052597,0.02619624632633266,0.14293027101910485
159107f286afb8cb,24b7b9bb5b8cc2db,24,17166.666666666668,4,10.25,0,23,1.0,0.0,0.1666666666666666,False,22,23,1.0,1.0,True,412000.0,0.002974730896034766,0.012410820717873139,0.016724359502135293
15de35505115e14b,f1aca47ed38a98ab,26,272000.0,1,42.18333333333333,0,25,1.0,0.0,0.0384615384615384,False,19,23,1.0,1.0,True,7072000.0,0.0038553371540667185,0.005362390953381535,0.42806055420919054
1634c6a7502e3a9f,2cae8306d7946968,33,171030.30303030304,1,6.15,0,32,0.9393939393939394,0.0,0.0303030303030303,False,12,31,1.0,1.0,True,5644000.0,0.0042777417819031835,0.0062895333144802335,0.11981972629611996
165560c23309d866,a9a454b03b46582b,25,215720.0,0,24.58333333333333,0,24,0.96,0.0,0.0,False,15,25,1.0,1.0,True,5393000.0,0.016724359502135293,0.01136554824898961,0.39306898440324606
1689baf17daeef3f,f284c0d62cd7b931,24,222333.3333333333,0,37.68333333333333,0,23,1.0,0.0,0.0,False,8,24,1.0,1.0,True,5336000.0,0.01480921987592759,0.0063682867196700466,0.2849835154804137
16904be16c1ef30a,a70e386a975629c7,35,40000.0,2,2.95,7,34,1.0,0.2058823529411764,0.0571428571428571,False,34,33,1.0,1.0,True,1400000.0,0.019566641489441674,0.003529584432599653,0.18346679649046188
17772bbefb9eefe2,155a5f29d5e805b9,36,150444.44444444444,1,20.78333333333333,0,35,0.1666666666666666,0.0,0.0277777777777777,False,10,30,1.0,1.0,True,5416000.0,0.022770473200574185,0.011118548932712358,0.05881805457610979
178ce65c2b777486,f02be47f0e6c8d92,27,218444.44444444444,0,33.28333333333333,0,26,0.7407407407407407,0.0,0.0,False,9,1,1.0,1.0,True,5898000.0,0.030155394787240518,0.012224676305606197,0.6396172584507773
179fb3cadb5744ec,b7e0ab34f53341c0,25,214600.0,2,25.566666666666663,0,24,0.96,0.0,0.08,False,16,20,1.0,1.0,True,5365000.0,0.00699831396118889,0.00926426421051496,0.4530754994576754
17bf0a1d0c39ac69,67fa423f76efd928,26,132807.6923076923,0,42.53333333333333,0,25,1.0,0.0,0.0,False,15,26,1.0,0.9615384615384616,False,3453000.0,0.004403031290159762,0.008816801681027275,0.22635876471704258
180e389dc9e916ba,45d8462070fb8452,44,14204.545454545454,35,3.0166666666666666,2,43,1.0,0.0465116279069767,0.7954545454545454,True,26,44,1.0,1.0,True,625000.0,0.0009844175648731175,0.001968835129746216,0.015951144251180407
1828570effc4cc32,aa24dc2e6c02b356,41,153219.51219512196,2,21.766666666666666,0,40,0.8536585365853658,0.0,0.048780487804878,False,33,41,1.0,1.0,True,6282000.0,0.0031393971068862693,0.004911348723657838,0.6164315400228385
185b1689b4fddf59,234d78841c433d5f,24,36625.0,0,2.183333333333333,10,23,0.2083333333333333,0.4347826086956521,0.0,True,24,24,1.0,1.0,True,879000.0,0.026897867572569473,0.007384921586666371,0.1009153293503202
186ee966023e0c87,905d58c8419cf000,30,152566.66666666666,0,12.183333333333334,0,29,0.6666666666666666,0.0,0.0,False,30,30,1.0,1.0,True,4577000.0,0.026625810354640903,0.007216675675578932,0.10482436200792546
18a27b156fbb1f73,5e73f7b48cb29911,24,227166.66666666663,0,32.18333333333333,0,23,0.7916666666666666,0.0,0.0,False,17,24,1.0,1.0,True,5452000.0,0.01707517012525371,0.009715306440238658,0.6668623569462293
18deaa7738fb9027,cbe2b8e7c5f66fc8,33,119024.24242424245,0,17.35,0,32,0.9393939393939394,0.0,0.0,False,33,33,1.0,1.0,True,3927800.0,0.017239836336105215,0.005842070784992437,0.6808912021707302
192c2855cda8cf91,0f100393ffe1e384,31,180645.16129032255,2,13.1,0,30,0.967741935483871,0.0,0.064516129032258,False,12,0,1.0,,False,5600000.0,0.002058327635643791,0.006558010832172889,0.09017980834284937
1932d72917b4411a,d70c1ca58c318c4f,24,193125.0,0,36.5,0,23,0.875,0.0,0.0,False,15,24,1.0,1.0,True,4635000.0,0.01289765994995579,0.0038266995521795133,0.14544680028494414
1964c0e04b0de7f3,4f91ae27c0478790,30,258933.3333333333,0,8.95,0,29,0.9666666666666668,0.0,0.0,False,26,28,1.0,1.0,True,7768000.0,0.015331856110369317,0.0069625169588298785,0.5615404166055135
199a3b605c973a64,50848f7ca9c91360,25,181040.0,0,61.71666666666667,0,24,0.88,0.0,0.0,False,6,6,1.0,1.0,True,4526000.0,0.009568538730566702,0.00579911438216163,0.196242746632397
1a04e8263cd220ed,e8ecf87434f4bac5,44,32568.18181818182,2,3.1666666666666665,10,43,0.4090909090909091,0.2325581395348837,0.0454545454545454,False,18,40,1.0,1.0,True,1433000.0,0.013363020980623082,0.004009264264210555,0.031415449270278104
1a10cdcf3f3f1ba8,2d849a6828c98212,27,266666.6666666667,0,20.78333333333333,0,26,0.925925925925926,0.0,0.0,False,22,26,1.0,1.0,True,7200000.0,0.0011920401785554477,0.004073698868456765,0.41867815989089074
1a11e80df5256a8c,c32be2f23bb753cb,33,141666.66666666666,0,8.45,0,32,0.4545454545454545,0.0,0.0,False,11,31,1.0,1.0,True,4675000.0,0.03253947514435141,0.010141290768311051,0.17204755273793373
1a3f503074f3c0a0,3f18bc075c8ae544,34,195470.58823529413,0,22.0,0,33,1.0,0.0,0.0,False,30,33,1.0,1.0,True,6646000.0,0.005527057164233067,0.004954305126488756,0.6306035732567755
1a49db86a8c8231b,4cbec81bb693babd,24,174291.66666666666,0,31.266666666666666,0,23,0.125,0.0,0.0,False,24,20,1.0,1.0,True,4183000.0,0.024757206831499932,0.010867969916199205,0.16724717472158881
1a6b997733121f59,4d9f32ecea0e96b2,27,393518.51851851854,2,107.18333333333334,0,26,0.5925925925925926,0.0,0.074074074074074,False,19,27,1.0,1.0,True,10625000.0,0.00320383171113251,0.0034866280297687346,0.04812548997146979
1ab48984de24c900,28f7da65f2b6cee1,27,153296.2962962963,1,32.53333333333333,0,26,0.5925925925925926,0.0,0.037037037037037,False,25,27,1.0,1.0,True,4139000.0,0.006393344621321411,0.011816590478713307,0.5483957573392804
1b3107d537e55b26,596edd038dc7a082,26,217884.61538461535,3,7.016666666666667,0,25,0.4230769230769231,0.0,0.1153846153846153,False,22,21,1.0,1.0,True,5665000.0,0.004761001313749987,0.006772792846327036,0.04043271416451586
1b53b3e766b84936,963e3c1e8648684c,26,181384.61538461535,0,23.7,0,25,0.7692307692307693,0.0,0.0,False,14,26,1.0,1.0,True,4716000.0,0.028540949980848603,0.018675296130702068,0.3608624213808336
1b692a7215a8839a,9d0f9d69142010ba,29,122224.13793103448,2,32.46666666666667,0,28,0.8275862068965517,0.0,0.0689655172413793,False,12,29,1.0,1.0,True,3544500.0,0.0023375442540441663,0.013087384062458574,0.20186287600276354
1b8091e855aea98d,43e50d19622695fd,45,138011.11111111112,0,2.05,11,44,0.2444444444444444,0.25,0.0,False,8,44,1.0,1.0,True,6210500.0,0.0014497785955404094,0.002623920272916358,0.023883759973939784
1b856584e73d83b0,0ee5a5e0ae96f637,24,357250.0,1,35.983333333333334,0,23,0.5833333333333334,0.0,0.0416666666666666,False,7,22,1.0,1.0,True,8574000.0,0.010993259424455797,0.013420296184397551,0.061731930568134225
1bba076cd6d26e94,9e85f0e92906432a,24,215083.3333333333,0,23.633333333333333,0,23,0.875,0.0,0.0,False,15,24,1.0,1.0,True,5162000.0,0.02618908692586083,0.020064219822232054,0.756408558347324
1c448d3ad0b14068,b6195ced5a22d256,39,203294.87179487175,0,10.8,0,38,0.8461538461538461,0.0,0.0,False,39,38,1.0,1.0,True,7928500.0,0.003715728844866531,0.0032467881139632837,0.4130150741176934
1c61aaf126e7a928,18a45a090195a870,37,260081.0810810811,0,13.266666666666667,0,36,0.5405405405405406,0.0,0.0,False,37,36,1.0,1.0,True,9623000.0,0.004345756086385326,0.001746893715120268,0.28205532068744565
1c9bfcc74e83e050,0807c164b3339892,28,147285.7142857143,4,11.533333333333331,0,27,0.8571428571428571,0.0,0.1428571428571428,False,25,26,1.0,1.0,True,4124000.0,0.0006013896396315772,0.006873024452932364,0.0452724688834557
1cbc3891261661a5,0fbc0517d7ccb875,28,214607.14285714287,0,25.8,0,27,1.0,0.0,0.0,False,19,28,1.0,1.0,True,6009000.0,0.00379448225005638,0.00807938343243142,0.6595597684649888
1d1f561c858fa6d8,c3d2908591cb7e0d,37,178864.86486486485,2,26.866666666666667,0,36,0.945945945945946,0.0,0.054054054054054,False,25,35,1.0,1.0,True,6618000.0,0.00889555508621708,0.005380289454561038,0.5544812477403143
1d25f688de1957d4,8586cecd053b7130,29,263862.0689655172,0,19.0,0,28,0.9310344827586208,0.0,0.0,False,13,29,1.0,1.0,True,7652000.0,0.002781427083296045,0.003873235655246221,0.15346890851360107
1d6cd3502b8141b6,2f969fac9a9a404a,46,193608.69565217392,2,9.283333333333331,0,45,0.9130434782608696,0.0,0.0434782608695652,False,17,42,1.0,1.0,True,8906000.0,0.0015428508016738678,0.0025487465679624455,0.03168034708773487
1e4eb6e11c83167d,6ce6b17d4e77cdf4,24,351958.3333333333,0,28.883333333333333,0,23,0.875,0.0,0.0,False,20,23,1.0,1.0,True,8447000.0,0.007488732893507498,0.005774056480510326,0.32832294623648217
1e527b750430e85d,50f5900247c93ac8,24,111625.0,0,34.516666666666666,0,23,0.3333333333333333,0.0,0.0,False,22,23,1.0,1.0,True,2679000.0,0.00999452305863907,0.01423288813794732,0.1300898862729235
1eaa576d025ca0d9,542b28f217b714ba,24,78375.0,0,14.216666666666669,0,23,1.0,0.0,0.0,False,21,24,1.0,1.0,True,1881000.0,0.017826907174793183,0.004030742465625958,0.08781720618715388
1ef200047ad940f5,8597ad876145bc49,26,109576.92307692308,0,11.0,0,25,0.9615384615384616,0.0,0.0,False,9,26,1.0,1.0,True,2849000.0,0.03800567740457414,0.017422401048136194,0.21258407820929076
1f0f4372b9c9ff4f,3474b5368d3ce5c3,26,21076.92307692308,6,2.4166666666666665,4,25,0.1923076923076923,0.16,0.2307692307692307,False,15,26,1.0,0.9615384615384616,False,548000.0,0.015421348616266874,0.00814381803667763,0.031265101860370216
1f2009d2c709effa,576cda950287d17f,29,345586.2068965517,0,19.05,0,28,0.5172413793103449,0.0,0.0,False,3,28,1.0,1.0,True,10022000.0,0.006701198841609004,0.002827963186362803,0.01192398148579038
1f3707b089d5420a,10012ca858f62242,36,104805.55555555556,0,15.35,0,35,0.1111111111111111,0.0,0.0,False,21,36,1.0,1.0,True,3773000.0,0.008716570074421968,0.009514843227028114,0.10119096626848467
1f6eef737a3df91d,cbb1f8290f89ca1b,34,178711.76470588235,1,16.05,0,33,0.7352941176470589,0.0,0.0294117647058823,False,23,1,1.0,1.0,True,6076200.0,0.01117582413648681,0.006658242438778217,0.46872594888904
1f750ea67820917a,68d2dc28899fbe71,26,104423.07692307692,11,5.633333333333334,0,25,0.9615384615384616,0.0,0.4230769230769231,True,13,25,1.0,1.0,True,2715000.0,0.0011813010778477411,0.004138133472702976,0.009683089138115573
1f7ceda841e97cfc,6912ba5b9c9b7058,33,37303.030303030304,1,2.6,4,32,0.9696969696969696,0.125,0.0303030303030303,False,5,1,1.0,1.0,True,1231000.0,0.012997891556561053,0.00556643386682798,0.03500946830712396
1f8e872b216ce0ae,83fdc59c5686db7a,27,333518.51851851854,0,44.16666666666666,0,26,0.5555555555555556,0.0,0.0,False,17,27,1.0,1.0,True,9005000.0,0.017068010724781906,0.011490837757246242,0.13250976363239342
2027fb082f539725,1f4b920b0faf1aa9,27,287259.25925925927,0,33.31666666666667,0,26,0.8148148148148148,0.0,0.0,False,15,27,1.0,1.0,True,7756000.0,0.020160871728601447,0.008483889559088298,0.25420525285212614
203636fbdad4f658,f291604243bf604d,32,165531.25,0,22.216666666666665,0,31,1.0,0.0,0.0,False,25,27,1.0,1.0,True,5297000.0,0.005459042859750925,0.008455251957201093,0.8774489624238866
203fa088a01b343d,2e1bb8742343da1d,26,558307.6923076923,4,56.23333333333333,0,25,0.7692307692307693,0.0,0.1538461538461538,False,10,26,1.0,1.0,True,14516000.0,0.008236890242811067,0.005068855534037575,0.12872602048304474
2040d83cb6617c12,fa9e851ad58856f2,25,405120.0,0,42.18333333333333,0,24,0.0,0.0,0.0,False,9,24,1.0,1.0,True,10128000.0,0.01677089560520202,0.0036584536410920743,0.03330911069507039
208f242ed09e3504,7e2a362ebd98c490,29,134137.93103448275,1,24.316666666666663,0,28,0.0344827586206896,0.0,0.0344827586206896,False,13,14,1.0,1.0,True,3890000.0,0.029897656370255554,0.020837435073186916,0.06573403543187294
209a248b8e631d18,120cbedecbc6b70f,28,160660.7142857143,0,16.4,0,27,0.2857142857142857,0.0,0.0,False,28,9,1.0,1.0,True,4498500.0,0.02947167204218319,0.013814063210346728,0.4039655919213325
20b353e09a4a7d7f,7ea71a7116ea2c69,25,113640.0,0,11.116666666666667,0,24,0.68,0.0,0.0,False,5,21,1.0,1.0,True,2841000.0,0.05832763564379119,0.025884812405809088,0.24635139053455662
20d12589a91de791,45377c7c5b45cbe9,31,101870.96774193548,1,18.55,0,30,1.0,0.0,0.032258064516129,False,20,31,1.0,1.0,True,3158000.0,0.016108651061560106,0.005076014934509376,0.045136440274491416
20e1169928c8912e,bb3fdeb49f12a115,97,14515.463917525773,97,0.5,94,96,0.0103092783505154,0.9791666666666666,1.0,True,90,87,1.0,1.0,True,1408000.0,0.002409138258762211,0.00012886920849253247,0.0010130551667603355
20ef7181f92be9fa,601a8476e7ce630b,26,251923.0769230769,0,57.23333333333333,0,25,0.8076923076923077,0.0,0.0,False,19,25,1.0,1.0,True,6550000.0,0.018592963025276264,0.010978940623512234,0.9022348068572738
21164a1333e62406,2b41df2d36a53608,29,218344.8275862069,1,3.816666666666667,1,28,1.0,0.0357142857142857,0.0344827586206896,False,26,0,1.0,,False,6332000.0,0.0027026736781061954,0.0043206981847340176,0.6622338045412077
216a1fe3e93c8adf,cc6935bd9ca3c87b,26,264653.8461538461,1,37.61666666666667,0,25,0.8461538461538461,0.0,0.0384615384615384,False,9,26,1.0,1.0,True,6881000.0,0.01694272121652533,0.008301324847057256,0.274609544196769
217fe1879de59550,f2fb5d1175ad5584,31,95129.03225806452,0,50.6,0,30,0.2903225806451613,0.0,0.0,False,30,31,1.0,1.0,True,2949000.0,0.037873228495845755,0.004306379383790415,0.07649461434099508
21ad5b803f5dfe86,a8668e61294b5485,24,171375.0,0,36.68333333333333,0,23,0.9166666666666666,0.0,0.0,False,16,24,1.0,1.0,True,4113000.0,0.014877234180409732,0.022419662577455757,0.8012514632024714
21ca52618cd8a398,d0d0636b6b98b735,26,266307.6923076923,0,8.583333333333334,0,25,0.3461538461538461,0.0,0.0,False,22,26,1.0,1.0,True,6924000.0,0.022487676881937906,0.011225939939789487,0.044638861941701004
229d587fd051c3ab,bdb966bf5ed6132b,25,183840.0,0,13.75,0,24,0.12,0.0,0.0,False,25,25,1.0,1.0,True,4596000.0,0.01112570833318418,0.014164873833465208,0.2296986250371394
22be75d00698ecdd,a2a5e09f444e8ba6,25,102040.0,1,24.08333333333333,0,24,1.0,0.0,0.04,False,25,25,1.0,1.0,True,2551000.0,0.03399999284059953,0.01897241125028193,0.33297655654315506
23195722ec3ec4bc,1c81186c78fde23f,29,111827.58620689657,1,14.833333333333334,0,28,0.8620689655172413,0.0,0.0344827586206896,False,1,29,1.0,1.0,False,3243000.0,0.018166978697203896,0.017447458949787498,0.2109016190984167
232d7c28dde226d2,ee5622eba40ef54a,25,192160.0,1,25.1,0,24,0.96,0.0,0.04,False,6,1,1.0,1.0,True,4804000.0,0.0012027792792631544,0.0066224454364191,0.27615239499844285
24148b4b8d9cbfc3,0bb447335f41ab35,31,187548.38709677415,0,30.5,0,30,0.8064516129032258,0.0,0.0,False,8,29,1.0,1.0,True,5814000.0,0.0023053269519210462,0.003626236338968969,0.13481867028455038
242118b1762cf284,0503b6c28f039be5,32,143937.5,8,20.73333333333333,0,31,0.96875,0.0,0.25,False,30,32,1.0,1.0,True,4606000.0,0.00016824591108740555,0.004288480882610912,0.03478752689249802
2477c69565209bbd,a701627e6c037ce6,26,87653.84615384616,0,2.683333333333333,18,25,0.9230769230769232,0.72,0.0,True,20,16,1.0,1.0,True,2279000.0,0.020493783850540355,0.013015790057740562,0.20001217098080207
247cafe1649338e9,ff4741aefdd7ea41,38,34526.31578947369,1,3.3,10,37,0.9473684210526316,0.2702702702702703,0.0263157894736842,False,32,37,1.0,1.0,True,1312000.0,0.01655969329128379,0.009045902496125025,0.2928731748003422
248ffcdf9b5fc368,c1e410e4e6990f16,33,352424.24242424243,1,15.616666666666667,0,32,0.9696969696969696,0.0,0.0303030303030303,False,23,32,1.0,1.0,True,11630000.0,0.004299219983318597,0.0025022104648956267,0.11154345935071397
24a981046a07281f,74441c19f4ae27f9,25,198480.0,1,15.683333333333334,0,24,0.64,0.0,0.04,False,22,25,1.0,1.0,True,4962000.0,0.005244260845596789,0.014021685824029073,0.6828922546025996
24dfba5a876fbda4,df5d617ec5aef17c,26,277153.8461538461,2,34.45,0,25,0.8461538461538461,0.0,0.0769230769230769,False,21,1,1.0,1.0,True,7206000.0,0.009138974702258433,0.008516106861211403,0.5174886255025004
24f9a99760d18b6a,65ae97d0ef3f60a9,31,249354.83870967745,1,59.61666666666667,0,30,0.5806451612903226,0.0,0.032258064516129,False,10,0,1.0,,False,7730000.0,0.0034615701281174712,0.003934090559256531,0.15185088400697325
2532c3b95673e99d,ad46f390d6b944b7,26,47576.92307692308,0,5.266666666666667,0,25,0.1153846153846153,0.0,0.0,False,24,26,1.0,1.0,True,1237000.0,0.03904379047298579,0.018299427605932284,0.19706965738689042
255c9e80cbbc5ba1,88a121a1a2619a25,24,248958.3333333333,0,26.883333333333333,0,23,0.9583333333333334,0.0,0.0,False,15,22,1.0,1.0,True,5975000.0,0.018854281142497126,0.013030108858684164,0.7649568825106585
25b83bc3af3840ed,2c4213e3e18ab56f,38,139526.31578947368,2,17.2,0,37,0.9473684210526316,0.0,0.0526315789473684,False,24,38,1.0,1.0,True,5302000.0,0.005466202260222729,0.007628341202707722,0.3218186309078478
25c88c2c1219214a,0e28cc507833a628,32,128750.0,0,21.08333333333333,0,31,1.0,0.0,0.0,False,12,29,1.0,1.0,True,4120000.0,0.012843964446417257,0.013345122479443527,0.29209280014891553
25e96bf2f9769d21,41399a6ca198ec94,26,103500.0,0,8.15,0,25,0.7692307692307693,0.0,0.0,False,13,23,1.0,1.0,True,2691000.0,0.015682666733487737,0.008691512172770643,0.06772076906279868
2621150d9eadf4ca,dbb4059c3f90667f,31,259822.5806451613,1,28.75,0,30,0.8709677419354839,0.0,0.032258064516129,False,29,31,1.0,1.0,True,8054500.0,0.009479046224669146,0.0040021048637387535,0.6930657626730338
268dbc3035049c03,acae4ae071570f35,24,194041.66666666663,1,11.833333333333334,0,23,0.8333333333333334,0.0,0.0416666666666666,False,8,24,1.0,1.0,True,4657000.0,0.014530003257527214,0.017676559764885247,0.2591774564797944
26a2b3de90ad2c8c,ad3ff54c19b20ac3,25,170080.0,0,33.63333333333333,0,24,0.68,0.0,0.0,False,25,24,1.0,1.0,True,4252000.0,0.030044424079927547,0.012704356137217099,0.6653159264443196
26abbd19b6c3cf0c,9dcc4fbe09bc269a,26,146384.61538461538,0,45.71666666666667,0,25,0.9230769230769232,0.0,0.0,False,21,26,1.0,1.0,True,3806000.0,0.0033684979219840133,0.008770265577960457,0.5634555562317212
26cba052effbf0e3,f45ded2c24cce763,30,145033.33333333334,1,51.38333333333333,0,29,0.6333333333333333,0.0,0.0333333333333333,False,27,30,1.0,1.0,True,4351000.0,0.01751547325426969,0.010731941307234982,0.5401552873962334
26e89cb7b9a36e47,8bf8bc97a375b8f3,24,183458.3333333333,0,18.45,0,23,0.875,0.0,0.0,False,18,24,1.0,1.0,True,4403000.0,0.009471886824197341,0.006371866419905947,0.24715324338739875
2716b8b84beb3a3d,63ee07ef3c063652,24,159208.33333333334,0,13.433333333333334,0,23,1.0,0.0,0.0,False,23,22,1.0,1.0,True,3821000.0,0.008913453587396591,0.01517076959975372,0.7517084119375843
27377e0e31c9ed1b,36eecdfba1a7ccf7,32,82906.25,0,56.11666666666667,0,31,1.0,0.0,0.0,False,2,0,1.0,,False,2653000.0,0.036144233281904976,0.0013495469889351908,0.021274158501967046
275ab998b756efca,e0f08dfa9ee49c28,31,90935.48387096774,0,26.15,0,30,1.0,0.0,0.0,False,29,31,1.0,1.0,True,2819000.0,0.008834700182206742,0.008276266945405952,0.46509255314959924
27837776ac87752e,7d58bfa7b079c685,30,87333.33333333333,8,20.183333333333334,0,29,1.0,0.0,0.2666666666666666,False,25,30,1.0,1.0,True,2620000.0,0.010284478777747151,0.0023554427552237023,0.025401552873962334
279ab1e3612b0866,b3b00203aeed9047,33,129272.72727272728,0,54.03333333333333,0,32,0.9696969696969696,0.0,0.0,False,9,28,1.0,1.0,True,4266000.0,0.01512781319692289,0.011351229448046007,0.15706292755044693
27b0826b5656a305,df6ab4255c5f0f2c,41,227746.34146341463,0,12.95,0,40,0.926829268292683,0.0,0.0,False,35,41,1.0,1.0,True,9337600.0,0.007377762186194528,0.002731311279993376,0.29192813393806405
27b9cc48959d1359,8f78a03c3f554447,40,278112.5,0,15.466666666666669,0,39,0.9,0.0,0.0,False,39,40,1.0,1.0,True,11124500.0,0.005992418194900359,0.0021120231391823507,0.10905914738699782
27cbf2688ee578e0,de8c4717ae6c2ede,24,65083.333333333336,0,5.516666666666667,0,23,0.5,0.0,0.0,False,6,23,1.0,1.0,True,1562000.0,0.05585764248101864,0.024631917323243324,0.30246319173232433
28030084ef1d15fd,080742672f865082,34,110676.4705882353,3,5.65,0,33,0.9117647058823528,0.0,0.088235294117647,False,33,0,1.0,,False,3763000.0,0.006242997211413516,0.0028852383901372125,0.5351258085647908
280af62e84e32fa9,d1dfb2ec89149285,26,182153.84615384616,1,12.583333333333334,0,25,0.8461538461538461,0.0,0.0384615384615384,False,11,26,1.0,1.0,True,4736000.0,0.009210568706976478,0.012976413355145655,0.49249515845543096
281128d120a48318,8b203309d0ebdf57,31,148096.7741935484,0,19.65,0,30,0.967741935483871,0.0,0.0,False,28,28,1.0,1.0,True,4591000.0,0.021066535888284714,0.00861275876758083,0.930679104931753
2855d45f9da1858b,7f1cf423dd81fb01,26,173038.46153846153,0,13.2,0,25,1.0,0.0,0.0,False,2,9,1.0,1.0,False,4499000.0,0.010749839808414444,0.0145872784613017,0.5522331959921676
287ce46db5fcf4eb,df2e72bf5bdede56,27,239259.25925925927,0,30.9,0,26,1.0,0.0,0.0,False,25,24,1.0,1.0,True,6460000.0,0.004098756770108071,0.004435248592282837,0.6169470168568084
287ea75d2779be9a,c35fdf762f8761ea,26,73230.76923076923,0,15.066666666666666,0,25,0.8461538461538461,0.0,0.0,False,22,26,1.0,1.0,True,1904000.0,0.012890500549483987,0.003067803102168254,0.019745626501236787
288b14a45663e74e,803f567e4c34b0ca,30,137900.0,1,29.83333333333333,0,29,0.9666666666666668,0.0,0.0333333333333333,False,23,30,1.0,1.0,True,4137000.0,0.01853926752173773,0.012543269626601461,0.7778939191632093
28cb27cdfd750cac,b04007943ba7e8a0,27,20518.51851851852,4,88.83333333333333,0,26,0.0,0.0,0.1481481481481481,False,10,27,1.0,1.0,True,554000.0,0.019867336309257463,0.018303007306168184,0.050556106431647416
28d18b5006fb2cdd,835d02355f18c539,44,37454.545454545456,8,1.6,14,43,1.0,0.3255813953488372,0.1818181818181818,False,0,0,,,False,1648000.0,0.0019473569283308216,0.012682877935801695,0.02022888603308359
28d18b5006fb2cdd,e9893b8c86ca92b8,52,37807.69230769231,11,1.35,9,51,1.0,0.1764705882352941,0.2115384615384615,False,0,0,,,False,1966000.0,0.002731311279993413,0.007413559188553576,0.02085175387413058
28d7620a273e4c47,8c24479810f02da7,36,25722.222222222223,0,14.616666666666667,0,35,0.0,0.0,0.0,False,19,1,1.0,1.0,True,926000.0,0.025548320583634328,0.0025308480667829425,0.025215408461695416
28de27321b011e9b,ad9597ab4f39723c,34,65323.52941176471,1,14.3,0,33,0.9117647058823528,0.0,0.0294117647058823,False,30,34,1.0,0.9705882352941176,False,2221000.0,0.0032396287134915324,0.007399240387609973,0.3769746521426296
2904b02904e9300b,ca328f4443fc792d,29,83241.37931034483,1,13.666666666666666,0,28,0.0344827586206896,0.0,0.0344827586206896,False,24,29,1.0,1.0,True,2414000.0,0.009153293503202042,0.00826194814446235,0.07569276148815299
293b3e8f6a777eac,cabab82d43bfb5b6,25,170120.0,1,18.766666666666666,0,24,0.96,0.0,0.04,False,25,0,1.0,,False,4253000.0,0.0014211409936531914,0.005988838494664472,0.6819328949393778
29d732f810a391b8,36f1688d126debcc,32,148718.75,3,23.616666666666667,0,31,0.875,0.0,0.09375,False,28,29,1.0,1.0,True,4759000.0,0.00937165521759208,0.0056774045741410095,0.9933274387602782
29d82f1f50b334c1,46b2037438bfabc3,34,242852.9411764706,1,14.7,0,33,1.0,0.0,0.0294117647058823,False,23,33,1.0,1.0,True,8257000.0,0.002405558558526309,0.003758685247697402,0.18356702809706715
29f440399a879639,50cc41b989a326e3,31,187354.83870967745,0,15.85,0,30,1.0,0.0,0.0,False,22,0,1.0,,False,5808000.0,0.003568961135194539,0.002222993846495269,0.24806606694755381
29fbff082405f8e2,c1c65bb5385fd22d,26,182230.7692307692,1,43.11666666666667,0,25,0.9230769230769232,0.0,0.0384615384615384,False,21,21,1.0,1.0,True,4738000.0,0.000597809939395675,0.0024341961604135154,0.1444480639191274
2a00b6c6151a5734,adceaf7e171a9279,33,70303.0303030303,0,14.533333333333331,0,32,0.7272727272727273,0.0,0.0,False,7,30,1.0,1.0,True,2320000.0,0.03797346010245102,0.00907454009801223,0.10603430068766041
2a18aff2e6ecc1f8,1941fefa73e06b0c,30,175766.66666666666,0,37.48333333333333,0,29,0.6,0.0,0.0,False,22,1,1.0,1.0,True,5273000.0,0.00870225127347836,0.007875340518984975,0.6434797550053158
2a47c907a07720fe,fd57b26187fd06de,28,345378.5714285714,5,5.116666666666666,0,27,0.9642857142857144,0.0,0.1785714285714285,False,24,26,1.0,1.0,True,9670600.0,0.0012886920849248084,0.0022480517481465734,0.10227561543996305
2a4e33baa4d7b717,aa780d10917e10db,48,207164.5833333333,0,12.55,0,47,0.8125,0.0,0.0,False,46,48,1.0,1.0,True,9943900.0,0.002620340572680444,0.00020404291344644498,0.01997114761609863
2a88a75816765ddc,280a304954e6debb,37,81189.18918918919,4,15.583333333333334,0,36,0.918918918918919,0.0,0.1081081081081081,False,29,36,1.0,1.0,True,3004000.0,0.003321961818917284,0.010635289400865555,0.4613732446044968
2ae5316b9d7479b8,e21efd9c19833762,31,108967.74193548386,2,5.55,0,30,1.0,0.0,0.064516129032258,False,23,23,1.0,0.9565217391304348,False,3378000.0,0.000830490454729321,0.006153504705516011,0.08854030563480614
2afe4f429fdac6a7,227872d103697113,31,171290.32258064515,1,16.966666666666665,0,30,0.5161290322580645,0.0,0.032258064516129,False,25,31,1.0,1.0,True,5310000.0,0.009887132051562003,0.009708147039766857,0.5984113290353066
2b28ebc6e1cf0b93,e229d734dc02b00f,34,123558.82352941176,2,16.3,0,33,0.9117647058823528,0.0,0.0588235294117647,False,2,0,1.0,,False,4201000.0,0.009439669522074222,0.015435667417210475,0.09016548954190576
2b5f09de0a62950d,aa10b7ee9cb8499a,33,11727.272727272728,1,2.566666666666667,10,32,0.6666666666666666,0.3125,0.0303030303030303,False,15,29,1.0,1.0,True,387000.0,0.011594649064087373,0.0249540903444746,0.05877509817327897
2b740d64e7821313,e52ef7c9e23061f7,24,176291.66666666666,0,75.21666666666667,0,23,0.0833333333333333,0.0,0.0,False,18,0,1.0,,False,4231000.0,0.025501784480567596,0.010674666103460462,0.49839450444419786
2ba77ea856bea9b4,4999b871cea15a73,28,199571.42857142855,2,4.883333333333334,1,27,0.8928571428571429,0.037037037037037,0.0714285714285714,False,23,1,1.0,1.0,True,5588000.0,0.0023232254531005575,0.007699935207425734,0.4206971108239396
2ba93f3ff00ecafd,f3e25c101302f475,24,153625.0,0,16.016666666666666,0,23,0.9166666666666666,0.0,0.0,False,21,16,1.0,1.0,True,3687000.0,0.0048504938196475425,0.018149080196024348,0.7703586501666351
2bcc19edba9516ea,fa25a28e7241a8ae,24,336895.8333333333,0,43.2,0,23,0.9583333333333334,0.0,0.0,False,20,23,1.0,1.0,True,8085500.0,0.003452620877527716,0.004843334419175727,0.444741957308495
2bd2c8292f4fd9df,6a908a1aa940022a,29,266137.9310344828,0,51.516666666666666,0,28,0.8275862068965517,0.0,0.0,False,28,29,1.0,1.0,True,7718000.0,0.01686396781133548,0.006708358242080825,0.160868148901211
2be9e25d886da19b,2c98c2fd2aae189e,24,307583.3333333333,0,77.33333333333333,0,23,1.0,0.0,0.0,False,9,23,1.0,1.0,True,7382000.0,0.0393767025949247,0.004309959084026316,0.14323454553915654
2c30495cdc84ac39,7d44ed85a6d25884,34,230941.17647058825,1,12.766666666666667,0,33,0.7058823529411765,0.0,0.0294117647058823,False,31,0,1.0,,False,7852000.0,0.001618024506627815,0.00041166552712879056,0.1718327707237796
2c439707c576f4bf,52a662c385ebe6af,30,93343.33333333331,0,4.783333333333333,1,29,0.1,0.0344827586206896,0.0,False,29,29,1.0,1.0,True,2800300.0,0.03115055145282134,0.005355231552909734,0.1321374748078596
2c53eabfab91812d,125568dc94ce0dd2,28,135821.42857142858,3,13.266666666666667,0,27,0.9642857142857144,0.0,0.1071428571428571,False,4,28,1.0,1.0,True,3803000.0,0.013191195369299774,0.01019140657161366,0.06326762196933629
2c670a2cde20a152,3d770e3fd664a4a9,27,257148.14814814812,0,14.8,0,26,0.8888888888888888,0.0,0.0,False,20,27,1.0,1.0,True,6943000.0,0.004292060582846792,0.00603537459773118,0.3272490361657115
2d0fc73ff9d602de,dffacb0f1be6d209,29,109275.86206896552,0,16.433333333333334,0,28,0.896551724137931,0.0,0.0,False,5,16,1.0,1.0,True,3169000.0,0.0422440424838824,0.011154345935071364,0.25110523244783484
2d422951453434d0,335a9d5e21dbda86,29,74310.3448275862,3,55.03333333333333,0,28,0.6896551724137931,0.0,0.1034482758620689,False,24,28,1.0,1.0,True,2155000.0,0.0021442404413054453,0.011641185167154067,0.03302989407667002
2d8e15aed9740927,877fbc943ee8a185,37,163486.48648648648,0,12.816666666666666,0,36,0.8918918918918919,0.0,0.0,False,28,37,1.0,1.0,True,6049000.0,0.002609601471972737,0.0035260047323637522,0.2794099222131139
2da48c0402bb90f0,a98e3633e484c2be,31,87032.25806451614,1,9.266666666666667,0,30,0.7419354838709677,0.0,0.032258064516129,False,18,29,1.0,1.0,True,2698000.0,0.009206989006740576,0.013960830920018763,0.06756326225241899
2df730dacdd75594,df17acaab310a1e3,25,200480.0,0,28.5,0,24,0.96,0.0,0.0,False,0,0,,,False,5012000.0,0.009031583695181365,0.010595912698270649,0.6690638725913092
2e381a87120df6b8,7d11bb695cb0a121,24,143166.66666666666,1,11.233333333333333,0,23,0.7916666666666666,0.0,0.0416666666666666,False,21,0,1.0,,False,3436000.0,0.0041202349715234845,0.007141501970625019,0.6828206605978815
2e4094a541dffd07,91955a095d17545a,38,155789.47368421053,1,11.8,0,37,1.0,0.0,0.0263157894736842,False,30,37,1.0,1.0,True,5920000.0,0.0013244890872838309,0.0029389338936757214,0.37118627686117567
2f4ff0449e7ece98,5cfd7cdb2761ce9f,33,252757.57575757572,0,17.2,0,32,1.0,0.0,0.0,False,6,3,1.0,0.6666666666666666,False,8341000.0,0.0025559059684342033,0.00521204354347371,0.1335729346024564
2f69145fbaab2968,bdf8d991b12e6b81,34,205529.41176470587,0,17.483333333333334,0,33,1.0,0.0,0.0,False,22,34,1.0,1.0,True,6988000.0,0.00242345705970582,0.002305326951921094,0.3050119383002867
2f6f5aac920a83d0,e23175634b7fbfd3,27,171481.4814814815,11,20.416666666666668,0,26,0.925925925925926,0.0,0.4074074074074074,True,18,25,1.0,1.0,True,4630000.0,0.0005870708386879682,0.002258790848854275,0.023507891449170048
2fb30b05225a816f,dfea839d547dd4b1,29,387344.8275862069,0,19.066666666666663,0,28,0.1379310344827586,0.0,0.0,False,20,29,1.0,1.0,True,11233000.0,0.0036512942406202904,0.002899557191080815,0.016727939202371193
2ff13fc7caa4fd5e,48e928d6dcdad2af,26,198076.92307692303,0,34.21666666666667,0,25,1.0,0.0,0.0,False,4,0,1.0,,False,5150000.0,0.0032718460156146525,0.0026274999731522586,0.14827834317154281
2ff2de97df037607,6a5068d0b957d98b,26,85076.92307692308,0,21.416666666666668,0,25,1.0,0.0,0.0,False,24,26,1.0,1.0,True,2212000.0,0.019709829498877764,0.004148872573410678,0.042254781584590104
2ff2e7a8fa33a63b,b28ed4974dad03f2,27,107925.92592592593,5,13.7,0,26,1.0,0.0,0.1851851851851851,False,26,27,1.0,1.0,True,2914000.0,0.0005190565342058256,0.0024520946615930184,0.016588330893171004
2ff877bcf6cc0493,faa480c51adf21e6,56,221375.0,18,29.433333333333334,0,55,0.8928571428571429,0.0,0.3214285714285714,True,36,53,1.0,1.0,True,12397000.0,1.2528950825657859e-05,0.0002935354193439599,0.008823961081499035
2ffc1de35f19ce97,427ccc9476286f1e,62,30145.16129032258,1,4.1,2,61,0.0,0.0327868852459016,0.0161290322580645,False,2,62,1.0,1.0,False,1869000.0,0.04562327950657412,0.0018220674200742915,0.010137711068075159
2ffc1de35f19ce97,d8cd9117b6cac328,73,29835.616438356163,3,4.0,3,72,0.0,0.0416666666666666,0.0410958904109589,False,7,73,1.0,1.0,True,2178000.0,0.00822615114210336,0.00025057901651315273,0.00601031669607987
300a7ca1c107f319,8e8d26170c5a2dc6,39,123000.0,0,10.2,0,38,0.8717948717948718,0.0,0.0,False,32,39,1.0,1.0,True,4797000.0,0.005061696133565775,0.0037551055474615014,0.40096580312364644
303b441e47c3ce99,721f62056258b49e,26,112461.53846153848,1,23.08333333333333,0,25,0.9230769230769232,0.0,0.0384615384615384,False,20,25,1.0,1.0,True,2924000.0,0.008644976069703924,0.03162665158419631,0.34486832072682233
30543ebc54c4b496,45e8edded679a014,26,97884.6153846154,0,23.03333333333333,0,25,0.1923076923076923,0.0,0.0,False,1,0,1.0,,False,2545000.0,0.03498799010570855,0.024266787899181352,0.1554628015449986
3081f92ce6b0e562,0ba8c86051122e74,37,66135.13513513513,2,20.75,0,36,0.8918918918918919,0.0,0.054054054054054,False,5,36,1.0,1.0,True,2447000.0,0.024896815140700117,0.005133290138283786,0.10673950163413316
309d26663b255bf6,93fb3bd696564c7c,24,224833.3333333333,0,11.0,0,23,0.7083333333333334,0.0,0.0,False,24,24,1.0,1.0,True,5396000.0,0.010223623873736813,0.011036215827286644,0.6252698199052811
309e20a68a1cb159,3967b604d4cc82c8,27,172888.88888888888,2,7.833333333333333,0,26,0.8148148148148148,0.0,0.074074074074074,False,13,6,1.0,1.0,True,4668000.0,0.0157793186398571,0.012808167444058216,0.28272114493132344
30f9f0d5c8bce870,466dd53db700fd39,45,104777.77777777778,0,19.183333333333334,0,44,0.0444444444444444,0.0,0.0,False,39,44,1.0,1.0,True,4715000.0,0.011490837757246209,0.003944829659964233,0.18808103009453989
313a10c7d1982b05,f2e68f23003c9ed2,32,253406.25,2,18.45,0,31,0.9375,0.0,0.0625,False,20,32,1.0,1.0,True,8109000.0,0.009156873203437945,0.005144029238991488,0.2633549666550923
3152712928c6fdd5,b51d5a0ed8e4db45,44,97113.63636363635,3,16.683333333333334,0,43,0.0454545454545454,0.0,0.0681818181818181,False,0,0,,,False,4273000.0,0.020443668047237726,0.010119812566895647,0.02600294251359391
3178e28272ca263f,dd9f7d5e7e6817f6,24,198708.3333333333,1,45.083333333333336,0,23,0.9166666666666666,0.0,0.0416666666666666,False,4,21,1.0,1.0,True,4769000.0,0.008498208360031932,0.004900609622950136,0.2670885940011383
31a5966f21b4ba4e,87d821a23a5cd7de,25,25000.0,0,5.433333333333334,0,24,0.6,0.0,0.0,False,0,24,,1.0,False,625000.0,0.07355926014755525,0.0054912601618740675,0.017297111539879652
320fe7b8bab4c050,6a4c360150ef33de,35,379314.28571428574,1,20.0,0,34,0.8857142857142857,0.0,0.0285714285714285,False,25,31,1.0,1.0,True,13276000.0,0.0029962090974501795,0.0023196457528646963,0.027842908434847664
328007466e5f67d3,627af4d233376a20,24,147583.33333333334,0,40.48333333333333,0,23,0.8333333333333334,0.0,0.0,False,23,24,1.0,1.0,True,3542000.0,0.02062623275926874,0.015782898340093054,0.4825006353967919
3298e7716921b985,89ecaf763d9a7a48,30,221500.0,1,35.78333333333333,0,29,0.9666666666666668,0.0,0.0333333333333333,False,28,30,1.0,1.0,True,6645000.0,0.0036548739408561928,0.00614992500528011,0.1852530669081771
329e48f140ac51d5,19b3a8e04d026d46,30,305300.0,0,46.1,0,29,0.7333333333333333,0.0,0.0,False,30,30,1.0,1.0,True,9159000.0,0.014687510067906914,0.00486481262059113,0.3957036437768701
32a1d0bb3999cf81,9ac326c9c7372eeb,28,126821.42857142857,2,10.283333333333331,0,27,1.0,0.0,0.0714285714285714,False,27,28,1.0,1.0,True,3551000.0,0.005115391637104309,0.0064219822232086665,0.4045741409614359
32badcd099681558,5cb1a5871a5cefff,31,38290.32258064516,0,2.066666666666667,10,30,0.7741935483870968,0.3333333333333333,0.0,False,0,0,,,False,1187000.0,0.027266576696867405,0.0089671490909351,0.0380987496107076
32badcd099681558,befaa249391a6b22,35,35000.0,0,1.35,8,34,0.8857142857142857,0.2352941176470588,0.0,False,0,0,,,False,1225000.0,0.020035582220344867,0.004084437969164467,0.017687298865592994
32e31f63f6aea7ea,ae1f2889fe251a55,32,192437.5,0,32.46666666666667,0,31,0.90625,0.0,0.0,False,22,0,1.0,,False,6158000.0,0.005262159346776301,0.004088017669400368,0.676871198805812
339f3da225377677,3a0b1620aa86a6c1,25,262600.0,4,43.35,0,24,0.88,0.0,0.16,False,5,0,1.0,,False,6565000.0,0.00035797002359022454,0.006611706335711398,0.2593206444892305
33af613bd024e85f,0525af43bc2e7103,44,157750.0,0,15.05,0,43,0.0909090909090909,0.0,0.0,False,32,44,1.0,1.0,True,6941000.0,0.020719304965402197,0.007395660687374073,0.06626383106678646
33c083b10c9726b7,e831dd2a08faea77,39,215820.5128205128,0,16.45,0,38,0.7948717948717948,0.0,0.0,False,21,38,1.0,1.0,True,8417000.0,0.008347860950124037,0.005265739047012219,0.15313599639166217
33caad945262f762,f0eb9c89a8f88566,32,308093.75,0,35.53333333333333,0,31,0.9375,0.0,0.0,False,28,32,1.0,1.0,True,9859000.0,0.007775108912379677,0.0035510626340150564,0.5350219972579496
3452126d2547c80d,4963bb22b32a3ba0,26,195923.0769230769,0,52.06666666666667,0,25,0.9230769230769232,0.0,0.0,False,16,23,1.0,1.0,True,5094000.0,0.006747734944675733,0.008748787376545053,0.22162998070541573
347264c45064cdd1,c81b8f640a0f302b,32,276156.25,0,18.45,0,31,0.8125,0.0,0.0,False,17,31,1.0,1.0,True,8837000.0,0.007950514223938887,0.005186985641822406,0.10886226387402319
34f9e00902cfe250,6292dcb12a10ac22,31,173225.8064516129,1,45.75,0,30,0.2903225806451613,0.0,0.032258064516129,False,17,0,1.0,,False,5370000.0,0.003909032657605252,0.004077278568692666,0.0666504386922639
35025122ec406f4c,fd4ccd9f0b236f14,24,262125.0,17,0.95,6,23,0.9583333333333334,0.2608695652173913,0.7083333333333334,True,0,0,,,False,6291000.0,0.0034472513271738624,0.000390187325713387,0.016760156504494313
353045fc89bb7422,365ca728d2575347,26,101923.07692307692,17,31.5,0,25,0.5384615384615384,0.0,0.6538461538461539,True,21,26,1.0,1.0,True,2650000.0,0.0014104018929454848,0.0034078746245789215,0.09412463800281365
353372fca9a86c2a,aa8a1e169553d044,30,245200.0,30,0.8833333333333333,18,29,1.0,0.6206896551724138,1.0,True,16,1,1.0,1.0,True,7356000.0,1.2528950825657859e-05,8.59128056616143e-05,0.008297745146821404
35918d5240ef2bda,816a562bd45144e4,26,386500.0,0,74.93333333333334,0,25,0.9230769230769232,0.0,0.0,False,21,26,1.0,1.0,True,10049000.0,0.014057482826388119,0.0038445980533590163,0.3716337393906634
35f1be4b5e777fc4,63fd6150bbff5965,26,229961.53846153847,0,24.75,0,25,0.8461538461538461,0.0,0.0,False,0,26,,1.0,False,5979000.0,0.024574642119468915,0.010760578909122187,0.2491721943204476
36306df3f51e1c61,0b2e62fbcb7f3164,26,133769.23076923078,0,16.733333333333334,0,25,0.9230769230769232,0.0,0.0,False,17,23,1.0,1.0,True,3478000.0,0.017894921479275325,0.008487469259324198,0.12636341832734926
36387d716a776211,bc9c160df0b94e75,28,90714.28571428572,1,62.21666666666667,0,27,1.0,0.0,0.0357142857142857,False,15,28,1.0,1.0,True,2540000.0,0.005448303759043218,0.008168875938328934,0.05844218605134006
3638b44e6761916c,ba5d15bbc078c1b5,25,153000.0,0,12.183333333333334,0,24,0.96,0.0,0.0,False,15,24,1.0,1.0,True,3825000.0,0.03546051053684764,0.00873088887536555,0.1645230228420672
365901bc9d221cea,ecc9562e4b4c92e3,25,192680.0,0,12.016666666666667,0,24,1.0,0.0,0.0,False,22,25,1.0,1.0,True,4817000.0,0.005093913435688896,0.009507683826556312,0.7694995221100185
3689165608c694fa,74cd9c8bf081c3f2,30,123166.66666666669,0,12.316666666666666,0,29,0.8666666666666667,0.0,0.0,False,30,30,1.0,1.0,True,3695000.0,0.02210822865693227,0.007993470626769694,0.7689554076741614
3695ccd634a9b29e,024d15828116abb4,24,135000.0,3,1.0166666666666666,1,23,0.0,0.0434782608695652,0.125,False,24,24,1.0,1.0,True,3240000.0,0.02010001682459111,0.0461602345419595,0.143474385454962
36b20da0bf12140d,7caed88907e680f7,39,118743.58974358976,10,14.183333333333334,0,38,1.0,0.0,0.2564102564102564,False,39,39,1.0,1.0,True,4631000.0,0.00031859332099529983,0.0020189509330488242,0.01740450254695672
36b216544e16f015,caea6450612b15d7,44,128363.63636363635,0,15.1,0,43,0.3636363636363636,0.0,0.0,False,6,44,1.0,1.0,True,5648000.0,0.007055589164963326,0.0025380074672547437,0.011132867733655984
36fb82a035123cbf,62416464f97da744,38,265921.05263157893,0,19.75,0,37,0.7631578947368421,0.0,0.0,False,22,38,1.0,1.0,True,10105000.0,0.005008000630027242,0.00445672679369824,0.24347689124512714
371f532054353f4d,45a89afa72f3dafa,25,173640.0,0,22.066666666666663,0,24,0.96,0.0,0.0,False,14,24,1.0,1.0,True,4341000.0,0.01995682881515502,0.0108429120145479,0.18444405465486322
373ad0220443d475,b1906e333b1b538a,35,152297.14285714287,0,20.75,0,34,0.8571428571428571,0.0,0.0,False,33,35,1.0,0.9714285714285714,False,5330400.0,0.0007338385483599603,0.0010524318693552193,0.02402336828313997
376a8a6afcdfc678,5a7cd1356957b215,26,92346.15384615384,0,41.38333333333333,0,25,0.9230769230769232,0.0,0.0,False,0,25,,1.0,False,2401000.0,0.034318586161594826,0.01106843312940975,0.05507010842912015
37a43fd1ecbd760b,0065f5452113e361,34,186588.23529411765,0,30.1,0,33,0.9117647058823528,0.0,0.0,False,32,0,1.0,,False,6344000.0,0.0037228882453383353,0.0023626021556955035,0.5438996538429872
37b6af5a07544005,7d0870c589c5dd3b,25,132040.0,0,44.81666666666667,0,24,0.72,0.0,0.0,False,10,24,1.0,1.0,True,3301000.0,0.02386228177252437,0.01201347399168795,0.08006357547618963
37d104ed61f87569,770a59c82322ab15,35,156542.85714285713,7,22.933333333333334,0,34,0.9714285714285714,0.0,0.2,False,29,34,1.0,1.0,True,5479000.0,0.00026310796733881506,0.002215834446023468,0.05645187272017841
3811606fc9df9062,7df6a8c17b2fe5ba,36,123888.88888888888,2,12.666666666666666,0,35,0.6388888888888888,0.0,0.0555555555555555,False,30,32,1.0,1.0,True,4460000.0,0.003787322849584576,0.007606863001292319,0.696609665906577
38b1d1ce9081e11f,e2ce0537b92e4bed,33,231363.63636363635,10,3.9,1,32,1.0,0.03125,0.303030303030303,True,31,25,1.0,1.0,True,7635000.0,6.0854904010338176e-05,6.443460424621072e-05,0.008261948144462383
38ee1a769435beb3,6493cbd9a212c8c4,25,287280.0,0,14.283333333333331,0,24,0.96,0.0,0.0,False,4,24,1.0,1.0,True,7182000.0,0.01629479547382702,0.005953041492305466,0.2633692854560359
394d162072d196c3,3e5df9426db5e784,29,162068.9655172414,4,13.083333333333334,0,28,0.7931034482758621,0.0,0.1379310344827586,False,26,29,1.0,1.0,True,4700000.0,0.000626447541282893,0.004875551721298832,0.3958038753834754
3961ffaa728799ed,c30ea92dc6e73dc8,26,201730.7692307692,0,16.65,0,25,0.9230769230769232,0.0,0.0,False,25,26,1.0,1.0,True,5245000.0,0.018567905123624946,0.006640343937598714,0.5488217416673528
3976bb4868ce3fcf,f2bf77f9fb9a7b84,28,98500.0,1,15.216666666666669,0,27,1.0,0.0,0.0357142857142857,False,24,28,1.0,1.0,True,2758000.0,0.004009264264210515,0.007019792162604288,0.2414973170146732
39c3d1b7ec0213f5,500cc52ce1c8bed5,49,76000.0,0,5.4,0,48,1.0,0.0,0.0,False,44,46,1.0,1.0,True,3724000.0,0.009224887507920087,0.0012636341832734654,0.021317114904797874
39ebdb8fd897f91a,4b6e14ca71eea83a,26,182692.3076923077,0,18.516666666666666,0,25,0.9230769230769232,0.0,0.0,False,6,24,1.0,1.0,True,4750000.0,0.017766052270782845,0.007825224715682255,0.34710205367402536
39f09ad8625c0a20,e8e5e79752c96140,37,171108.1081081081,0,17.116666666666667,0,36,0.4324324324324324,0.0,0.0,False,32,37,1.0,1.0,True,6331000.0,0.0041417131729388984,0.004363654587564825,0.5846438019280266
3a3b535f6f5f0885,d6700790a3313207,28,118571.42857142857,0,39.71666666666667,0,27,1.0,0.0,0.0,False,9,28,1.0,1.0,True,3320000.0,0.010567275096383428,0.009278583011458674,0.14096143588935864
3a3c0eb1926d9e65,e9395bd45deffea8,92,177056.52173913043,0,7.8,0,91,0.7065217391304348,0.0,0.0,False,73,74,1.0,1.0,True,16289200.0,0.006543692031229305,0.00015034740990793605,0.004077278568692657
3a4aed90b82ff238,447a97981e462212,35,83857.14285714286,0,38.06666666666667,0,34,0.1428571428571428,0.0,0.0,False,32,32,1.0,1.0,True,2935000.0,0.03465507798376964,0.002366181855931404,0.09749671562503356
3a87ca3dc74619ec,fdc06c06b8093f70,26,217038.46153846156,3,51.98333333333333,0,25,0.6923076923076923,0.0,0.1153846153846153,False,21,17,1.0,1.0,True,5643000.0,0.009217728107448283,0.01048852169119363,0.4888760815169338
3a8cad57f76cd018,0a5a8c88fab1d577,32,182937.5,0,28.166666666666668,0,31,0.9375,0.0,0.0,False,27,32,1.0,1.0,True,5854000.0,0.0018113283193665363,0.0038624965545385193,0.3894606465654566
3a9caf1156a4353f,38f2ea352fb86076,45,122600.0,0,20.883333333333333,0,44,0.6888888888888889,0.0,0.0,False,41,5,1.0,1.0,True,5517000.0,0.0014784161974276274,0.002126341940125953,0.08655357200388039
3aa6486ca4662309,e2af592f514c0bc7,27,250888.88888888888,0,13.933333333333334,0,26,0.925925925925926,0.0,0.0,False,24,27,1.0,0.9629629629629628,False,6774000.0,0.002713412778813902,0.002702673678106171,0.25818945921468534
3af60d04de393656,e2a4649883a13844,27,133185.1851851852,1,9.166666666666666,0,26,0.8518518518518519,0.0,0.037037037037037,False,17,26,1.0,1.0,True,3596000.0,0.024614018822063842,0.01142282345276402,0.188442579818366
3b110e85b1a7a442,2e78fcee0dc0be1d,34,228705.8823529412,0,19.8,0,33,0.9705882352941176,0.0,0.0,False,32,33,1.0,1.0,True,7776000.0,0.0009414611620422906,0.0027527894814087794,0.38413047291419816
3b47a06b68d9934f,83133c83ab47b8d0,33,234575.7575757576,1,35.6,0,32,1.0,0.0,0.0303030303030303,False,19,0,1.0,,False,7741000.0,0.0012600544830375904,0.0032861648165583013,0.24076705816654914
3bf7290f0e4320d4,9ca3022f480c87f6,37,233567.5675675676,2,23.683333333333334,0,36,0.945945945945946,0.0,0.054054054054054,False,14,28,1.0,1.0,True,8642000.0,0.0025308480667828874,0.0020690667363515436,0.06657884468754587
3c8cb51dbca77a0f,fad106247b38675d,29,241413.7931034483,1,51.11666666666667,0,28,0.8620689655172413,0.0,0.0344827586206896,False,23,29,1.0,1.0,True,7001000.0,0.00189724112502819,0.0041882492760055845,0.6770251259159558
3c8ef8280e8abfa9,69af7156d2143f97,29,210965.5172413793,6,21.316666666666663,0,28,0.8275862068965517,0.0,0.2068965517241379,False,4,7,1.0,1.0,True,6118000.0,0.0032467881139633366,0.005129710438047885,0.04133121892372733
3ca82051dae8889d,ed63a68bf56f0f11,27,244185.1851851852,0,19.65,0,26,0.9629629629629628,0.0,0.0,False,0,25,,1.0,False,6593000.0,0.012117285298529101,0.00357254083543046,0.11370917799343483
3cb840724f61bb52,bbe55ed1a7de9c6f,27,214333.3333333333,0,8.416666666666666,0,26,1.0,0.0,0.0,False,17,0,1.0,,False,5787000.0,0.004467465894406003,0.004027162765390058,0.20291530787211878
3ce2d7c297a854cd,3545c4ee5ed3ccd7,25,321600.0,0,66.3,0,24,0.92,0.0,0.0,False,10,25,1.0,1.0,True,8040000.0,0.011823749879185117,0.005537796264940775,0.29118355628899634
3d4bc7664a63f64e,27d97ab4af6b5c26,32,151906.25,7,6.233333333333333,0,31,0.9375,0.0,0.21875,False,21,30,1.0,1.0,True,4861000.0,0.0005906505389238706,0.0049507254262528555,0.07282184189895938
3d8dc2593d90ba63,72159a75972cb55d,55,164654.54545454544,2,12.65,0,54,0.7818181818181819,0.0,0.0363636363636363,False,29,49,1.0,1.0,True,9056000.0,0.003633395739440779,0.002767108282352382,0.01216382140159583
3d929cbdb6794e8a,d04d554b7f3fe453,24,156208.33333333334,0,31.716666666666665,0,23,0.7083333333333334,0.0,0.0,False,14,0,1.0,,False,3749000.0,0.0074028200878458435,0.011680561869748973,0.2760629024925453
3d9eafae204c1039,c22aa2e83a247caa,26,151461.53846153847,0,79.4,0,25,0.3846153846153846,0.0,0.0,False,21,26,1.0,1.0,True,3938000.0,0.03508822171231381,0.026568535150866435,0.43253517950406833
3dc52b17ca99710b,82926906175f8454,30,194033.3333333333,0,43.266666666666666,0,29,0.8,0.0,0.0,False,28,29,1.0,1.0,True,5821000.0,0.007886079619692647,0.0058456504852283375,0.18941267858229552
3dd9de95e6968d5e,dd510f838e5fd527,24,192666.66666666663,1,17.333333333333332,0,23,0.625,0.0,0.0416666666666666,False,13,22,1.0,1.0,True,4624000.0,0.029289107330152175,0.025086539253202922,0.5385157846881902
3de202db6629cb3d,be88e71c067189e8,40,185225.0,0,26.95,0,39,0.925,0.0,0.0,False,14,40,1.0,1.0,True,7409000.0,0.006930299656706747,0.005691723375084612,0.05887532977988423
3e14b307f0ab1a35,9dd27f5d6d083840,27,185148.14814814812,1,66.05,0,26,0.8518518518518519,0.0,0.037037037037037,False,0,0,,,False,4999000.0,0.017511893554033785,0.006192881408110917,0.16348490977365557
3e7e2b59ca615cfd,725dd3870f690f79,25,298720.0,0,75.91666666666667,0,24,1.0,0.0,0.0,False,22,23,1.0,1.0,True,7468000.0,0.023550847852000872,0.00410233647034397,0.03996019373337677
3e7e2b59ca615cfd,d457031a98f64824,29,296793.1034482759,0,49.56666666666667,0,28,0.9655172413793104,0.0,0.0,False,15,27,1.0,1.0,True,8607000.0,0.010341753981521587,0.0031000204042913593,0.09377024767945932
3e93a5ae60ddcd54,63de11fe861ddb59,37,168762.16216216216,1,45.66666666666666,0,36,0.7027027027027027,0.0,0.027027027027027,False,37,34,1.0,1.0,True,6244200.0,0.0031179189054708558,0.0027957458842396976,0.12047839113952598
3eae43218559ad11,cc55a687df96de99,24,170583.33333333334,1,81.66666666666667,0,23,0.875,0.0,0.0416666666666666,False,22,0,1.0,,False,4094000.0,0.0019366178276231149,0.004582016301954872,0.07179446793125543
3eb2a21c2fc0608d,cff13c81d6f29727,26,228115.38461538465,0,11.233333333333333,0,25,0.8846153846153846,0.0,0.0,False,19,26,1.0,1.0,True,5931000.0,0.0038875544561898386,0.007170139572512224,0.524866387688695
3f24305136794b90,6b8847e36784be53,25,159800.0,1,20.266666666666666,0,24,0.88,0.0,0.04,False,16,23,1.0,1.0,True,3995000.0,0.00918193110508926,0.01388207751482895,0.23218651670109144
3f5a7d6a3a542b42,e8c682a3ab703e0d,26,216730.7692307692,3,19.73333333333333,0,25,0.6923076923076923,0.0,0.1153846153846153,False,17,0,1.0,,False,5635000.0,0.006912401155527236,0.0072202553758148325,0.16692142200012172
3f71a5433a150cb6,13ab73b171569484,24,189708.3333333333,0,12.266666666666667,0,23,0.9583333333333334,0.0,0.0,False,5,24,1.0,1.0,True,4553000.0,0.03307285047950085,0.005831331684284735,0.09463653513654767
3f7304bde7b71444,3d11ffe5ca01796c,30,191033.3333333333,0,12.316666666666666,0,29,0.9333333333333332,0.0,0.0,False,12,15,1.0,1.0,True,5731000.0,0.01436533704667571,0.007306168181476447,0.152044187819712
3fa050abd2f86efa,037a1773321f2c4d,40,122525.0,3,1.9833333333333332,1,39,0.75,0.0256410256410256,0.075,False,17,40,1.0,1.0,True,4901000.0,0.01106127372893794,0.006400504021793263,0.013445354086048834
3fad1a6dd7d74a77,500df3df6262a327,25,13800.0,0,9.75,0,24,1.0,0.0,0.0,False,25,0,1.0,,False,345000.0,0.016484519586329842,0.0008662874570883883,0.006948198157886259
3fad1a6dd7d74a77,725053c8c2febdda,24,13750.0,0,6.816666666666666,0,23,1.0,0.0,0.0,False,24,0,1.0,,False,330000.0,0.01208148829617008,0.0019258787269154087,0.007839543516625918
3fef01f339580995,918287a41b752cae,37,149243.24324324325,18,8.25,0,36,0.972972972972973,0.0,0.4864864864864865,True,0,0,,,False,5522000.0,0.0001646662108515033,0.0009736784641654062,0.008999366393058246
4023976e57c1ed6a,e65f21059638a9b2,29,189689.6551724138,0,19.316666666666663,0,28,0.7241379310344828,0.0,0.0,False,25,29,1.0,1.0,True,5501000.0,0.01965971369557513,0.007753630710964243,0.7325247983733842
4063905a737fb063,487ca3e45c1531df,31,39903.22580645161,7,5.983333333333333,0,30,0.6129032258064516,0.0,0.2258064516129032,False,31,19,1.0,1.0,True,1237000.0,0.002989049696978375,0.007180878673219926,0.18774453827236506
40acf18c210f9269,dfed23b230b12326,30,276466.6666666667,0,13.483333333333333,0,29,0.9666666666666668,0.0,0.0,False,26,29,1.0,1.0,True,8294000.0,0.006457779225567651,0.0022050953453157662,0.16168790025523264
40ad8c5897d292ea,c1f36a39199a2d25,24,436916.6666666667,4,36.7,0,23,0.9583333333333334,0.0,0.1666666666666666,False,5,0,1.0,,False,10486000.0,0.0008054325530780053,0.0019079802257359058,0.03253947514435141
40bd779ea7f0f445,eb1e1e75cf4bed3a,34,330264.7058823529,1,40.36666666666667,0,33,0.9411764705882352,0.0,0.0294117647058823,False,31,30,1.0,1.0,True,11229000.0,0.0010273739677039444,4.6536103066707746e-05,0.002577384169849617
4115f4cd78d7b2da,3fc4ee2a28dc068f,29,323000.0,0,88.3,0,28,0.4482758620689655,0.0,0.0,False,16,29,1.0,1.0,True,9367000.0,0.0045999148031343855,0.003912612357841128,0.031032421345036566
4192b1b8bdfbe9cb,c688766c51863a58,24,154916.66666666666,0,51.68333333333333,0,23,0.9583333333333334,0.0,0.0,False,14,24,1.0,1.0,True,3718000.0,0.017100228026905025,0.019119178959953853,0.44196053022519893
4327d0d67098088e,1e2b5a87c2e9a323,27,287592.5925925926,0,58.16666666666666,0,26,0.7777777777777778,0.0,0.0,False,17,25,1.0,1.0,True,7765000.0,0.013352281879915376,0.009786900444956781,0.1966866294616489
436b9bccd49388cc,58970789d6759ea3,28,237571.42857142855,0,24.633333333333333,0,27,0.8928571428571429,0.0,0.0,False,28,28,1.0,1.0,True,6652000.0,0.002842281987306383,0.0034687295285892317,0.5328705974161724
4388bf88f619a8f2,51cba4837e3aa8e3,55,124400.0,8,11.133333333333333,0,54,0.0,0.0,0.1454545454545454,False,17,52,1.0,1.0,True,6842000.0,0.002083385537295107,0.005516318063525372,0.02632153583458921
4401adf7b70fb6a8,796d1a27851b23b4,27,318962.962962963,0,19.183333333333334,0,26,0.8888888888888888,0.0,0.0,False,27,27,1.0,1.0,True,8612000.0,0.016144448063919126,0.006425561923444567,0.3022448300179343
44197854cc607568,52c7f5ed4cd19911,27,172962.96296296295,0,12.25,0,26,1.0,0.0,0.0,False,6,26,1.0,1.0,True,4670000.0,0.0058993459887669,0.005723940677207717,0.19389088357740922
441aae6593499f6b,f258d041942ff840,26,180576.92307692303,0,15.266666666666667,0,25,0.7692307692307693,0.0,0.0,False,23,26,1.0,1.0,True,4695000.0,0.004252683880251868,0.00737776218619457,0.5906469592236346
444781a3e454a8f7,c182d47abe734dad,29,220517.24137931035,15,3.85,1,28,0.896551724137931,0.0357142857142857,0.5172413793103449,True,28,29,1.0,1.0,True,6395000.0,0.0005799114382161638,0.0019545163288026135,0.014415452849978343
445a60daade18f95,ba8323798fc72fe9,25,171760.0,0,34.7,0,24,0.96,0.0,0.0,False,22,21,1.0,1.0,True,4294000.0,0.030463249007528108,0.008254788743990549,0.12575486928724589
4465f944c6b5ab1a,d315a3a6a82b6752,28,239250.0,0,60.53333333333333,0,27,1.0,0.0,0.0,False,8,24,1.0,1.0,True,6699000.0,0.011283215143563879,0.0021406607410695555,0.03473383138895949
4481d877eaec5d84,f894acf250451372,35,181242.85714285716,2,11.05,0,34,0.2857142857142857,0.0,0.0571428571428571,False,21,35,1.0,1.0,True,6343500.0,0.006633184537126861,0.008358600050831777,0.0341181229483843
44969366800a4c6a,69577266c946a1ae,65,175892.3076923077,0,9.916666666666666,0,64,0.8461538461538461,0.0,0.0,False,61,62,1.0,0.9838709677419356,False,11433000.0,0.001063170970062967,3.579700235900596e-05,0.002480732263480256
44bd8f1cd40f7982,07fc21970cd5eb35,25,569720.0,1,38.28333333333333,0,24,0.96,0.0,0.04,False,18,25,1.0,1.0,True,14243000.0,0.016749417403786607,0.005348072152437933,0.08874076884801667
44df9b3095551989,216b61689df17f00,25,222480.0,1,60.4,0,24,1.0,0.0,0.04,False,21,25,1.0,1.0,True,5562000.0,0.005480521061166338,0.009246365709335458,0.8408286290106066
452cb0d28f599eec,9a2d0825f5ed95d3,26,175346.15384615384,0,58.86666666666667,0,25,0.5,0.0,0.0,False,21,24,1.0,1.0,True,4559000.0,0.03117918905470856,0.01763718306229034,0.5350184175577137
455af235d85f4e4a,57ef926d0b78b080,26,305461.53846153844,1,25.8,0,25,0.8076923076923077,0.0,0.0384615384615384,False,26,25,1.0,1.0,True,7942000.0,0.025423031075377748,0.005602230869186986,0.015521580222872138
45ed38c0dccbe537,9c4fb69104f90c32,24,224208.3333333333,0,9.366666666666667,0,23,0.9583333333333334,0.0,0.0,False,21,24,1.0,1.0,True,5381000.0,0.005233521744889083,0.0020261103335206254,0.14449460002219414
460c39188524b386,07388ec6d0654e3b,36,235111.11111111112,0,20.966666666666665,0,35,0.9722222222222222,0.0,0.0,False,34,36,1.0,1.0,True,8464000.0,0.003934090559256568,0.00012528950825663188,0.008580541465457683
4617c2a585524f38,1c0e4723e771a599,33,218878.78787878787,4,12.8,0,32,0.7575757575757576,0.0,0.1212121212121212,False,11,33,1.0,1.0,True,7223000.0,0.0071844583734558065,0.004220466578128801,0.23918125096204443
466ae218c3176ccd,eaadb8525393aa7b,25,140320.0,0,23.933333333333334,0,24,0.84,0.0,0.0,False,22,24,1.0,1.0,True,3508000.0,0.006379025820377801,0.012761631340991508,0.4627979652983859
468210bb7196ad4b,47613426b9363847,31,236548.38709677415,0,18.1,0,30,1.0,0.0,0.0,False,31,25,1.0,1.0,True,7333000.0,0.004388712489216153,0.004234785379072403,0.7803316950238587
46d710c9a788b55a,3049b5d3c3aa8811,27,24074.074074074077,0,8.983333333333333,0,26,1.0,0.0,0.0,False,13,26,1.0,1.0,True,650000.0,0.03827415492226681,0.0028100646851833,0.0068551259517528
46d710c9a788b55a,3d7af27860ef2eb2,26,21538.46153846154,0,9.733333333333333,0,25,1.0,0.0,0.0,False,4,26,1.0,1.0,True,560000.0,0.020393552243935093,0.007295429080768745,0.010839332314312
47af867ce877154c,b8acd8e32b760a2b,29,402448.275862069,0,40.833333333333336,0,28,0.7931034482758621,0.0,0.0,False,21,29,1.0,1.0,True,11671000.0,0.013935773018367442,0.00574183917838722,0.1739233156615465
47e0425985d09d08,606e0b8e88dd7fc9,26,150923.07692307694,0,19.45,0,25,0.7307692307692307,0.0,0.0,False,25,1,1.0,1.0,True,3924000.0,0.009736784641654108,0.006919560555999071,0.3083052625173168
4807fe15a177ed13,2b2c65988d6faf1e,24,236000.0,1,53.43333333333333,0,23,1.0,0.0,0.0416666666666666,False,17,23,1.0,0.9565217391304348,False,5664000.0,0.000816171653785712,0.007435037389968979,0.7233464469685309
48a7d309e9830cba,b1a47b49c8c7070f,24,131583.33333333334,0,23.416666666666668,0,23,0.9583333333333334,0.0,0.0,False,9,24,1.0,1.0,True,3158000.0,0.010212884773029106,0.004105916170579871,0.1128536296370542
48bc569cfba60ba8,9be606402e4b34be,40,201150.0,1,32.38333333333333,0,39,0.95,0.0,0.025,False,30,40,1.0,1.0,True,8046000.0,0.001313749986576124,0.0026704563759830657,0.29991086546412604
491bddefcd4b8aff,f0813858c9e60ef0,26,184423.0769230769,0,9.633333333333333,0,25,0.6153846153846154,0.0,0.0,False,25,26,1.0,1.0,True,4795000.0,0.02196504064749618,0.008981467891878703,0.6850042777417819
4998891c6eccbae1,577e3dd10256eff0,37,288783.7837837838,16,0.65,25,36,0.945945945945946,0.6944444444444444,0.4324324324324324,True,36,2,1.0,1.0,True,10685000.0,0.00011455040754887185,0.0005047377332622061,0.0037228882453383353
4998891c6eccbae1,c20b2afaab0569a0,34,202794.11764705885,19,0.5166666666666667,23,33,0.9705882352941176,0.696969696969697,0.5588235294117647,True,29,1,1.0,1.0,True,6895000.0,0.000218361714390037,0.0008125919535497683,0.0037801634491127713
49ac003a891fec94,64acbb8c9f04432a,56,162142.85714285713,2,30.4,0,55,1.0,0.0,0.0357142857142857,False,22,1,1.0,1.0,True,9080000.0,0.0004331437285441717,0.00013602860896433366,0.004170350774826116
49d18d93c10b1bc0,9db0d2f91ffc75a6,38,13605.263157894737,38,0.55,37,37,0.9473684210526316,1.0,1.0,True,35,38,1.0,1.0,True,517000.0,0.0004617813304313897,0.0026990939778702705,0.004564117800775363
49e69ac4e1cd5707,ff0cd20998ad5f31,25,99440.0,0,27.73333333333333,0,24,1.0,0.0,0.0,False,24,25,1.0,1.0,True,2486000.0,0.015500102021456724,0.019018947353348636,0.46451980111185487
49e7c2d47f318a0f,11471c4b47abcba9,43,167651.16279069768,1,10.866666666666667,0,42,0.9534883720930232,0.0,0.0232558139534883,False,28,42,1.0,1.0,True,7209000.0,0.0047037261099755505,0.0019795742304539177,0.09827709027646025
4a1f1508d39ae240,158e8a240a710356,30,147466.66666666666,2,10.066666666666666,0,29,0.3333333333333333,0.0,0.0666666666666666,False,10,29,1.0,1.0,True,4424000.0,0.022706038596327943,0.016484519586329793,0.08108736974365767
4a302c71fe4e7e45,9ef43fe9fa564283,29,107068.96551724138,0,5.066666666666666,0,28,0.9655172413793104,0.0,0.0,False,27,29,1.0,1.0,True,3105000.0,0.017665820664177583,0.011848807780836412,0.5204812548997148
4a6aac25b385f667,3386ad215670f6b4,29,187517.24137931035,0,18.2,0,28,0.9310344827586208,0.0,0.0,False,22,29,1.0,1.0,True,5438000.0,0.0030248466993373973,0.0047108855104474046,0.42605592207708526
4a84b9300b957bf6,4beb62befad9bc14,24,173791.66666666666,0,33.333333333333336,0,23,1.0,0.0,0.0,False,15,0,1.0,,False,4171000.0,0.01997472731633453,0.006024635497023478,0.0932476114450176
4aa240e9b5625088,2989757b5a1605cc,36,112500.0,2,10.35,0,35,0.9166666666666666,0.0,0.0555555555555555,False,28,0,1.0,,False,4050000.0,0.0037336273460460423,0.0032754257158505995,0.43351243766846964
4acc7aa085a3a22f,85e0a33d5735e4a4,32,120062.5,0,9.833333333333334,0,31,0.34375,0.0,0.0,False,25,32,1.0,1.0,True,3842000.0,0.01590818784834958,0.010932404520445416,0.3120138319617115
4afd29f37b008d1b,a702a7f2716d5bc9,32,99531.25,1,2.5,1,31,0.0,0.032258064516129,0.03125,False,31,25,1.0,1.0,True,3185000.0,0.021206144197484903,0.012954935153730252,0.2469420410734805
4b51c4f880ad44b7,bf86a9e8efc3ceda,25,162840.0,5,19.53333333333333,0,24,1.0,0.0,0.2,False,6,25,1.0,1.0,True,4071000.0,0.000583491138452066,0.000186144412266942,0.00467150880785243
4b73876cf3bff892,73de8742b12d5227,29,247655.1724137931,2,39.8,0,28,0.7586206896551724,0.0,0.0689655172413793,False,16,28,1.0,1.0,True,7182000.0,0.0020547479354078887,0.012557588427545063,0.3054880384316617
4bb25094a052a7cc,d5a2d533df3eb94a,32,176015.625,1,19.933333333333334,0,31,0.5625,0.0,0.03125,False,26,31,1.0,1.0,True,5632500.0,0.006307431815659756,0.009590016931982137,0.7573213819074791
4bcc3ef710a62ec7,327bcfc8413e8d45,29,85724.13793103448,2,24.95,0,28,1.0,0.0,0.0689655172413793,False,28,29,1.0,1.0,True,2486000.0,0.010459884089306362,0.006604546935239597,0.07300440661099039
4c743e88cf802adf,9aa4a0ccccf9e4d3,24,186458.3333333333,0,21.633333333333333,0,23,1.0,0.0,0.0,False,22,24,1.0,1.0,True,4475000.0,0.025566219084813838,0.01599768035424709,0.5047878490655192
4c8a3d6cb7a3130d,6cb8ca73b7296739,37,169027.02702702704,0,14.0,0,36,0.972972972972973,0.0,0.0,False,35,37,1.0,1.0,True,6254000.0,0.015134972597394694,0.003751525847225601,0.2686063869011609
4d336703f9f91474,248e28e03e358983,27,125407.4074074074,0,19.25,0,26,0.9629629629629628,0.0,0.0,False,24,0,1.0,,False,3386000.0,0.012507472624242446,0.006651083038306416,0.6320569315525518
4d978730d3054f5e,9700c0a32d642c93,25,260400.0,0,63.15,0,24,0.68,0.0,0.0,False,20,22,1.0,1.0,True,6510000.0,0.018281529104752767,0.012342806413390917,0.21465672464587815
4e16d584394788c2,3f97fa812f7edf6c,25,193280.0,0,12.883333333333333,0,24,0.52,0.0,0.0,False,21,25,1.0,1.0,True,4832000.0,0.019631076093687916,0.01511707409621521,0.687857298829796
4e20f7e3499dcbc4,d7da0217ca9a3752,28,188714.2857142857,0,19.933333333333334,0,27,0.8571428571428571,0.0,0.0,False,26,27,1.0,1.0,True,5284000.0,0.0040164236646823195,0.0037909025498205073,0.20862850944861877
4e3b909c72271fdb,e75f915f223202c3,25,153440.0,0,3.533333333333333,1,24,0.28,0.0416666666666666,0.0,False,25,25,1.0,1.0,True,3836000.0,0.01831732610711179,0.008172455638564835,0.4611584625903427
4e69a1379b18c620,ed87869a639b72fa,32,275187.5,0,11.1,0,31,0.78125,0.0,0.0,False,31,31,1.0,1.0,True,8806000.0,0.0047824795151654,0.003923351458548829,0.6787899181322556
4e9b689eeac0fb4f,d7220877f04e6512,28,129178.57142857143,0,16.133333333333333,0,27,1.0,0.0,0.0,False,20,28,1.0,1.0,True,3617000.0,0.008967149090935125,0.005090333735452979,0.479346919488962
4f6e4f474092559d,e704502657ae2f46,34,93235.29411764706,1,18.58333333333333,0,33,0.9705882352941176,0.0,0.0294117647058823,False,30,34,1.0,1.0,True,3170000.0,0.011999155190744328,0.009640132735284745,0.7409335142275186
4f96dcb9d34aa70d,0bb1694894b384e5,28,112035.71428571428,1,2.45,1,27,0.6428571428571429,0.037037037037037,0.0357142857142857,False,14,0,1.0,,False,3137000.0,0.015757840438441684,0.012929877252078947,0.1450745114604103
4fd03fb810fcd3c3,91f7d6b428016139,43,150325.58139534885,1,12.466666666666669,0,42,0.9534883720930232,0.0,0.0232558139534883,False,37,40,1.0,1.0,True,6464000.0,0.010116232866659747,0.0031322377064144646,0.22209892143631893
4ff2a9f85ebbea4d,494c26079753736c,55,85545.45454545454,0,15.083333333333334,0,54,0.6363636363636364,0.0,0.0,False,48,54,1.0,1.0,True,4705000.0,0.0048612329203552495,0.002359022455459603,0.024528106016402186
504e52104c3ffccf,8066e5bb8bc771fc,25,264520.0,0,3.7,1,24,0.52,0.0416666666666666,0.0,False,8,24,1.0,1.0,True,6613000.0,0.014100439229218945,0.005978099393956771,0.2864189752750105
505165354eb704bf,a2c4a4a1a92ef49a,27,183148.14814814812,1,10.05,0,26,0.8518518518518519,0.0,0.037037037037037,False,25,27,1.0,1.0,True,4945000.0,0.011211621138845834,0.009790480145192682,0.23617072306365064
5070495369e160cf,abff53738c51780b,36,188722.22222222225,1,14.216666666666669,0,35,1.0,0.0,0.0277777777777777,False,31,35,1.0,1.0,True,6794000.0,0.00020046321321052574,0.001063170970062921,0.0349092367005187
509a34bd20b649f6,d6e3a786cf28c237,26,260500.0,0,41.68333333333333,0,25,0.9615384615384616,0.0,0.0,False,22,25,1.0,1.0,True,6773000.0,0.010470623190014069,0.004660769707144685,0.47584239295801367
50a8701c50433862,d82de99841373d52,33,302924.24242424243,1,37.75,0,32,0.3939393939393939,0.0,0.0303030303030303,False,4,17,1.0,1.0,True,9996500.0,0.016158766864862735,0.00492566752460144,0.015160030499046009
50fcdabb710f529b,a00bfff85a169310,28,243607.14285714287,0,54.66666666666666,0,27,0.9285714285714286,0.0,0.0,False,22,28,1.0,1.0,True,6821000.0,0.003325541519153186,0.00427416208166731,0.41489799644177794
5244c92fb7273ef4,b1c4a2ca808d331c,24,231750.0,0,23.0,0,23,0.7916666666666666,0.0,0.0,False,18,22,1.0,1.0,True,5562000.0,0.025623494288588275,0.00949336502561271,0.6362308620276138
52e0da6eb7bd8e6b,520be582b3da32c0,28,202785.7142857143,2,49.516666666666666,0,27,0.8928571428571429,0.0,0.0714285714285714,False,15,27,1.0,1.0,True,5678000.0,0.006708358242080808,0.012872602048304427,0.43750738313173654
535e8e65aaa3f72e,46c5383aa4869178,27,87000.0,2,35.31666666666667,0,26,0.6296296296296297,0.0,0.074074074074074,False,3,25,1.0,1.0,True,2349000.0,0.02442429470956102,0.020304059738037505,0.22551037576113375
53b4c95411f260cf,05be48c14149d417,30,138633.33333333334,0,26.05,0,29,0.9,0.0,0.0,False,28,0,1.0,,False,4159000.0,0.0033899761233994264,0.002427036759941714,0.1930532337222081
53b754231bc06ac6,a478447cdad75431,30,189200.0,0,48.0,0,29,1.0,0.0,0.0,False,25,30,1.0,1.0,True,5676000.0,0.013542005992418196,0.0071665598722763235,0.923942109087785
53bb575b49b813ef,02836bfb7087dc81,24,96291.66666666669,1,15.233333333333333,0,23,1.0,0.0,0.0416666666666666,False,12,24,1.0,1.0,True,2311000.0,0.009146134102730238,0.009686668838351453,0.031905868202596714
53cc6d5844c1dc86,80390c0393c4f064,54,127092.5925925926,4,21.65,0,53,0.9074074074074074,0.0,0.074074074074074,False,15,0,1.0,,False,6863000.0,0.0019008208252640924,0.0016538215089868524,0.008279846645641895
540de662e424a378,a5e41cd04a1fb7b6,29,132206.89655172414,0,24.616666666666667,0,28,0.9310344827586208,0.0,0.0,False,22,29,1.0,1.0,True,3834000.0,0.0027205721792857066,0.006429141623680468,0.25784580799203877
54341bb4da924bd3,feffdcc22e93d3e0,28,305714.28571428574,1,46.266666666666666,0,27,0.9285714285714286,0.0,0.0357142857142857,False,24,22,1.0,1.0,True,8560000.0,0.004982942728375926,0.005033058531678569,0.4390788715352976
554a8d6dab43c804,3b6b23691574c4d7,25,172720.0,0,18.183333333333334,0,24,0.96,0.0,0.0,False,25,18,1.0,1.0,True,4318000.0,0.001779111017243416,0.004635711805493381,0.22162640100517983
554a8d6dab43c804,85805fd3b73aabfd,28,168571.42857142858,0,31.3,0,27,0.9285714285714286,0.0,0.0,False,25,19,1.0,1.0,True,4720000.0,0.003372077622219915,0.010023160660526331,0.44344252612286245
554c01b63a4f7d9d,3fb57d58d2a5022f,32,110187.5,0,8.416666666666666,0,31,0.46875,0.0,0.0,False,32,30,1.0,1.0,True,3526000.0,0.026396709539543158,0.008480309858852397,0.6231577967660988
55d8472af0c2c7ce,69356c25e5e4cdd2,35,113228.57142857143,13,20.73333333333333,0,34,1.0,0.0,0.3714285714285714,True,22,1,1.0,1.0,True,3963000.0,0.0018829223240845812,0.002606021771736855,0.01316613746764846
561483c9a9d5e0a7,0678bfb7f6ea1424,25,184760.0,0,23.016666666666666,0,24,1.0,0.0,0.0,False,20,21,1.0,1.0,True,4619000.0,0.0014318800943608982,0.00621077990929042,0.34821534044739094
562e1d609b883479,cd292d4d75f40bc3,24,356666.6666666667,0,10.366666666666667,0,23,0.7916666666666666,0.0,0.0,False,24,23,1.0,1.0,True,8560000.0,0.002212254745787588,0.0044101906906315325,0.2018485572018199
56e441a9bb634a37,ada793ef072301ca,29,111068.96551724138,0,23.55,0,28,0.896551724137931,0.0,0.0,False,23,29,1.0,1.0,True,3221000.0,0.007019792162604304,0.01095746242209672,0.3109005451883459
573a2dfe3ec4b58c,8d72a6e41764354e,26,169346.15384615384,0,18.183333333333334,0,25,0.9230769230769232,0.0,0.0,False,18,26,1.0,1.0,True,4403000.0,0.01337376008133079,0.005025899131206768,0.32145350148378576
5793c3b70a452e39,f735acb6d6ed46d1,25,123200.0,0,14.783333333333331,0,24,0.96,0.0,0.0,False,20,24,1.0,1.0,True,3080000.0,0.013312905177320452,0.01764076276252624,0.3647213382351362
5828b7e28d77245d,fad2dbe4e38702c5,65,44153.84615384616,59,0.4166666666666667,50,64,0.1384615384615384,0.78125,0.9076923076923076,True,55,65,1.0,1.0,True,2870000.0,0.00041882492760056275,0.0005011580330263055,0.004213307177656943
584d0e5372fa4f00,6d3b081122e2a296,27,218370.3703703704,0,27.75,0,26,0.7777777777777778,0.0,0.0,False,2,0,1.0,,False,5896000.0,0.01181301077847741,0.010066117063357138,0.2185764964041911
5878c38d8a3e7079,39c483ffc808cb2a,29,269017.2413793103,1,23.6,0,28,0.7931034482758621,0.0,0.0344827586206896,False,18,29,1.0,1.0,True,7801500.0,0.005469781960458631,0.005834911384520636,0.18483066228034065
589d33a70ab5e04a,01f06e857dd18378,36,39750.0,0,2.1666666666666665,9,35,0.0,0.2571428571428571,0.0,False,23,35,1.0,1.0,True,1431000.0,0.022229938464952945,0.011057694028702048,0.12571191288441505
589de7c1858eaf21,50d8607b6097d8d7,24,196750.0,0,57.53333333333333,0,23,1.0,0.0,0.0,False,4,24,1.0,1.0,True,4722000.0,0.04295640283082695,0.018592963025276243,0.9253417718800228
58ce52240f942777,99b278f8d0d3a519,24,19916.666666666668,0,6.633333333333334,0,23,0.2916666666666667,0.0,0.0,False,23,20,1.0,1.0,True,478000.0,0.019681191896990545,0.008118760135026326,0.03914760177982696
58d262096e98d29f,4f2866a762b6309d,37,234243.24324324325,0,49.88333333333333,0,36,0.972972972972973,0.0,0.0,False,18,1,1.0,1.0,True,8667000.0,0.007266791478881558,0.003919771758312929,0.2188485536221197
58ea8529b28f6214,243acd67b2f94941,24,167625.0,2,34.13333333333333,0,23,0.4166666666666667,0.0,0.0833333333333333,False,23,23,1.0,1.0,True,4023000.0,0.0037407867465178465,0.01481637927639945,0.8279059111589996
590bdf54de4d3902,711a624edf8af675,45,82377.77777777778,38,20.666666666666668,0,44,0.8444444444444444,0.0,0.8444444444444444,True,35,45,1.0,1.0,True,3707000.0,0.00013602860896428534,0.00010381130684111728,0.010094754665244333
5955780af597fb71,acd904eb7d2f1ccb,27,438962.962962963,0,47.71666666666667,0,26,0.9629629629629628,0.0,0.0,False,26,26,1.0,1.0,True,11852000.0,0.004134553772467094,0.0023411239542801,0.024270367599417225
59b38d9591c2e606,844e1126f23438f7,31,217387.09677419355,0,14.45,0,30,0.6774193548387096,0.0,0.0,False,27,31,1.0,0.967741935483871,False,6739000.0,0.018385340411593933,0.00269551427763437,0.22518104333943076
59dc9ef799fa7a1c,b5d12f9f56f03f7d,35,267542.8571428572,1,15.25,0,34,1.0,0.0,0.0285714285714285,False,20,35,1.0,1.0,True,9364000.0,0.0015840173543867438,0.0028387022870705048,0.19839772617441015
5a22408f0ab97744,6a7f2d1a64896d22,28,212214.2857142857,1,34.61666666666667,0,27,0.9642857142857144,0.0,0.0357142857142857,False,26,28,1.0,1.0,True,5942000.0,0.017322169441530966,0.0089599896904633,0.4223366135319828
5af27589af3bf642,c0a4e21d940b4893,26,122923.07692307692,16,3.6166666666666663,1,25,0.6923076923076923,0.04,0.6153846153846154,True,9,0,1.0,,False,3196000.0,0.0003329121219389088,0.002047588534936029,0.033778051425973586
5af3becb4995e7a1,4cc40faf5cc70298,26,223500.0,12,55.35,0,25,1.0,0.0,0.4615384615384615,True,13,25,1.0,1.0,True,5811000.0,0.0002935354193439841,0.00016824591108743903,0.007227414776286634
5b155c30e9228305,b781a89db40e70ec,39,127871.79487179487,0,6.166666666666667,0,38,0.9743589743589745,0.0,0.0,False,31,39,1.0,1.0,True,4987000.0,0.0061320265041005465,0.004904189323186037,0.5530672661471329
5bf3504e6953b4ed,f6b7e2f2699abfb8,25,210600.0,0,43.15,0,24,0.8,0.0,0.0,False,24,25,1.0,1.0,True,5265000.0,0.011562431761964254,0.006321750616603339,0.5187415205850662
5bfcc769835bc616,49b8504ff44a6f3d,46,18108.695652173912,32,0.5166666666666667,31,45,0.5434782608695652,0.6888888888888889,0.6956521739130435,True,46,46,1.0,1.0,True,833000.0,0.00027205721792857067,0.0020440088347001284,0.008301324847057307
5c28a35b7583abd6,75d76602c02c9d89,34,280029.4117647059,2,9.683333333333334,0,33,0.9117647058823528,0.0,0.0588235294117647,False,20,34,1.0,1.0,True,9521000.0,0.0067369958439680265,0.0034973671304765475,0.26840234398771445
5c2a4530845e063f,a03173ab6d9bd471,24,86416.66666666667,1,15.35,0,23,0.8333333333333334,0.0,0.0416666666666666,False,15,24,1.0,1.0,True,2074000.0,0.02457822181970482,0.030148235386768696,0.23430927894098147
5c49e7b84cee0187,06e31382add6bd8f,37,157783.7837837838,0,34.083333333333336,0,36,1.0,0.0,0.0,False,10,0,1.0,,False,5838000.0,0.004675088508088333,0.00210844343894645,0.04823288097854685
5c80c95ec49760e4,41c1e90362494e4d,48,124229.16666666669,2,48.48333333333333,0,47,0.6041666666666666,0.0,0.0416666666666666,False,47,47,1.0,1.0,True,5963000.0,0.004338596685913521,0.0020762261368233448,0.08295597326679864
5d0c2b01a0df208e,f54e2a76a95fd0b6,27,117259.25925925926,0,97.78333333333332,0,26,1.0,0.0,0.0,False,5,3,1.0,1.0,True,3166000.0,0.009081699498483998,0.0031358174066503652,0.057973245320436864
5d190042621274bd,5fe3f98c1b9432cf,26,279923.07692307694,0,41.06666666666667,0,25,0.8076923076923077,0.0,0.0,False,7,26,1.0,1.0,True,7278000.0,0.028702036491464206,0.005562854166592079,0.06336069417546975
5d65b4b83a1d64fb,56649ea07b396b8e,25,412560.0,0,29.05,0,24,0.92,0.0,0.0,False,21,24,1.0,1.0,True,10314000.0,0.004453147093462393,0.004245524479780105,0.3839765458040544
5dd78d9a81cbed8f,b17fc5490aa266e4,58,32500.0,0,2.1,40,57,0.3448275862068966,0.7017543859649122,0.0,True,54,58,1.0,1.0,True,1885000.0,0.0036441348401484858,0.00011455040754881907,0.011283215143563879
5deb5be8a0102c89,e44cb479e296e400,27,168777.77777777778,0,13.283333333333331,0,26,1.0,0.0,0.0,False,15,13,1.0,1.0,True,4557000.0,0.005745418878623104,0.009450408622781903,0.3774435928735328
5dfa3c3042c21615,0332eb6f1b18596a,24,234250.0,1,110.15,0,23,0.7916666666666666,0.0,0.0416666666666666,False,16,24,1.0,1.0,True,5622000.0,0.0034723092288251782,0.01207074919546236,0.557491775638708
5e42b0800f6f1591,e6c2f5f88241332b,25,268560.0,0,36.03333333333333,0,24,0.88,0.0,0.0,False,20,22,1.0,1.0,True,6714000.0,0.00647209802651126,0.002197935944843965,0.09310800313581741
5ebb5444302dbe3e,17c7c1b1c4643c01,33,118969.69696969698,1,27.98333333333333,0,32,0.9393939393939394,0.0,0.0303030303030303,False,16,33,1.0,0.9696969696969696,False,3926000.0,0.005018739730734949,0.006454199525331772,0.09047692346242926
5f1f1f069a5981c5,07caeac2f84ef4f8,35,285628.5714285714,0,3.2,2,34,0.5714285714285714,0.0588235294117647,0.0,False,28,33,1.0,1.0,True,9997000.0,0.003121498605706758,0.0007588964500112594,0.048487039695295914
5f4fa4b5dc96fc17,5e63a8c46f1dfd09,46,41217.391304347824,1,4.316666666666666,3,45,0.2826086956521739,0.0666666666666666,0.0217391304347826,False,38,46,1.0,1.0,True,1896000.0,0.0076211818022358805,0.003991365763031052,0.028082748350653115
5f52bf45928b93b6,052275ce4b123e78,25,135720.0,0,11.833333333333334,0,24,0.92,0.0,0.0,False,17,25,1.0,1.0,True,3393000.0,0.012836805045945452,0.014891552981353362,0.380658163685373
5fbb2c6c07479dac,977b42a8363c208a,29,143758.62068965516,0,39.1,0,28,0.8275862068965517,0.0,0.0,False,27,29,1.0,1.0,True,4169000.0,0.013237731472366504,0.007664138205066728,0.5373845994136451
5fe30fbd955acb2d,0936f5190b84e269,29,162896.55172413794,0,22.383333333333333,0,28,0.9655172413793104,0.0,0.0,False,21,29,1.0,1.0,True,4724000.0,0.010019580960290386,0.005315854850314827,0.4237255372235129
6016c3c1fb5d2f5a,56e460362800559a,29,105379.31034482758,15,14.633333333333333,0,28,1.0,0.0,0.5172413793103449,True,25,29,1.0,0.9655172413793104,False,3056000.0,0.0011132867733655983,0.002924615092732119,0.051136017869863576
60327a3bcd2deda6,b69fcac5e6216873,31,167838.70967741936,1,56.016666666666666,0,30,0.967741935483871,0.0,0.032258064516129,False,15,31,1.0,1.0,True,5203000.0,0.0022086750455516855,0.006379025820377748,0.1090448285860542
603b2028e5bcf282,c24ccdddd27f30bd,33,238606.0606060606,0,24.23333333333333,0,32,1.0,0.0,0.0,False,26,25,1.0,1.0,True,7874000.0,0.006275214513536636,0.0033470197205686114,0.1560427129832148
606c0ad55558c657,980089f017363e19,25,256800.0,0,12.8,0,24,0.92,0.0,0.0,False,18,25,1.0,1.0,True,6420000.0,0.003074962502640029,0.004943566025781054,0.2912121938908836
60bfe2cfd01fe075,15de4d58b603356f,30,193533.3333333333,0,31.9,0,29,0.9666666666666668,0.0,0.0,False,25,24,1.0,1.0,True,5806000.0,0.00773215250954885,0.0017934298181869757,0.2765962778276947
60c34906036c4542,0a8c9b81036b7e90,28,190964.2857142857,2,25.33333333333333,0,27,0.5357142857142857,0.0,0.0714285714285714,False,17,28,1.0,1.0,True,5347000.0,0.006769213146091147,0.013760367706808219,0.22631580831421177
6135ba25aa3fd73a,5ab2bb88deec54cd,25,132600.0,0,10.083333333333334,0,24,0.88,0.0,0.0,False,19,25,1.0,1.0,True,3315000.0,0.009690248538587378,0.02085175387413063,0.5443292178712955
61802c2f4d48da79,ae08131c4f032582,32,142687.5,0,10.166666666666666,0,31,1.0,0.0,0.0,False,30,31,1.0,1.0,True,4566000.0,0.008580541465457683,0.009464727423725505,0.9018088225292014
61d79a3c8c23bbbd,039cadfa5f97235d,29,153086.2068965517,1,40.65,0,28,0.6206896551724138,0.0,0.0344827586206896,False,25,29,1.0,1.0,True,4439500.0,0.004503262896765025,0.008530425662155006,0.2965387878419061
61dffaa677cbaef6,c195291a5c0923b0,25,167960.0,0,21.916666666666668,0,24,1.0,0.0,0.0,False,11,25,1.0,1.0,True,4199000.0,0.01776247257054694,0.0037014100439228814,0.09503030216249692
61ed7b3348db32e2,2c7192581a1b6e85,77,15857.142857142857,77,0.5166666666666667,68,76,1.0,0.8947368421052632,1.0,True,73,70,1.0,1.0,True,1221000.0,8.054325530780053e-05,5.369550353850894e-05,0.0007195197474163513
6296e68f90a01e31,0d4cacf25abf0ac9,24,168291.66666666666,4,24.666666666666668,0,23,0.875,0.0,0.1666666666666666,False,14,24,1.0,1.0,True,4039000.0,0.0009056641596832682,0.011261736942148493,0.17448174889834725
62e53009279d220f,b8ad41032c8bb07e,33,106000.0,0,13.2,0,32,0.1212121212121212,0.0,0.0,False,17,0,1.0,,False,3498000.0,0.01490587178229695,0.00696967635930168,0.03615497238261268
62ee9e72fcf64ebb,6d15b8599713b533,28,138642.85714285713,3,24.98333333333333,0,27,0.2142857142857142,0.0,0.1071428571428571,False,27,26,1.0,1.0,True,3882000.0,0.004968623927432317,0.006955357558358077,0.5558021571273621
63aa19d50dc3741b,2610752ad3d5f94e,34,161926.4705882353,0,32.233333333333334,0,33,0.9117647058823528,0.0,0.0,False,27,32,1.0,1.0,True,5505500.0,0.0024198773594699178,0.004059380067513163,0.28564218032381966
63b7d818d3bd6f01,61c6d6c8212e69e6,27,204481.4814814815,0,21.65,0,26,0.7037037037037037,0.0,0.0,False,3,0,1.0,,False,5521000.0,0.03225309912547923,0.005280057847955821,0.09594312572265198
63c41aad7b8121a5,036762349cc59d3a,31,110870.96774193548,0,24.266666666666666,0,30,0.1935483870967742,0.0,0.0,False,21,0,1.0,,False,3437000.0,0.020010524318693552,0.005788375281453928,0.0656803399283344
641080991e7e42cd,e8a41e21c7e934ff,29,281413.7931034483,8,9.316666666666666,0,28,1.0,0.0,0.2758620689655172,False,29,29,1.0,1.0,True,8161000.0,1.789850117951123e-05,7.159400471801192e-05,0.002856600788249992
641b91899a4823cd,cb4211af4ad17412,24,115416.66666666669,2,11.9,0,23,0.5833333333333334,0.0,0.0833333333333333,False,14,19,1.0,1.0,True,2770000.0,0.003941249959728372,0.03373509502314276,0.23940319237667038
64a569f74282e871,24216cb69bf82917,28,151857.14285714287,0,46.4,0,27,1.0,0.0,0.0,False,21,28,1.0,1.0,True,4252000.0,0.001646662108515033,0.0068479665512809484,0.14289447401674585
64c2ae85c0aee16c,82dbdc8cc049402e,27,150703.7037037037,0,31.133333333333333,0,26,0.8888888888888888,0.0,0.0,False,3,0,1.0,,False,4069000.0,0.00977258164401313,0.02255927088665599,0.6558225614187068
64e69e6ac121ffe8,133841525ae1514e,37,44000.0,4,1.0,23,36,0.027027027027027,0.6388888888888888,0.1081081081081081,True,15,0,1.0,,False,1628000.0,0.008355020350595842,0.018499890819142828,0.11171170526180138
651a3063c6a444db,c274aef907e1f4a8,28,148892.85714285713,6,27.566666666666663,0,27,1.0,0.0,0.2142857142857142,False,24,26,1.0,1.0,True,4169000.0,0.0059745196937208474,0.008097281933610923,0.12486710362874213
652280701c4d0c32,0cb58995c54abba0,95,12663.157894736842,9,0.9,41,94,0.2736842105263158,0.4361702127659574,0.0947368421052631,True,19,0,1.0,,False,1203000.0,0.0010023160660526287,0.0002971151195798605,0.004657190006908821
652280701c4d0c32,9ff175949ae3d953,35,12457.142857142857,1,0.8,22,34,0.4571428571428571,0.6470588235294118,0.0285714285714285,True,0,0,,,False,436000.0,0.0028100646851832627,0.0024162976592340124,0.018052428289655024
6539d4fe10b17d37,8c51034260f7cfd2,29,109034.4827586207,1,11.283333333333331,0,28,0.6896551724137931,0.0,0.0344827586206896,False,17,29,1.0,1.0,True,3162000.0,0.006844386851045094,0.012085067996405963,0.12650302663654944
6539fea625b05c61,c496d5886e5980c0,24,181250.0,1,84.15,0,23,0.0,0.0,0.0416666666666666,False,16,23,1.0,1.0,True,4350000.0,0.009028003994945463,0.008702251273478345,0.0422440424838824
65fe9c293889b4d1,4e98a638eccd9877,26,149730.76923076922,0,15.433333333333334,0,25,1.0,0.0,0.0,False,22,0,1.0,,False,3893000.0,0.004227625978600552,0.00492208782436554,0.3735417196163993
666a3092872a7877,c1de173350852133,35,221371.42857142855,3,37.333333333333336,0,34,0.8285714285714286,0.0,0.0857142857142857,False,34,34,1.0,1.0,True,7748000.0,0.004456726793698296,0.004130974072231175,0.3776762733888664
667b20067d547094,c6da2b546cd21f06,24,387416.6666666667,0,36.68333333333333,0,23,1.0,0.0,0.0,False,10,21,1.0,1.0,True,9298000.0,0.007585384799876858,0.00573825947815132,0.23150637365627003
668f0182686be2bc,44c09d1bf295e072,37,97540.54054054056,1,9.1,0,36,1.0,0.0,0.027027027027027,False,31,36,1.0,1.0,True,3609000.0,0.007970202575236349,0.0050044209297913644,0.27678600194019753
66bb0e76a8ac1a8c,2f47496102d143c7,26,44692.307692307695,9,32.43333333333333,0,25,0.9615384615384616,0.0,0.3461538461538461,True,21,24,1.0,1.0,True,1162000.0,0.00084480925567293,0.011852387481072313,0.017955776383285663
66be0dd112431f2c,737fb0d5b45e73ea,24,196875.0,0,15.233333333333333,0,23,0.9583333333333334,0.0,0.0,False,21,23,1.0,1.0,True,4725000.0,0.020862492974838286,0.011315432445687001,0.7155319613535562
66c5b71be0e63cc7,8563a5c3fc3b5716,45,88666.66666666667,1,23.116666666666667,0,44,1.0,0.0,0.0222222222222222,False,39,45,1.0,1.0,True,3990000.0,0.004764581013985889,0.0020941246380028478,0.08069002301747252
66c7aeb1cf62f6ed,d06e8b22ff33301d,30,73400.0,0,15.833333333333334,0,29,0.3,0.0,0.0,False,8,25,1.0,1.0,True,2202000.0,0.054379226283591015,0.012138763499944472,0.1766438878408322
670ccfa187cb9d5c,0843557ca38fe4d5,42,72238.09523809524,6,2.4,3,41,0.3809523809523809,0.073170731707317,0.1428571428571428,False,42,42,1.0,1.0,True,3034000.0,3.4007152241071334e-05,6.085490401031013e-05,0.0037730040486409666
670ed5b0660e71d7,be636fc9f291ee4b,28,202250.0,0,18.4,0,27,1.0,0.0,0.0,False,11,28,1.0,1.0,True,5663000.0,0.006006736995843968,0.010903766918558211,0.17097364266716306
6738e0c8f145aa40,948fde54acc9a9ab,26,45269.230769230766,0,8.066666666666666,0,25,0.0,0.0,0.0,False,0,26,,1.0,False,1177000.0,0.16327370745973732,0.004012843964446455,0.06096229501741524
679e5be8a5c259d1,ea79424362ac4271,29,131448.27586206896,0,3.9166666666666665,1,28,0.896551724137931,0.0357142857142857,0.0,False,11,0,1.0,,False,3812000.0,0.002316066052628753,0.015908187848349575,0.17348301253253054
67b63b78c322e8c3,64b5cbd64be69787,25,20840.0,6,52.91666666666666,0,24,0.64,0.0,0.24,False,18,0,1.0,,False,521000.0,0.003164455008537585,0.01645588198444259,0.0227955311022255
67bad591acedc594,5424339dd10dc0e2,28,208142.85714285716,0,53.16666666666666,0,27,0.6428571428571429,0.0,0.0,False,26,26,1.0,1.0,True,5828000.0,0.011401345251348652,0.008970728791171001,0.36303529942402624
67c9968592b5a6ed,b4c61da83c20fdd0,25,196300.0,1,12.283333333333331,0,24,0.92,0.0,0.04,False,24,25,1.0,1.0,True,4907500.0,0.006529373230285696,0.006393344621321462,0.7413416000544114
681891fa8aa9f41b,cdd356ed4c426591,36,154833.33333333334,1,11.65,0,35,0.9166666666666666,0.0,0.0277777777777777,False,34,36,1.0,1.0,True,5574000.0,0.0026597172752753683,0.004564117800775369,0.38176429105826676
682a00cf1d2a2567,535ccc3abe839939,30,120566.66666666669,1,15.9,0,29,0.8,0.0,0.0333333333333333,False,15,29,1.0,1.0,True,3617000.0,0.02319287782841065,0.022115388057404095,0.21626043035156237
68424688fda73f91,c853c7ff4a0b3985,24,46166.66666666666,2,14.416666666666666,0,23,0.875,0.0,0.0833333333333333,False,24,24,1.0,1.0,True,1108000.0,0.007542428397046032,0.006593807834531895,0.06100525142024607
684822fbbc0a90b6,eaae8af57de9db2c,34,137882.35294117648,0,34.5,0,33,0.8823529411764706,0.0,0.0,False,28,32,1.0,1.0,True,4688000.0,0.010053588112531457,0.007982731526061992,0.9662112094733187
6867298c3e6745f8,12e840f8548202c4,28,176178.57142857142,0,13.083333333333334,0,27,0.6428571428571429,0.0,0.0,False,5,0,1.0,,False,4933000.0,0.00900652579353005,0.007621181802235921,0.248681775388129
689bde99f8719118,8f015c1ff13b810b,27,135222.22222222222,0,21.6,0,26,0.925925925925926,0.0,0.0,False,25,27,1.0,1.0,True,3651000.0,0.0210450576868693,0.013312905177320422,0.6257817170390152
691a12ef6eaec7c4,e52aa8b87b6452c1,29,236931.0344827586,0,10.433333333333334,0,28,0.9310344827586208,0.0,0.0,False,22,29,1.0,1.0,True,6871000.0,0.0022373126474389033,0.0023876600573468076,0.4342784935189527
692ad67d675af131,2c530297e415a5a3,38,118184.2105263158,1,8.216666666666667,0,37,0.5,0.0,0.0263157894736842,False,32,38,1.0,1.0,True,4491000.0,0.0022963777013312904,0.003837438652887215,0.10784204930679105
69331f1204125db6,e0ac62c09680fbef,29,150862.06896551725,0,7.6,0,28,0.896551724137931,0.0,0.0,False,21,27,1.0,1.0,True,4375000.0,0.006575909333352425,0.0022623705490901758,0.10847207654830984
6954b3f74119f98b,9e10faaecb040d0f,26,221384.61538461535,0,9.85,0,25,0.5769230769230769,0.0,0.0,False,18,26,1.0,1.0,True,5756000.0,0.025125915955797863,0.007270371179117441,0.10976792803370646
69770092e1970fcb,ae5264d4cf91cc04,26,271807.6923076923,10,65.6,0,25,0.9230769230769232,0.0,0.3846153846153846,True,6,26,1.0,1.0,True,7067000.0,0.001342387588463342,0.002348283354751901,0.07204504694776859
69bf8a5b88f8747f,513455d0ee0501af,26,132538.46153846153,3,8.05,0,25,0.3076923076923077,0.0,0.1153846153846153,False,23,25,1.0,1.0,True,3446000.0,0.004220466578128747,0.008831120481970878,0.20656660211273908
69ef3117bdc1dc9c,3dc8ed1972acdb51,25,202440.0,0,25.2,0,24,0.92,0.0,0.0,False,24,24,1.0,1.0,True,5061000.0,0.0034794686292969825,0.007256052378173838,0.5046196031544319
6a241aebe901869f,51c376e84788f860,27,110888.88888888888,0,23.55,0,26,0.8518518518518519,0.0,0.0,False,14,0,1.0,,False,2994000.0,0.0145085250561118,0.005226362344417312,0.10949945051601379
6a468c776aea9783,84607615089c497a,29,224862.06896551725,0,52.1,0,28,0.896551724137931,0.0,0.0,False,10,29,1.0,1.0,True,6521000.0,0.0301303368855892,0.011931140886262237,0.12314884751550906
6a694c99b2890d77,f29a1f3ef27a29ae,26,220961.53846153847,0,26.33333333333333,0,25,1.0,0.0,0.0,False,16,25,1.0,1.0,True,5745000.0,0.0036799318425075086,0.0040379018660977595,0.24505553904916003
6aa4fdcbd909ccdb,a1fee4a1907e15d3,25,297440.0,3,18.78333333333333,0,24,1.0,0.0,0.12,False,7,24,1.0,1.0,True,7436000.0,0.011634025766682298,0.006600967235003696,0.3395488861762716
6aaeecac26641e7a,ded2c401f9512704,27,253185.1851851852,0,26.9,0,26,0.9629629629629628,0.0,0.0,False,23,27,1.0,1.0,True,6836000.0,0.017576328158280027,0.009103177699899434,0.46654949114561145
6ab382d48ce5fb4c,441fb4d1592c46ac,33,233545.45454545456,1,27.4,0,32,1.0,0.0,0.0303030303030303,False,18,33,1.0,1.0,True,7707000.0,0.0023948194578186023,0.005344492452202032,0.28989486420407157
6ac447c7a0bdf9e4,73cf6441682389f9,47,149595.74468085106,0,14.45,0,46,0.8723404255319149,0.0,0.0,False,30,40,1.0,1.0,True,7031000.0,0.003452620877527716,0.002666876675747165,0.14696459318496669
6ac85211ad5c5789,c8185a3bf4012dae,28,230892.85714285716,2,42.266666666666666,0,27,0.7142857142857143,0.0,0.0714285714285714,False,26,28,1.0,1.0,True,6465000.0,0.0018256471203101452,0.0064935762279266784,0.3770068694447527
6afdb11e3d876037,aed8f87c6814e94e,26,253500.0,3,12.583333333333334,0,25,0.9615384615384616,0.0,0.1153846153846153,False,19,24,1.0,1.0,True,6591000.0,0.004349335786621228,0.0075925442003487165,0.6044717615346891
6b09a7a88829d6c3,2a960e72f4e8a6ab,39,220564.10256410256,0,39.66666666666666,0,38,0.8205128205128205,0.0,0.0,False,31,0,1.0,,False,8602000.0,0.003221730212312021,0.0025057901651315273,0.6036448507801957
6b3d9b57506ab09e,5d7a509d3adf8ca5,24,109041.66666666669,3,22.28333333333333,0,23,0.0416666666666666,0.0,0.125,False,22,24,1.0,1.0,True,2617000.0,0.008444512856493397,0.036942506434511135,0.3263183141043769
6b9a8aa213059ffa,f80261094118abc0,25,389280.0,0,38.8,0,24,0.88,0.0,0.0,False,19,22,1.0,1.0,True,9732000.0,0.015435667417210483,0.006722677043024428,0.31477736054382804
6c1858943ed8865d,d4b43374d661c804,30,143400.0,0,17.833333333333332,0,29,0.9,0.0,0.0,False,17,30,1.0,1.0,True,4302000.0,0.0072990087810046785,0.006081910700797888,0.06971466209419623
6c2f20549567d103,7c283effab4dcaea,47,86340.4255319149,2,13.75,0,46,0.9148936170212766,0.0,0.0425531914893617,False,37,47,1.0,1.0,True,4058000.0,0.006225098710234005,0.0036119175380253665,0.1750222836339685
6c565df3adecd523,440ef9e39dce7bed,31,207419.35483870967,1,38.98333333333333,0,30,0.8064516129032258,0.0,0.032258064516129,False,24,0,1.0,,False,6430000.0,0.0017110967127612735,0.0045784366017189715,0.49994809434657944
6c6f744ff92fe7f4,18e8747bef4275ef,24,165125.0,17,26.9,0,23,0.875,0.0,0.7083333333333334,True,23,23,1.0,1.0,True,3963000.0,0.002301747251685144,0.0004617813304313989,0.06335711447523384
6c8e364fb0fb7829,905c525b4b5bfe54,25,30240.0,1,4.25,1,24,1.0,0.0416666666666666,0.04,False,6,6,1.0,1.0,True,756000.0,0.03963802071214557,0.00838007825224718,0.07610084731504584
6c8e364fb0fb7829,fe6b99a9acd39e52,32,30000.0,2,5.1,0,31,0.84375,0.0,0.0625,False,8,2,1.0,1.0,True,960000.0,0.01659191059340691,0.03367066041889655,0.06405157632099888
6c93ae0c3fc8b84b,e63cc058ed1285a6,24,209416.66666666663,1,31.55,0,23,0.6666666666666666,0.0,0.0416666666666666,False,16,24,1.0,1.0,True,5026000.0,0.01991387241232419,0.016122969862503722,0.6357977182990696
6d41d622812350e8,a85190bfdf72ee03,49,158183.67346938775,0,30.9,0,48,0.9387755102040816,0.0,0.0,False,12,46,1.0,1.0,True,7751000.0,0.020175190529545056,9.307220613341549e-05,0.0062358378109417115
6da0ff3b5719ef14,f442b0906fd8e7d0,24,215333.3333333333,11,0.85,3,23,0.7083333333333334,0.1304347826086956,0.4583333333333333,True,15,18,1.0,1.0,True,5168000.0,0.0023411239542800687,0.005698882775556413,0.01624825937076029
6da2f3bc67076d42,782b2d8772d03c02,31,183064.51612903227,2,38.48333333333333,0,30,0.967741935483871,0.0,0.064516129032258,False,27,31,1.0,1.0,True,5675000.0,0.002069066736351498,0.003518845331891951,0.17132803299051738
6db042c5dd3c1ac2,cd4eb772a03a76c9,64,23234.375,1,1.4833333333333334,38,63,0.0,0.6031746031746031,0.015625,True,59,64,1.0,1.0,True,1487000.0,0.006364707019434193,0.00023268051533364975,0.02330742823595952
6e6c8048d7215ddb,7b49a281eb09c429,26,176769.23076923078,0,58.45,0,25,0.8846153846153846,0.0,0.0,False,13,24,1.0,1.0,True,4596000.0,0.01616592626533454,0.017178981432094842,0.4030205510590543
6f1e0d978d704b69,3a9c2d8f0a34b527,31,306483.87096774194,0,40.05,0,30,0.967741935483871,0.0,0.0,False,10,30,1.0,0.9666666666666668,False,9501000.0,0.002738470680465218,0.003493787430240647,0.1091844368952544
6f526beed95fdd67,286c14b06fc578ed,26,155076.92307692306,26,36.25,0,25,1.0,0.0,1.0,True,16,26,1.0,1.0,True,4032000.0,0.0007982731526062007,0.00021120231391824618,0.1387098044409761
6fe00acbbc3e996c,463dd8d8627907e2,25,231760.0,0,50.91666666666666,0,24,0.28,0.0,0.0,False,12,23,1.0,1.0,True,5794000.0,0.03249651874152058,0.025902710906988702,0.20488414300186503
6ffea690138d3ba1,f523cc7797f659de,24,225100.0,0,23.216666666666665,0,23,0.8333333333333334,0.0,0.0,False,20,24,1.0,1.0,True,5402400.0,0.006987574860481184,0.008652135470175737,0.7408332826209133
701998acc06da9f1,242a2102e4bf0888,24,245541.66666666663,0,21.35,0,23,0.2916666666666667,0.0,0.0,False,23,0,1.0,,False,5893000.0,0.005179826241350549,0.0055091586630535705,0.2802654705694945
70281a712361e74f,700046f7c13a6946,34,197470.58823529413,1,18.6,0,33,0.9705882352941176,0.0,0.0294117647058823,False,33,6,1.0,1.0,True,6714000.0,0.0024413555608853313,0.0038589168543026187,0.6391125207175151
70682167ad9e5e85,647ad38bdd7f41c9,26,317884.6153846154,0,3.55,2,25,0.8846153846153846,0.08,0.0,False,26,0,1.0,,False,8265000.0,0.004234785379072356,0.004714465210683305,0.07250324857796409
709d587d6d63c90f,4ab83b03e3c1712a,30,146900.0,0,22.433333333333334,0,29,0.8,0.0,0.0,False,28,27,1.0,1.0,True,4407000.0,0.0028816586899013076,0.007878920219220875,0.7175079558837743
70ab113d19363e07,5684beeccb985e3d,24,194958.3333333333,0,43.93333333333333,0,23,0.9583333333333334,0.0,0.0,False,20,24,1.0,1.0,True,4679000.0,0.01898315035098961,0.0044280891918110354,0.02458180151994072
70b5ee18d316821e,57c9966439103ab1,31,277354.8387096774,0,10.766666666666667,0,30,0.8064516129032258,0.0,0.0,False,28,31,1.0,1.0,True,8598000.0,0.005555694766120285,0.0039484093602001336,0.874470651827616
70c370e0a6787108,28cce8a5ff46f765,24,228541.66666666663,0,34.6,0,23,1.0,0.0,0.0,False,2,14,1.0,1.0,False,5485000.0,0.01058517359756294,0.008684352772298842,0.2851768192931524
70c7caba889c36e5,0caff602343cf5e9,30,291633.3333333333,1,53.7,0,29,0.8666666666666667,0.0,0.0333333333333333,False,20,26,1.0,1.0,True,8749000.0,0.0015750681037969881,0.0019222990266795081,0.19261293059319212
70f3ac4afc425606,93e7e4b6f68aec61,28,227000.0,0,14.066666666666666,0,27,1.0,0.0,0.0,False,15,0,1.0,,False,6356000.0,0.0005083174334981189,0.0027169924790497735,0.19658639785504362
718ba97755dc7099,41f8e3cd64aa977a,26,168961.53846153847,0,54.43333333333333,0,25,0.9230769230769232,0.0,0.0,False,24,26,1.0,1.0,True,4393000.0,0.003959148460907884,0.0040200033649182565,0.40495358918644153
71bd2702b4dec081,a86bef374bc7b8e6,47,147148.93617021278,4,21.616666666666667,0,46,0.8936170212765957,0.0,0.0851063829787234,False,44,44,1.0,1.0,True,6916000.0,0.0005154768339699233,0.001843545621489695,0.037841011193722636
71d2142481b49fe9,78f0aeea1c944fe9,26,159807.6923076923,0,57.516666666666666,0,25,1.0,0.0,0.0,False,21,26,1.0,1.0,True,4155000.0,0.02889892000443883,0.015732782536790335,0.4647489019269526
71f11ba124e67bc7,bd1b99278dc3cabe,26,184000.0,0,15.716666666666669,0,25,0.8461538461538461,0.0,0.0,False,15,26,1.0,1.0,True,4784000.0,0.00204042913446428,0.016488099286565694,0.41564257409084565
7211b98f46920e40,104bced700a7d913,30,216266.66666666663,0,12.716666666666669,0,29,0.9,0.0,0.0,False,23,0,1.0,,False,6488000.0,0.00373004764581014,0.004657190006908785,0.8114536088747928
7219f030ab3e66e6,3b28f9ab4f28b902,37,183000.0,1,15.066666666666666,0,36,0.8648648648648649,0.0,0.027027027027027,False,30,7,1.0,1.0,True,6771000.0,0.01261128393108361,0.00497936302814006,0.8313209451840503
7246ed9979c3be0f,b607e4dccf9c8af1,36,223777.77777777775,0,23.683333333333334,0,35,0.9722222222222222,0.0,0.0,False,19,32,1.0,1.0,True,8056000.0,0.0056523466724896455,0.004499683196529158,0.2415223749163245
72d97aafe9200fa7,19d8ccb251d42091,40,109600.0,5,5.75,0,39,0.95,0.0,0.125,False,39,2,1.0,1.0,True,4384000.0,0.0003042745200516909,0.0030176872988656456,0.03831711132509764
72f0e6c478e612e5,c832b2f342e2a8fe,27,177851.85185185185,3,45.46666666666667,0,26,1.0,0.0,0.1111111111111111,False,25,14,1.0,1.0,True,4802000.0,0.003687091242979313,0.0049328269250732415,0.0382634158215591
730d8a7145a50272,1a2fbde4f7fe5c8d,82,90095.12195121952,3,1.4333333333333331,3,81,0.3536585365853658,0.037037037037037,0.0365853658536585,False,82,81,1.0,1.0,True,7387800.0,0.0017826907174793183,5.727520377440953e-05,0.006081910700797915
7339b3039e0b81de,cb380d89d9967de9,33,111757.57575757576,1,7.25,0,32,0.7878787878787878,0.0,0.0303030303030303,False,26,8,1.0,1.0,True,3688000.0,0.02141376681116723,0.013953671519546962,0.6694576396172585
7368f6eefb12faad,ba685fe0f52f6d50,29,175241.37931034484,0,18.1,0,28,0.9655172413793104,0.0,0.0,False,22,29,1.0,1.0,True,5082000.0,0.0046106539038420925,0.007127183169681417,0.3931047814056051
73aebc9b8edefc04,6fa8350224e70785,26,57461.53846153846,0,16.266666666666666,0,25,1.0,0.0,0.0,False,0,0,,,False,1494000.0,0.05024825221135982,0.002330384853572398,0.025165292658392787
741ef02502f2fff9,696b8b4786b36d70,69,102681.15942028986,0,11.05,0,68,0.3333333333333333,0.0,0.0,False,63,67,1.0,1.0,True,7085000.0,0.006357547618962388,0.002029690033756526,0.015664768232308227
74c6da41f932a819,3bf637e0ab189484,31,211709.67741935485,0,12.75,0,30,1.0,0.0,0.0,False,23,30,1.0,1.0,True,6563000.0,0.002577384169849617,0.005008000630027265,0.6869838519722359
74cc88f45f2ad484,189019567278fd53,26,195846.15384615384,0,4.0,1,25,0.9230769230769232,0.04,0.0,False,23,26,1.0,1.0,True,5092000.0,0.007868181118513135,0.010885868417378708,0.715395932744592
74ea2ae62666b47e,ce571a02a3d9dbf5,26,289576.92307692306,0,32.56666666666667,0,25,0.7692307692307693,0.0,0.0,False,11,25,1.0,1.0,True,7529000.0,0.0290170501122236,0.008999366393058206,0.4402959696155044
7520e500419b8375,31a32af796127af0,32,201812.5,0,33.38333333333333,0,31,0.9375,0.0,0.0,False,10,31,1.0,0.1612903225806451,False,6458000.0,0.0034973671304764937,0.006583068733824193,0.19123116630213385
75245cefc00884c4,0eb1c3e6c63b3645,28,169178.57142857142,0,21.65,0,27,0.9285714285714286,0.0,0.0,False,8,28,1.0,1.0,True,4737000.0,0.002985469996742473,0.0034508310274097287,0.1281711669464799
75fe75ad477196aa,0343be259256f03c,28,375250.0,0,47.03333333333333,0,27,1.0,0.0,0.0,False,27,14,1.0,1.0,True,10507000.0,0.0015840173543867438,0.0015464305019097235,0.040071164440689734
7622ac93ab222bda,8c495cb7d86f66e0,28,30642.85714285714,27,0.7166666666666667,18,27,0.2857142857142857,0.6666666666666666,0.9642857142857144,True,26,28,1.0,1.0,True,858000.0,0.0015142131997866498,0.002917455692260318,0.02984038116648112
7624066a8590f580,77ffd2e720352b48,28,36321.42857142857,2,13.6,0,27,0.0714285714285714,0.0,0.0714285714285714,False,1,0,1.0,,False,1017000.0,0.008899134786452982,0.02782500993366821,0.1200452474109818
765c41aee3a9a451,d0daf85101f160c0,32,112125.0,1,26.133333333333333,0,31,0.9375,0.0,0.03125,False,24,32,1.0,1.0,True,3588000.0,0.007970202575236349,0.012099386797349565,0.7665068927128043
768f77edea6ed664,89b58bcad5cd30a3,26,155346.15384615384,0,19.066666666666663,0,25,0.8846153846153846,0.0,0.0,False,18,12,1.0,1.0,True,4039000.0,0.02631795613435331,0.00779300741355915,0.2590342684703583
76a5551fd98d193c,e98db50ec21d1c8a,29,122275.86206896552,1,4.45,1,28,0.7931034482758621,0.0357142857142857,0.0344827586206896,False,27,28,1.0,1.0,True,3546000.0,0.010656767602280985,0.005451883459279161,0.07394586777303269
76f43dc04198e3a6,bd69da6bbb89cb4c,43,175744.18604651163,0,25.266666666666666,0,42,0.9767441860465116,0.0,0.0,False,37,43,1.0,1.0,True,7557000.0,0.013731730104921014,0.0028315428865987036,0.41417847669436164
76f5bbf49ea6957b,f6d569dbdde8b744,30,187000.0,0,48.4,0,29,1.0,0.0,0.0,False,6,30,1.0,1.0,True,5610000.0,0.027506416612672856,0.007882499919456776,0.18250743682724008
770498e9f2ba9a62,b241655a7f758d40,27,151222.22222222222,0,19.933333333333334,0,26,0.9629629629629628,0.0,0.0,False,18,0,1.0,,False,4083000.0,0.006353967918726486,0.004481784695349655,0.18625538297422975
771cc42e60ad11c3,1d23e4778ed5b5e0,33,100030.30303030302,0,5.116666666666666,0,32,0.8787878787878788,0.0,0.0,False,28,33,1.0,0.9393939393939394,False,3301000.0,0.03736491106234764,0.004198988376713286,0.5905646261182088
775c4d8e3871083d,18eebb7e7247bd11,25,446200.0,0,38.13333333333333,0,24,1.0,0.0,0.0,False,9,25,1.0,1.0,True,11155000.0,0.019763525002416297,0.004377973388508427,0.27076136644317406
7767b805de138970,16663e5763d15314,26,504807.6923076923,0,41.78333333333333,0,25,0.2307692307692307,0.0,0.0,False,24,0,1.0,,False,13125000.0,0.006915980855763139,0.002040429134464228,0.0116376054669182
77a4eae7b60c8dd1,cd164607f12d69bc,41,110048.78048780488,0,7.2,0,40,0.975609756097561,0.0,0.0,False,29,41,1.0,1.0,True,4512000.0,0.010084015564536626,0.0015571696026174253,0.06494650137997444
781224009a22eee0,c8419bc8ea22f8ab,26,92423.07692307692,2,3.6,1,25,0.0,0.04,0.0769230769230769,False,20,0,1.0,,False,2403000.0,0.005176246541114647,0.007485153193271588,0.20798416340615636
78283aec611fa5de,f8227a389fc20425,31,77677.41935483871,8,20.383333333333333,0,30,0.9032258064516128,0.0,0.2580645161290322,False,29,30,1.0,1.0,True,2408000.0,0.0011276055743092075,0.0064756777267471755,0.0945363035299424
7877207ad71f7d47,327c830bdc3f6299,38,132263.15789473685,0,6.65,0,37,0.2368421052631578,0.0,0.0,False,38,38,1.0,1.0,True,5026000.0,0.01187744538272365,0.00609264980150559,0.1330896750706096
788fa2c5b7057b0d,6e3f5d30d6626726,28,169500.0,1,26.15,0,27,1.0,0.0,0.0357142857142857,False,0,23,,1.0,False,4746000.0,0.005888606888059194,0.00961149513339754,0.37467290489094446
7906b482d2b88bb9,7176e84216787cf6,28,111285.71428571428,0,16.433333333333334,0,27,0.3928571428571428,0.0,0.0,False,6,18,1.0,1.0,True,3116000.0,0.030950088239610814,0.005204884143001909,0.13559904493597705
79290edc65cb673e,13b88dd5af7532c4,30,222833.3333333333,0,27.116666666666667,0,29,0.3333333333333333,0.0,0.0,False,21,24,1.0,1.0,True,6685000.0,0.012332067312683236,0.007288269680296944,0.20215641142210752
79659b3ea7bf9f74,1afc5103e0473bbd,25,98920.0,0,20.166666666666668,0,24,0.68,0.0,0.0,False,18,24,1.0,1.0,True,2473000.0,0.011064853429173842,0.021571273621546982,0.08104799304106274
79a3ea967c192df6,4b33e022aee7e60e,28,399035.7142857143,0,35.86666666666667,0,27,1.0,0.0,0.0,False,14,28,1.0,1.0,True,11173000.0,0.007026951563076108,0.003411454324814822,0.11325455606347525
7a2ae29e325cb4e9,3c9818e93f8997cf,34,94897.0588235294,0,30.4,0,33,0.0,0.0,0.0,False,34,0,1.0,,False,3226500.0,0.009654451536228357,0.00497578332790416,0.43291104802883806
7a3ac990f5ccdb0b,84adb1fb97aa3ba8,37,68054.05405405405,0,7.533333333333333,0,36,0.0,0.0,0.0,False,14,0,1.0,,False,2518000.0,0.017898501179511226,0.006110548302685093,0.08012085067996406
7a403746057a8050,470f33995a81bd52,28,151107.14285714287,0,17.316666666666666,0,27,0.6785714285714286,0.0,0.0,False,15,18,1.0,1.0,True,4231000.0,0.009879972651090198,0.017196879933274345,0.22837771565009146
7a75ee4be7ebae76,f9fdc40d987d52ef,26,198576.92307692303,0,14.966666666666669,0,25,0.9230769230769232,0.0,0.0,False,7,17,1.0,1.0,True,5163000.0,0.016631287296001832,0.004617813304313878,0.09786184504909559
7a9e250ff00850e1,2b7015872e692b24,24,264208.3333333333,0,50.45,0,23,0.75,0.0,0.0,False,9,24,1.0,1.0,True,6341000.0,0.024259628498709516,0.010033899761234033,0.18291194295389704
7afd4c3507395b2f,b235143704083232,57,19578.947368421053,0,2.4,12,56,0.0,0.2142857142857142,0.0,False,10,56,1.0,1.0,True,1116000.0,0.0715796859171013,5.011580330260834e-05,0.007739311910020655
7b6992aa16a1feed,a93287ddb857d383,27,166888.88888888888,0,33.03333333333333,0,26,0.925925925925926,0.0,0.0,False,27,27,1.0,1.0,True,4506000.0,0.021406607410695427,0.011608967865030961,0.3933768386235337
7b98710703c1437d,a7f84ea63ba9b43b,24,391291.6666666667,0,22.33333333333333,0,23,0.375,0.0,0.0,False,19,21,1.0,1.0,True,9391000.0,0.019691930997698254,0.006747734944675732,0.0417607829520356
7bb07e94d0706fca,d5e6a4de2d95b199,34,126705.88235294116,0,16.216666666666665,0,33,1.0,0.0,0.0,False,34,33,1.0,1.0,True,4308000.0,0.0015464305019097702,0.0017791110172433733,0.0959753430247751
7be274e1a73b4efb,0757b3cb55662c3d,31,231290.32258064515,0,25.933333333333334,0,30,0.9032258064516128,0.0,0.0,False,24,30,1.0,1.0,True,7170000.0,0.0075281095961024225,0.005938722691361864,0.562034415238068
7befb7ce8e219542,73ff5ba45a062901,74,39013.51351351351,26,0.7333333333333333,31,73,0.7972972972972973,0.4246575342465753,0.3513513513513513,True,70,72,1.0,1.0,True,2887000.0,0.00037944822500563804,0.0002684775176926557,0.01587597054622646
7c0b132411b37fa6,190ac40c60535ce9,75,18680.0,2,0.6833333333333333,66,74,0.8,0.8918918918918919,0.0266666666666666,True,63,68,1.0,1.0,True,1401000.0,0.0010953882721860871,0.0009522002627500026,0.028437138674007437
7c5c3c04de2a48d8,80a1aaa3d0b57240,24,151208.33333333334,2,40.05,0,23,0.0416666666666666,0.0,0.0833333333333333,False,12,21,1.0,1.0,True,3629000.0,0.0076319209029435875,0.006275214513536631,0.05185553761727993
7c5d2cc3cd5f1a7a,a0a799d3c975f8cb,29,111034.4827586207,3,21.85,0,28,1.0,0.0,0.1034482758620689,False,17,29,1.0,1.0,True,3220000.0,0.0011526634759605231,0.0027456300809369782,0.04100188650202432
7c6e1c00991677ea,86ef31047a7d5228,26,40038.46153846154,0,4.916666666666667,1,25,0.8076923076923077,0.04,0.0,False,8,23,1.0,1.0,True,1041000.0,0.05291512888710699,0.0461638142421954,0.17033645602517244
7ca97f833c98da2b,775f210985a7df0f,24,222625.0,1,42.3,0,23,1.0,0.0,0.0416666666666666,False,23,23,1.0,1.0,True,5343000.0,0.002187196844136272,0.011562431761964254,0.7908058979141087
7cecdc4ec7bc4896,dd38e4cc5c3245cb,25,199840.0,1,39.25,0,24,1.0,0.0,0.04,False,11,0,1.0,,False,4996000.0,0.0005620129370366526,0.01230342971079601,0.3701445840925281
7d584c3e7b7e796b,e7a3731679e524cc,25,242360.0,0,65.15,0,24,1.0,0.0,0.0,False,12,0,1.0,,False,6059000.0,0.0012421559818580792,0.0036763521422715773,0.2727337812731562
7d6da6ead8b195c7,9a956da371704d99,26,169961.53846153847,0,34.15,0,25,0.6923076923076923,0.0,0.0,False,20,26,1.0,1.0,True,4419000.0,0.016463041384914428,0.012707935837453,0.6892462225213261
7d8098bdc9cf23ae,994dd0d136ba8f1a,25,243480.0,0,49.91666666666666,0,24,1.0,0.0,0.0,False,23,23,1.0,1.0,True,6087000.0,0.006429141623680433,0.002412717958998112,0.20640551560212347
7dac2d72b42ab59a,b44f5a919f461caf,39,106923.07692307692,0,12.016666666666667,0,38,0.8461538461538461,0.0,0.0,False,25,3,1.0,1.0,True,4170000.0,0.006604546935239643,0.00761402240176412,0.34391970016430823
7dad3f82036db7d3,92472a7f2b02ec7a,29,106551.72413793104,0,17.65,0,28,0.7931034482758621,0.0,0.0,False,24,24,1.0,1.0,True,3090000.0,0.02647546294473301,0.016323433075714266,0.4380729757690091
7e0cb038bf13bbb1,7ad84b257a3de81c,24,251375.0,0,10.8,0,23,0.375,0.0,0.0,False,4,24,1.0,1.0,True,6033000.0,0.021195405096777194,0.012024213092395653,0.21445984113290353
7e53e71e2b6db7db,df5d87baf7552a31,43,174255.81395348837,0,14.766666666666667,0,42,0.7906976744186046,0.0,0.0,False,31,43,1.0,1.0,True,7493000.0,0.0031000204042913445,0.00228742845074148,0.2553650757285585
7e62d782d2f90a4a,221e2266a043b91e,29,196689.6551724138,2,5.983333333333333,0,28,0.896551724137931,0.0,0.0689655172413793,False,20,0,1.0,,False,5704000.0,0.0024556743618289406,0.007567486298697301,0.381352625531138
7e81267e27eedf95,27e1e70114f032c9,33,31454.545454545456,0,4.583333333333333,1,32,1.0,0.03125,0.0,False,1,0,1.0,,False,1038000.0,0.021177506595597684,0.008344281249888175,0.1114253292429292
7e8d67f1c1066df8,94eca40c7bd00872,37,193702.7027027027,0,21.55,0,36,0.918918918918919,0.0,0.0,False,26,37,1.0,1.0,True,7167000.0,0.015442826817682288,0.003307643017973705,0.3527687191474586
7e91bac63cce397e,6b037bd475ef1e53,24,215958.3333333333,0,28.53333333333333,0,23,0.7083333333333334,0.0,0.0,False,16,24,1.0,1.0,True,5183000.0,0.03306927077926494,0.017486835652382515,0.387065827107638
7e95a457342c949e,231ffd702ff5c31f,26,376076.9230769231,1,13.016666666666667,0,25,0.9230769230769232,0.0,0.0384615384615384,False,21,26,1.0,1.0,True,9778000.0,0.000612128740339284,0.000522636234441709,0.1138273081012196
7ec11ab6d5572daf,27d936c8b49491ee,28,170642.85714285713,5,26.633333333333333,0,27,0.0,0.0,0.1785714285714285,False,12,28,1.0,1.0,True,4778000.0,0.006375446120141899,0.0075030516944510905,0.01871467283329694
7ec120addf66d14c,f6a6d26a14c45b2b,24,249708.3333333333,0,45.85,0,23,1.0,0.0,0.0,False,24,24,1.0,1.0,True,5993000.0,0.003704989744158824,0.0037801634491128056,0.03279005416086457
7f2d768a6c324b4a,5a1ca39ceccbede5,26,277461.53846153844,0,11.616666666666667,0,25,0.9615384615384616,0.0,0.0,False,1,25,1.0,1.0,False,7214000.0,0.021685824029095805,0.005405347356212342,0.10149166108830046
7fcf436466291cb1,f70e6a906ebaf50a,44,143500.0,1,23.55,0,43,0.7272727272727273,0.0,0.0227272727272727,False,27,41,1.0,1.0,True,6314000.0,0.007123603469445469,0.003669192741799776,0.033280473093183174
80d981c74449789e,99e235ac8209d923,27,245333.3333333333,0,19.4,0,26,0.6296296296296297,0.0,0.0,False,20,2,1.0,1.0,True,6624000.0,0.01744029954931574,0.0108357526140761,0.2878794929712586
80f7f72807822d8f,70fa5e69086ddb20,26,239115.38461538465,1,30.366666666666667,0,25,0.9230769230769232,0.0,0.0384615384615384,False,20,24,1.0,1.0,True,6217000.0,0.013105282563638122,0.00568098427437691,0.6577377010449145
8124055e2bf5330f,c59de72a1a8acffc,44,130295.45454545454,2,7.416666666666667,0,43,0.1363636363636363,0.0,0.0454545454545454,False,42,44,1.0,0.9772727272727272,False,5733000.0,0.0028064849849473604,0.002090544937766947,0.02834764616810988
813823fc2b15e305,73b9190e93d5fbcf,27,118962.96296296296,2,9.466666666666669,0,26,0.0,0.0,0.074074074074074,False,24,27,1.0,1.0,True,3212000.0,0.005967360293249044,0.014125497130870301,0.17416673527758786
8184314b1cf0ee50,0578833de8771f7a,26,66230.76923076923,0,14.066666666666666,0,25,1.0,0.0,0.0,False,13,26,1.0,1.0,True,1722000.0,0.04558032310374329,0.021184665996069496,0.09299703242850443
81a5b6d695b3e4f2,38406ee22b8cf6ca,40,171765.0,1,35.75,0,39,0.675,0.0,0.025,False,36,39,1.0,1.0,True,6870600.0,0.006690459740901297,0.005043797632386271,0.23921704796440346
81d4bfddfa54ff5f,533ec34258435caf,28,174607.14285714287,2,19.45,0,27,0.25,0.0,0.0714285714285714,False,7,28,1.0,1.0,True,4889000.0,0.00760328330105637,0.010298797578690788,0.10468117399848936
82032b437ba56a12,7b52ce76566e8950,25,219280.0,0,26.466666666666665,0,24,1.0,0.0,0.0,False,17,24,1.0,1.0,True,5482000.0,0.0025738044696137145,0.002180037443664462,0.19888456540649285
8205b0a297cfda20,1303b677cb786ed8,24,154833.33333333334,0,27.516666666666666,0,23,1.0,0.0,0.0,False,24,22,1.0,1.0,True,3716000.0,0.013971570020726465,0.0030606437016964527,0.3515337225660723
821e688f80cb99cd,e9cb91eff139ea10,29,282448.275862069,0,40.05,0,28,0.8620689655172413,0.0,0.0,False,19,28,1.0,1.0,True,8191000.0,0.008616338467816705,0.0036906709432151796,0.4529716881508343
8292e6c097152714,ef21cee1d1349d2b,24,293458.3333333333,1,17.166666666666668,0,23,0.7916666666666666,0.0,0.0416666666666666,False,15,24,1.0,1.0,True,7043000.0,0.008770265577960502,0.01259696513013997,0.6066303207769381
82bc2e1e98256a4b,975078a2184a4ca8,35,255142.85714285716,1,12.0,0,34,0.0857142857142857,0.0,0.0285714285714285,False,27,31,1.0,1.0,True,8930000.0,0.013162557767412557,0.005666665473433308,0.01261128393108361
82db85c501df89f6,7e2afc9854e897e4,24,284000.0,9,92.85,0,23,0.0,0.0,0.375,True,4,0,1.0,,False,6816000.0,0.0058814474875873895,0.005229942044653213,0.012775950141935114
835785cfa8eab704,f0eef6fdc3c5849a,31,118967.74193548386,0,12.8,0,30,0.8387096774193549,0.0,0.0,False,29,29,1.0,1.0,True,3688000.0,0.023558007252472677,0.004284901182375012,0.697926995593389
837d494a8cc048a9,df03895f23241ab8,35,23828.571428571428,6,1.1333333333333333,22,34,0.0,0.6470588235294118,0.1714285714285714,True,24,35,1.0,1.0,True,834000.0,0.004102336470343974,0.014623075463660706,0.19203659885521188
838125b95ad827ec,3d7f96c4269a4b40,24,249208.3333333333,0,153.78333333333333,0,23,0.0,0.0,0.0,False,17,1,1.0,1.0,True,5981000.0,0.01863591942810709,0.006479257426983076,0.03963444101190966
838c03b1ee66cba3,3d9f053ac35a4c60,26,182884.61538461535,0,17.116666666666667,0,25,0.9230769230769232,0.0,0.0,False,15,0,1.0,,False,4755000.0,0.002473572863008452,0.007077067366378698,0.24796583534094854
8397bdba08f52473,ceafc6827726a992,37,28000.0,2,1.4166666666666667,3,36,0.972972972972973,0.0833333333333333,0.054054054054054,False,5,36,1.0,1.0,True,1036000.0,0.03853547303948767,0.0016108651061560453,0.025741624396373047
8397bdba08f52473,e5074f8eac9ff231,32,28000.0,0,3.066666666666667,2,31,0.90625,0.064516129032258,0.0,False,1,30,1.0,1.0,False,896000.0,0.1694701685680841,0.0029281947929680197,0.06174266966884193
839b2baeda98c857,1cec7fbe2ec4c178,58,31155.172413793105,15,0.4666666666666667,26,57,0.7068965517241379,0.4561403508771929,0.2586206896551724,True,46,57,1.0,1.0,True,1807000.0,0.003296903917265968,0.00468940730903189,0.037848170594194444
839d8448b00b8529,2d9edea3207d3a8f,27,324481.48148148146,0,31.73333333333333,0,26,0.925925925925926,0.0,0.0,False,15,27,1.0,1.0,True,8761000.0,0.005072435234273482,0.0032396287134914825,0.43379165428687
83d08e845496ece2,3878b58d604fc3ee,29,128586.20689655172,0,14.4,0,28,0.896551724137931,0.0,0.0,False,21,20,1.0,1.0,True,3729000.0,0.007946934523702985,0.011841648380364611,0.31466996953675097
83d08e845496ece2,e91b2b6e5c8d8602,53,150339.62264150943,2,10.133333333333333,0,52,0.9433962264150944,0.0,0.0377358490566037,False,38,34,1.0,0.9705882352941176,False,7968000.0,0.0015070537993148454,0.0022015156450798656,0.07304736301382123
83d8f08ed0e73096,d95b5e000559ad65,37,154594.5945945946,3,11.316666666666666,0,36,1.0,0.0,0.081081081081081,False,0,0,,,False,5720000.0,0.00015392711014379655,0.003651294240620273,0.00801852852842103
83f00c64b968cfa6,cbd51e565c5a52d5,44,185977.27272727276,4,16.066666666666666,0,43,0.9772727272727272,0.0,0.0909090909090909,False,26,44,1.0,1.0,True,8183000.0,0.00119561987879135,0.0023160660526287957,0.17619284561110854
844329ecb0531bb1,2351e3bc21fc765c,26,189846.15384615384,0,33.43333333333333,0,25,1.0,0.0,0.0,False,23,26,1.0,1.0,True,4936000.0,0.00938955371877159,0.00456769750101127,0.3801999620551775
845edc919dee8d2e,d0dba09514e71a2b,45,152911.11111111112,0,25.05,0,44,0.9777777777777776,0.0,0.0,False,0,44,,1.0,False,6881000.0,0.02285996570647174,0.0021478201415413567,0.018056007989890925
846b5d96d96bf0a1,86ffc490b26a3a30,33,186303.0303030303,0,42.66666666666666,0,32,0.8181818181818182,0.0,0.0,False,14,32,1.0,1.0,True,6148000.0,0.019469989583072313,0.001303010885868372,0.012811747144294137
8480bee72cd66aaf,82a818cc2493cdbc,28,142142.85714285713,0,18.45,0,27,0.8928571428571429,0.0,0.0,False,28,24,1.0,1.0,True,3980000.0,0.01082501351336839,0.0023983991580545094,0.15434951477163303
84a427343f4c4ca3,3c6f6e7c4cfacae8,25,176080.0,3,41.36666666666667,0,24,0.96,0.0,0.12,False,13,25,1.0,1.0,True,4402000.0,0.016609809094586418,0.010893027817850509,0.09672708007431458
84fd915f42704480,df43c5faf76ff8e3,29,167379.3103448276,0,23.216666666666665,0,28,0.9655172413793104,0.0,0.0,False,23,28,1.0,1.0,True,4854000.0,0.0022910081509774373,0.003014107598629745,0.36975081706657886
84fee45a15909f39,2a1f98ec01e9d9b3,26,176923.07692307694,0,31.7,0,25,0.9615384615384616,0.0,0.0,False,26,26,1.0,1.0,True,4600000.0,0.02571298679448583,0.010155609569254653,0.17386246075753617
8549f9696064ec80,ce3c8cdb515f175c,26,233961.53846153847,0,10.933333333333334,0,25,0.0,0.0,0.0,False,22,25,1.0,1.0,True,6083000.0,0.026811954766907817,0.015449986218154077,0.05291512888710699
855faae4bc5c31cd,560a5afe5b53b126,36,188194.44444444444,0,4.35,1,35,0.8888888888888888,0.0285714285714285,0.0,False,11,35,1.0,1.0,True,6775000.0,0.009493365025612755,0.004889870522242434,0.09366643637261815
85654f10768c51ae,75a8d4ae5c228a6e,26,25538.46153846154,1,7.983333333333333,0,25,0.2307692307692307,0.0,0.0384615384615384,False,6,25,1.0,1.0,True,664000.0,0.01917645416372833,0.00785028261733367,0.16478076125905217
858e5a82186c62f8,d12d96a7692ca882,24,62625.0,0,77.35,0,23,0.6666666666666666,0.0,0.0,False,17,2,1.0,1.0,True,1503000.0,0.008254788743990578,0.028659080088633382,0.04525457038227619
85a664bf6f87b6dd,80653c2dbf291c8f,24,301375.0,1,19.65,0,23,1.0,0.0,0.0416666666666666,False,19,24,1.0,1.0,True,7233000.0,0.014354597945968004,0.009944407255336407,0.7588212763063221
85af0bd1f83eb9fe,4c25d7d7c59f836f,33,181363.63636363635,0,31.58333333333333,0,32,1.0,0.0,0.0,False,10,33,1.0,1.0,True,5985000.0,0.004743102812570475,0.008458831657436994,0.17401638786767995
85e0d5f5e3088c80,622dbf5fa7910048,37,105324.32432432432,1,7.866666666666666,0,36,0.8918918918918919,0.0,0.027027027027027,False,36,37,1.0,1.0,True,3897000.0,0.009403872519715199,0.008537585062626807,0.33149814034572744
85f52786d3106a6f,dc47aab68ca824af,34,137485.29411764705,0,20.98333333333333,0,33,0.0588235294117647,0.0,0.0,False,30,34,1.0,1.0,True,4674500.0,0.009203409306504673,0.007717833708605237,0.16278328852741872
866e5578ce575e99,6490f8755ba18bf5,37,135972.97297297296,1,18.666666666666668,0,36,1.0,0.0,0.027027027027027,False,18,34,1.0,1.0,True,5031000.0,0.002366181855931384,0.00392693115878473,0.0814560788679556
86701e4aa939df66,b9cdaf454cb04daa,29,184137.93103448275,1,25.95,0,28,1.0,0.0,0.0344827586206896,False,29,29,1.0,1.0,True,5340000.0,0.0029622019452091083,0.005301536049371225,0.25454890407477276
86b00492040445a8,7b650054b148d09c,24,74083.33333333333,0,21.666666666666668,0,23,0.0,0.0,0.0,False,6,22,1.0,1.0,True,1778000.0,0.06500019688351298,0.03965949891356102,0.3497760897502443
86c40d438daa709a,32a8f8c52c0b0c0d,32,136406.25,1,10.666666666666666,0,31,0.40625,0.0,0.03125,False,30,32,1.0,1.0,True,4365000.0,0.010101914065716137,0.011046954927994346,0.8236532272787477
86c55b2bf0ec2f11,3da4ab2e1cfd4017,35,190628.57142857145,1,14.783333333333331,0,34,0.9142857142857144,0.0,0.0285714285714285,False,12,0,1.0,,False,6672000.0,0.001285112384688906,0.004539059899124065,0.25226505532426713
86dbf95ea2203667,341422fdb7c1e88e,24,120375.0,0,32.2,0,23,0.7916666666666666,0.0,0.0,False,22,24,1.0,1.0,True,2889000.0,0.015915347248821383,0.01124741814120489,0.24291845800832637
86f2028f78051ca8,3b63c964c58af414,32,94921.875,0,2.816666666666667,2,31,0.40625,0.064516129032258,0.0,False,32,31,1.0,1.0,True,3037500.0,0.02695872247657981,0.007710674308133436,0.5929666049764992
870448098e26ea7c,063f2fe94680fae8,31,241451.61290322585,0,16.3,0,30,0.4516129032258064,0.0,0.0,False,20,0,1.0,,False,7485000.0,0.0024843119637161584,0.005015160030499066,0.378130895318826
87422d51b0b44e16,7acbe825eb4dedc8,29,144379.3103448276,0,14.966666666666669,0,28,1.0,0.0,0.0,False,15,29,1.0,1.0,True,4187000.0,0.010424087086947339,0.009210568706976452,0.27281611437858194
875137f0a3b2cce1,2239dbf7226483f8,26,157384.61538461538,0,25.266666666666666,0,25,0.7692307692307693,0.0,0.0,False,21,25,1.0,1.0,True,4092000.0,0.012729414038868386,0.015024001890081684,0.6915622885739549
875f7558903ca6a7,e37c1c635113bf58,55,214309.0909090909,0,20.433333333333334,0,54,0.9272727272727272,0.0,0.0,False,42,54,1.0,1.0,True,11787000.0,0.0019187193264436036,0.0007911137521343647,0.03625162428898204
8777060eab2dfedc,4bdf49e15daf84a5,26,362269.2307692308,0,66.53333333333333,0,25,1.0,0.0,0.0,False,14,26,1.0,1.0,True,9419000.0,0.014576539360593943,0.004886290822006534,0.43385966859135217
878e399bfbc7e273,1d915b18ebb03e36,38,31500.0,2,2.6,14,37,0.0,0.3783783783783784,0.0526315789473684,False,2,1,1.0,1.0,False,1197000.0,0.044624543140757394,0.004156031973882479,0.03360980551488618
8790efaa3bf2105a,c516b3aa1bc62031,26,53500.0,0,55.36666666666667,0,25,1.0,0.0,0.0,False,1,0,1.0,,False,1391000.0,0.04939986325545099,0.010993259424455837,0.07793007413559189
87a908f620305833,4c9dba34245e7649,26,263423.07692307694,2,24.73333333333333,0,25,0.0,0.0,0.0769230769230769,False,1,26,1.0,1.0,False,6849000.0,0.014415452849978343,0.022161924160470803,0.02282416870411272
87b182cd8df72ac6,c693c012b7c4c427,25,257000.0,0,31.816666666666663,0,24,0.68,0.0,0.0,False,8,25,1.0,1.0,True,6425000.0,0.030069481981578862,0.010359652482701098,0.3733448361034247
87d4ce964c7ba82b,a4d367eb93ac11db,25,199200.0,2,27.78333333333333,0,24,0.88,0.0,0.08,False,23,24,1.0,1.0,True,4980000.0,0.006089070101269719,0.007470834392327985,0.46697189577344794
882f1c25b15240a4,79b1079bcec299fd,30,250433.3333333333,0,39.333333333333336,0,29,0.0666666666666666,0.0,0.0,False,23,1,1.0,1.0,True,7513000.0,0.023246573331949183,0.011648344567625868,0.028906079404910634
8836914060d6101f,afb6758206bca047,25,191360.0,1,56.71666666666667,0,24,1.0,0.0,0.04,False,15,25,1.0,1.0,True,4784000.0,0.0032288896127838254,0.013309325477084522,0.5845543094221289
8878d533255e9dde,8dcfbe2de53d8218,24,459916.6666666667,2,53.95,0,23,0.8333333333333334,0.0,0.0833333333333333,False,17,24,1.0,1.0,True,11038000.0,0.008788164079140013,0.003475888929061033,0.08252282953825446
8892c4d17f9bf9a1,4c94831e66b3eb6a,25,78760.0,0,14.033333333333331,0,24,0.24,0.0,0.0,False,25,23,1.0,1.0,True,1969000.0,0.03880037085694444,0.014204250536060115,0.16941289336430967
88a82e40a0638c5d,6149076f012cffa2,31,124258.06451612904,1,12.533333333333331,0,30,0.6451612903225806,0.0,0.032258064516129,False,23,31,1.0,1.0,True,3852000.0,0.0025487465679623986,0.006010316696079876,0.13989468521905976
88f273294e0f8aac,af27cb60984cf34a,29,75793.10344827586,20,1.55,2,28,0.4827586206896552,0.0714285714285714,0.6896551724137931,True,6,0,1.0,,False,2198000.0,0.00376226494793326,0.007807326214502752,0.042186767280107965
8947bab2c824f527,5cb0eab879dab4a4,44,115477.27272727272,0,6.15,0,43,0.7272727272727273,0.0,0.0,False,41,37,1.0,1.0,True,5081000.0,0.008367549301421499,0.004599914803134375,0.14421896310402968
899ac2b7377ac18e,a771f51d775c4069,24,307250.0,0,35.35,0,23,0.9583333333333334,0.0,0.0,False,21,24,1.0,1.0,True,7374000.0,0.009607915433161626,0.010853651115255603,0.5902603515981572
89b1995aefb71f12,d8e431166706c095,35,235228.57142857145,0,39.53333333333333,0,34,0.8285714285714286,0.0,0.0,False,34,35,1.0,1.0,True,8233000.0,0.002520108966075181,0.002749209781172879,0.4855791775996678
89e8cec7d8158494,18b4b38b4dd9cf2d,24,198666.66666666663,1,31.9,0,23,0.9583333333333334,0.0,0.0416666666666666,False,20,24,1.0,1.0,True,4768000.0,0.005240681145360888,0.015167189899517819,0.5803553210454157
8a7479888f62fc07,b4b91027d3ae32cd,27,168629.62962962964,1,48.03333333333333,0,26,0.925925925925926,0.0,0.037037037037037,False,26,27,1.0,1.0,True,4553000.0,0.004045061266569537,0.0048970299227142355,0.027030316481297854
8aa87712ff553cc5,3a6ce0d7274985fe,26,254423.0769230769,0,58.96666666666667,0,25,0.7307692307692307,0.0,0.0,False,1,0,1.0,,False,6615000.0,0.01871467283329694,0.009733204941418161,0.08059695081133905
8acfcfb487e179d0,3f055f8dae45e404,24,162083.33333333334,1,8.633333333333333,0,23,0.9166666666666666,0.0,0.0416666666666666,False,20,24,1.0,1.0,True,3890000.0,0.009124655901314824,0.018356702809706693,0.8155953220477318
8ad1147b16fde64e,560151d68dddda5b,26,201230.7692307692,0,32.266666666666666,0,25,0.9230769230769232,0.0,0.0,False,22,26,1.0,1.0,True,5232000.0,0.01579721714103661,0.00879174377937586,0.3103993871553196
8b2774ab97315ac7,80213f13fd005fb2,50,37820.0,15,1.2666666666666666,25,49,0.16,0.5102040816326531,0.3,True,31,48,1.0,1.0,True,1891000.0,0.003486628029768787,0.007291849380532844,0.022498415982645615
8b2774ab97315ac7,ab8e0a800213895f,24,42541.66666666666,9,1.6,19,23,0.0833333333333333,0.8260869565217391,0.375,True,11,23,1.0,1.0,True,1021000.0,0.004789638915637205,0.04065823527937773,0.0607331942023175
8b3acdfd3a10bde9,f5b6d53896dfb707,45,196777.77777777775,0,17.166666666666668,0,44,0.8888888888888888,0.0,0.0,False,43,0,1.0,,False,8855000.0,0.0003400715224107133,0.000558433236800715,0.11642975017272053
8b4df606281ad7b0,49ea822109485a4c,27,93407.4074074074,0,18.016666666666666,0,26,0.9629629629629628,0.0,0.0,False,2,18,1.0,1.0,False,2522000.0,0.04262707040912394,0.017730255268423867,0.393366099522826
8b8e65659b1bd5dc,a167324213db7561,24,210812.5,0,10.616666666666667,0,23,0.4583333333333333,0.0,0.0,False,19,23,1.0,0.9565217391304348,False,5059500.0,0.00664750333807047,0.007581805099640904,0.38600981553804686
8b921df287615105,3d038183f1c2191f,27,230740.74074074076,1,14.35,0,26,0.5925925925925926,0.0,0.037037037037037,False,21,1,1.0,1.0,True,6230000.0,0.006425561923444531,0.01113286773365596,0.3179024388497707
8bd713afff1c7e20,40e20927cbc933eb,25,99720.0,0,22.08333333333333,0,24,1.0,0.0,0.0,False,25,25,1.0,1.0,True,2493000.0,0.014819958976635296,0.009661610936700149,0.28750362444648886
8bf250d1d2c80b96,f8dfbcfc81b1a598,26,286807.6923076923,5,15.65,0,25,0.9230769230769232,0.0,0.1923076923076923,False,20,26,1.0,1.0,True,7457000.0,0.0004546219299595852,0.003039165500281049,0.11300397704696209
8c2b22026ac5dee8,51c61be075dd24d3,33,166121.21212121213,0,22.466666666666665,0,32,1.0,0.0,0.0,False,32,33,1.0,1.0,True,5482000.0,0.0016967779118176643,0.0016717200101663554,0.19778917713430677
8c88c8a08e04240d,9fdd6c40919b4165,26,166307.6923076923,3,22.066666666666663,0,25,0.9615384615384616,0.0,0.1153846153846153,False,22,26,1.0,1.0,True,4324000.0,0.00034365122264661555,0.00644346042462407,0.06966812599112951
8c9486526f9cbbf5,5285d17e3f7b02a2,31,74645.16129032258,2,12.15,0,30,0.967741935483871,0.0,0.064516129032258,False,31,31,1.0,1.0,True,2314000.0,0.005226362344417279,0.01066392700275276,0.26038739515952936
8cf948ac814dc7c6,629548ede80e678c,44,34568.181818181816,0,2.65,21,43,0.8409090909090909,0.4883720930232558,0.0,True,35,42,1.0,1.0,True,1521000.0,0.019484308384015922,0.004005684563974654,0.15218021642867627
8d061bb3dfc6eb32,a70b225da59a8482,37,172513.51351351352,0,11.616666666666667,0,36,0.972972972972973,0.0,0.0,False,3,37,1.0,1.0,True,6383000.0,0.014655292765783793,0.004202568076949187,0.11863842521827223
8d224d5393896dda,96e859633e6274b0,45,160111.11111111112,0,24.75,0,44,0.9777777777777776,0.0,0.0,False,42,0,1.0,,False,7205000.0,0.004363654587564838,0.002251631448382474,0.07945502643608625
8d2a5bfc65173907,3dad95a30c806f59,25,25600.0,15,3.983333333333333,6,24,0.4,0.25,0.6,True,24,25,1.0,1.0,True,640000.0,0.0035940190368458544,0.013588542095484879,0.07011916822085319
8d5cc94e4e75221f,e83861c67fc07896,33,132939.39393939395,2,28.766666666666666,0,32,1.0,0.0,0.0606060606060606,False,24,0,1.0,,False,4387000.0,0.00017182561132330777,0.002233732947202971,0.07034468933571503
8d9c28ae9a6420c9,d618d4dd4954393f,25,143360.0,0,21.35,0,24,0.76,0.0,0.0,False,5,25,1.0,1.0,True,3584000.0,0.03308716928044446,0.020368494342283827,0.5601264350123321
8d9e378e86e0babb,ac3e57f62593b299,28,317071.4285714286,1,32.11666666666667,0,27,0.8571428571428571,0.0,0.0357142857142857,False,24,28,1.0,1.0,True,8878000.0,0.01087154961643512,0.006282373914008432,0.5469781960458632
8dc81953906b6521,ac5867b6973c4576,24,172500.0,0,30.53333333333333,0,23,0.7916666666666666,0.0,0.0,False,17,24,1.0,1.0,True,4140000.0,0.043593589472817544,0.010441985588126812,0.15968684782336326
8dec1612b02307e7,a75855291e5fc922,24,397500.0,0,20.4,0,23,0.7916666666666666,0.0,0.0,False,19,23,1.0,1.0,True,9540000.0,0.0017289952139407847,0.0021156028394182513,0.12097954917255228
8dfdc8a7e062ab7d,e6bf3bff46a741f2,29,211482.75862068965,2,20.183333333333334,0,28,0.8620689655172413,0.0,0.0689655172413793,False,3,0,1.0,,False,6133000.0,0.0025881232705573234,0.007284689980061043,0.2824777253152821
8f0446f45b39e0d7,b5310be83378f395,26,167576.92307692306,0,27.98333333333333,0,25,1.0,0.0,0.0,False,0,25,,1.0,False,4357000.0,0.0031250783059426604,0.008544744463098608,0.37247854864633634
8f047cdf3d8930a8,a3b00d71bf1c5b51,29,201275.8620689655,0,11.916666666666666,0,28,1.0,0.0,0.0,False,29,29,1.0,1.0,True,5837000.0,0.008215412041395654,0.004574856901483071,0.23342867268294953
8f3fdcaba9cd227e,fc93cbfb75bd312b,82,106597.56097560975,0,3.8333333333333335,1,81,0.0,0.0123456790123456,0.0,False,82,27,1.0,1.0,True,8741000.0,0.005953041492305434,0.00031143392052346286,0.008845439282914449
8f4dea845f423389,fc8de0e669e5caaa,25,100880.0,1,13.916666666666666,0,24,0.12,0.0,0.04,False,2,24,1.0,1.0,False,2522000.0,0.06423414103302989,0.057142754865707523,0.24077779726725684
8fbfbe4b0b1a8cf9,3f2baf9d5f647a15,37,171864.86486486485,0,28.45,0,36,1.0,0.0,0.0,False,36,0,1.0,,False,6359000.0,0.0014390394948327026,0.0018471253217255956,0.1582907647313614
8fc0118c7f110079,7a80d48284d3f9fe,27,177000.0,3,56.48333333333333,0,26,0.6666666666666666,0.0,0.1111111111111111,False,0,0,,,False,4779000.0,0.0028208037858909697,0.010295217878454888,0.32955078341739663
90143ef30272da9f,ab4c08c545d0490d,27,203648.14814814812,3,42.66666666666666,0,26,0.7037037037037037,0.0,0.1111111111111111,False,14,24,1.0,1.0,True,5498500.0,0.004803957716580813,0.015092016194563906,0.3017615704860875
9021a24fdf156353,ce2a687d7f1b8677,40,224125.0,1,22.65,0,39,0.825,0.0,0.025,False,37,40,1.0,1.0,True,8965000.0,0.0033362806198608927,0.002799325584475598,0.30627199278332434
90c422b58491ab90,40e40e0650da5162,30,163633.33333333334,7,61.98333333333333,0,29,1.0,0.0,0.2333333333333333,False,25,29,1.0,1.0,True,4909000.0,0.0004743102812570475,0.0025559059684342467,0.03933732589232978
90da2d319ad2054b,6f91f286e24de956,24,151725.0,0,41.75,0,23,0.9166666666666666,0.0,0.0,False,24,24,1.0,1.0,True,3641400.0,0.0031322377064144646,0.004553378700067667,0.10924887149950063
90f04d5b7996e4ce,1cd5c6b613ae0316,49,42142.857142857145,0,9.6,0,48,0.1632653061224489,0.0,0.0,False,0,48,,1.0,False,2065000.0,0.11217706629246867,0.00016108651061563783,0.0064756777267471624
90f04d5b7996e4ce,d7b94281c46d2145,24,41708.333333333336,1,2.9,3,23,0.9583333333333334,0.1304347826086956,0.0416666666666666,False,6,21,1.0,1.0,True,1001000.0,0.019316062472928518,0.04598840893063616,0.11840932440317448
92471df4e8a5af55,bcc46b23e1d5dc6e,27,29925.925925925927,0,29.28333333333333,0,26,0.8888888888888888,0.0,0.0,False,27,27,1.0,1.0,True,808000.0,0.023407659842564783,0.015568116325938908,0.09441459372192172
9260bb31f0764250,4289e00d05f21b73,35,94114.28571428572,2,5.383333333333334,0,34,1.0,0.0,0.0571428571428571,False,22,21,1.0,1.0,True,3294000.0,0.0031823535097170964,0.006117707703156894,0.06313517306060791
92725bb3d627d97a,141f6aba815ed82a,24,161125.0,0,13.483333333333333,0,23,1.0,0.0,0.0,False,24,24,1.0,1.0,True,3867000.0,0.013660136100202969,0.003171614409009371,0.31875798720615134
9292c8471f83af23,0b6b162edb7bdeff,39,14025.641025641024,3,2.466666666666667,22,38,0.9743589743589745,0.5789473684210527,0.0769230769230769,True,31,2,1.0,1.0,True,547000.0,0.007295429080768776,0.0038947138566616246,0.09469023064008619
9292c8471f83af23,153a8598743856cd,37,14243.243243243243,2,3.683333333333333,6,36,1.0,0.1666666666666666,0.054054054054054,False,28,1,1.0,1.0,True,527000.0,0.008283426345877797,0.005247840545832716,0.09001872183223376
9292c8471f83af23,2e75c4d7e1521fbd,63,14031.746031746032,0,3.9166666666666665,10,62,1.0,0.1612903225806451,0.0,False,48,3,1.0,1.0,True,884000.0,0.01828868850522457,0.001596546305212443,0.017587067258987732
9295bda703ebb07c,06bcb3d0402c09a7,25,381240.0,1,16.9,0,24,0.92,0.0,0.04,False,15,25,1.0,1.0,True,9531000.0,0.007997050327005617,0.003139397106886266,0.24828442866194386
93304041b749303c,9b994bed56abdc1d,24,372166.6666666667,2,39.38333333333333,0,23,0.3333333333333333,0.0,0.0833333333333333,False,0,22,,1.0,False,8932000.0,0.004209727477421041,0.008977888191642802,0.05103220656302241
93cceee450c5b1f7,21f0cc10dbdfc10e,33,191787.8787878788,1,36.68333333333333,0,32,0.9393939393939394,0.0,0.0303030303030303,False,18,29,1.0,1.0,True,6329000.0,0.0032002520108966076,0.005595071468715185,0.1299359591627797
93e3e00b5d5a800a,1d9e42fbb42a2f56,34,78588.23529411765,1,11.9,0,33,0.7647058823529411,0.0,0.0294117647058823,False,34,3,1.0,1.0,True,2672000.0,0.018421137413952956,0.0028959774908449143,0.12269422558554946
93f706c50ef14859,7194bc1945d649c5,25,226080.0,0,36.18333333333333,0,24,0.92,0.0,0.0,False,17,22,1.0,1.0,True,5652000.0,0.0016788794106381531,0.00949694472584861,0.5653850146588725
9438bd68a45606cc,8e99132f3a1c9a94,25,289152.0,0,27.666666666666668,0,24,0.68,0.0,0.0,False,10,19,1.0,1.0,True,7228800.0,0.028927557606326048,0.010463463789542216,0.17865209967317336
94aa5e3e1edaecf6,75557b4b149ebca8,37,14810.81081081081,33,0.3166666666666666,31,36,0.0,0.8611111111111112,0.8918918918918919,True,37,11,1.0,1.0,True,548000.0,0.0011634025766682299,0.007223835076050733,0.00699831396118889
94dbe62247c234ed,cc4298be890c0669,24,66208.33333333333,0,31.183333333333334,0,23,0.5833333333333334,0.0,0.0,False,12,21,1.0,1.0,True,1589000.0,0.05716781276735886,0.007341965183835453,0.1828654068508303
94e1574bca1786db,1428d749f56b8aaf,27,112925.92592592593,0,13.1,0,26,1.0,0.0,0.0,False,19,26,1.0,1.0,True,3049000.0,0.01092166541973775,0.016219621768873038,0.21965398617519769
94ecd7fd76e7c13d,a46152929689409f,33,175875.75757575757,0,19.416666666666668,0,32,0.9393939393939394,0.0,0.0,False,23,0,1.0,,False,5803900.0,0.0044746252948778065,0.004123814671759374,0.24678453426310082
9541f41e54d906a5,4060021e2f2abea3,40,103975.0,5,5.1,0,39,1.0,0.0,0.125,False,25,0,1.0,,False,4159000.0,2.6847751769266842e-05,0.0019616757292744147,0.046761624181591036
95479e6cd7d7d3cb,70f099cf6f3c11ea,26,41961.53846153846,6,1.0666666666666669,10,25,0.0,0.4,0.2307692307692307,True,2,25,1.0,1.0,False,1091000.0,0.02260580698972268,0.11624360576045367,0.05134722018378181
95562397aeb4b9b5,5a27cfec6e51b6b2,36,187791.66666666663,1,36.35,0,35,0.7777777777777778,0.0,0.0277777777777777,False,5,34,1.0,1.0,True,6760500.0,0.004614233604077995,0.004292060582846813,0.051125278769155874
95e398e36aab68e3,756d52c374b178a1,26,179038.46153846153,0,52.68333333333333,0,25,1.0,0.0,0.0,False,7,23,1.0,1.0,True,4655000.0,0.020790898970120243,0.01553231932357979,0.32850193124827726
95e8e22fcdd42a00,9ce59858814d16b1,24,198666.66666666663,0,23.516666666666666,0,23,0.9166666666666666,0.0,0.0,False,7,24,1.0,1.0,True,4768000.0,0.01584375324410334,0.017354386743654082,0.3577194445737114
968ff0b5f9bc2cdd,367cfa7518afb41c,32,187343.75,0,9.45,0,31,0.25,0.0,0.0,False,26,4,1.0,1.0,True,5995000.0,0.02078373956964844,0.010087595264772542,0.28116039562847006
96edf80250e13e6b,48f2ff4f28a57bf5,26,126615.3846153846,1,17.033333333333335,0,25,0.8076923076923077,0.0,0.0384615384615384,False,21,0,1.0,,False,3292000.0,0.003146556507358074,0.006683300340429521,0.28891760603967026
9715aaceb208ed3b,72e5f7c066605741,25,217720.0,11,92.9,0,24,0.84,0.0,0.44,True,9,25,1.0,1.0,True,5443000.0,0.0071021252680300555,0.0020869652375310466,0.010101914065716137
9747f89401aacff5,a205272751dfdc7a,40,132375.0,5,12.516666666666667,0,39,1.0,0.0,0.125,False,36,40,1.0,1.0,True,5295000.0,0.0008841859582678546,0.003715728844866484,0.09857420539604013
974b89f550b91ad6,c6cdf6ec0db220ec,32,106906.25,0,19.066666666666663,0,31,1.0,0.0,0.0,False,30,32,1.0,1.0,True,3421000.0,0.011225939939789441,0.0035940190368458635,0.05668455323551206
97adf94c03d00348,39670633bf96fc34,28,212107.14285714287,1,33.11666666666667,0,27,0.9285714285714286,0.0,0.0357142857142857,False,25,28,1.0,1.0,True,5939000.0,0.0017075170125253711,0.005469781960458664,0.7596947231638822
97e064518e105a83,65cc0724efd3100e,39,159743.58974358975,0,35.5,0,38,0.9230769230769232,0.0,0.0,False,26,0,1.0,,False,6230000.0,0.0037121491446306287,0.004399451589923831,0.32898519078012406
98032a135fe2c389,8cd86353603bf27b,48,115604.16666666669,0,8.483333333333333,0,47,0.0625,0.0,0.0,False,28,1,1.0,1.0,True,5549000.0,0.024431454110032825,0.003440091926702027,0.03280795266204408
98122b8e7b071a97,f4c769ed0ecb34a5,32,133156.25,2,9.316666666666666,0,31,0.21875,0.0,0.0625,False,27,32,1.0,1.0,True,4261000.0,0.017415241647664424,0.01406106252662398,0.3030824798731354
98224bca8a0b259b,bb692f6295b2c650,27,177851.85185185185,0,8.9,0,26,0.4444444444444444,0.0,0.0,False,17,25,1.0,1.0,True,4802000.0,0.044635282241465096,0.010792796211245292,0.2556944081502615
986069fb36c40bb9,a3c48da7d520bac5,30,179600.0,0,22.5,0,29,0.7666666666666667,0.0,0.0,False,27,30,1.0,1.0,True,5388000.0,0.004238365079308259,0.004753841913278212,0.4774890550665287
98e1dbccc7c2d84d,e51fea4ca35416df,57,34526.31578947369,0,2.316666666666667,23,56,0.6666666666666666,0.4107142857142857,0.0,True,15,57,1.0,0.9824561403508772,False,1968000.0,0.005290796948663519,0.003883974755953923,0.03580416175949426
98fabf0e8e62d7f1,df2c32335cc53af8,26,96653.84615384616,0,8.25,0,25,0.8846153846153846,0.0,0.0,False,20,25,1.0,1.0,True,2513000.0,0.007259632078409754,0.021778896235229217,0.26294330112796355
99cb4e7a2931c50d,56ba63c6cb7640d7,26,116711.53846153848,0,15.783333333333331,0,25,0.9615384615384616,0.0,0.0,False,25,26,1.0,1.0,True,3034500.0,0.0116376054669182,0.003733627346045987,0.35943054128647267
99cb7cb6b4101950,5db69378b6704acf,37,215594.5945945946,1,20.05,0,36,0.945945945945946,0.0,0.027027027027027,False,32,37,1.0,1.0,True,7977000.0,0.004800378016344912,0.004721624611155106,0.6964485793959614
99f0dc6801807f17,259cc7f64bdbcb01,31,176112.90322580645,0,62.61666666666667,0,30,0.7096774193548387,0.0,0.0,False,28,29,1.0,0.9655172413793104,False,5459500.0,0.020157292028365546,0.0028243834861269024,0.31190286125439853
9a6ee10ce7b66600,25cd2d0227ef226b,34,116455.88235294116,0,3.1666666666666665,1,33,0.5294117647058824,0.0303030303030303,0.0,False,32,33,1.0,1.0,True,3959500.0,0.01895809244933829,0.004846914119411627,0.21404459590553887
9a7dd9400946b6af,5ece3994f1efb680,24,109416.66666666669,0,78.31666666666666,0,23,0.9583333333333334,0.0,0.0,False,21,24,1.0,1.0,True,2626000.0,0.035958088869638055,0.005294376648899424,0.09258536690137568
9b410f88dc89eccd,089df9834f04494a,36,214722.22222222225,1,26.933333333333334,0,35,0.8888888888888888,0.0,0.0277777777777777,False,19,36,1.0,1.0,True,7730000.0,0.0016681403099304464,0.006003157295608075,0.3464756061327424
9b44fe56e1ed7703,00dec2344ef326bf,30,34000.0,27,1.2166666666666666,4,29,0.9,0.1379310344827586,0.9,True,29,30,1.0,1.0,True,1020000.0,0.00559507146871521,0.025118756555326027,0.020407871044878702
9bda8bf90cebeba4,dad74dcd87a15af5,38,122157.8947368421,0,27.183333333333334,0,37,0.7631578947368421,0.0,0.0,False,0,0,,,False,4642000.0,0.01818487719838341,0.00767487730577443,0.024026947983375874
9bdb1d5be0e126d4,833ff89fa9174ec9,27,31925.925925925927,0,1.5833333333333333,23,26,0.0,0.8846153846153846,0.0,True,1,27,1.0,1.0,False,862000.0,0.08838995822489824,0.005387448855032839,0.11050892598253823
9c73fa55fe07a56d,a2df255f1a933354,35,152845.7142857143,0,14.316666666666666,0,34,0.9714285714285714,0.0,0.0,False,30,35,1.0,1.0,True,5349600.0,0.010053588112531457,0.006833647750337346,0.9061545786155867
9c8688935f340e53,6bee3f20a83ae153,35,195485.7142857143,0,37.61666666666667,0,34,1.0,0.0,0.0,False,2,35,1.0,1.0,False,6842000.0,0.016566852691755594,0.005852809885700139,0.06561590532408816
9c93e0c8cc8a3817,2f16d5c12ed95d2f,58,34017.24137931035,0,1.1,8,57,0.0,0.1403508771929824,0.0,False,37,58,1.0,1.0,True,1973000.0,0.02634659373624053,0.0029997887976860316,0.04095535039895759
9cab892ccb1cd9f6,58efadb936d67148,29,112448.27586206896,24,0.35,22,28,1.0,0.7857142857142857,0.8275862068965517,True,28,19,1.0,1.0,True,3261000.0,2.1478201415413472e-05,0.0006765633445855457,0.017737414668895626
9d166dfb0ccb4bfb,0d45734ef1a7d945,26,177461.53846153847,2,22.4,0,25,0.1923076923076923,0.0,0.0769230769230769,False,19,25,1.0,1.0,True,4614000.0,0.015124233496686987,0.0037730040486410044,0.02874499289429503
9d279554ac73d54b,b1c807470a8f1f06,30,252700.0,0,36.13333333333333,0,29,0.9,0.0,0.0,False,26,27,1.0,1.0,True,7581000.0,0.0010667506702988691,0.003776583748876905,0.5065025254785164
9d4234a0593d9077,b041109911d8eeb1,43,205279.06976744183,4,5.866666666666666,0,42,0.0232558139534883,0.0,0.0930232558139534,False,40,42,1.0,1.0,True,8827000.0,0.004603494503370288,0.009128235601550738,0.034859120897216066
9dfdc0d0b231720d,970440ffbfa659ff,26,193923.0769230769,0,18.616666666666667,0,25,0.2307692307692307,0.0,0.0,False,9,22,1.0,1.0,True,5042000.0,0.04699788439716058,0.00632891001707514,0.04293850432964744
9e2cbec160b2762e,55c7ddae72a7001d,25,155200.0,1,86.13333333333334,0,24,0.88,0.0,0.04,False,13,25,1.0,1.0,True,3880000.0,0.02791450243956571,0.005308695449843026,0.08705115033667081
9e3273818904e074,bb08017e459a3c4c,41,136292.68292682926,0,18.416666666666668,0,40,0.8536585365853658,0.0,0.0,False,15,41,1.0,1.0,True,5588000.0,0.011576750562907863,0.0028673398889577095,0.013649396999495262
9e95ba7c6cd9cbe0,9f7404280a7b9d1b,34,149352.9411764706,3,30.683333333333334,0,33,1.0,0.0,0.088235294117647,False,32,32,1.0,1.0,True,5078000.0,0.0020332697339924756,0.0034365122264661263,0.25257290954455475
9e9b5a41e434cae3,ce14033dc2f3c614,24,69791.66666666667,0,7.25,0,23,0.5416666666666666,0.0,0.0,False,20,0,1.0,,False,1675000.0,0.008068644331723662,0.009829856847787588,0.2794886756183037
9eb52f768dc73fe0,4982cf473c0781a2,26,199730.7692307692,2,86.65,0,25,0.8846153846153846,0.0,0.0769230769230769,False,18,25,1.0,1.0,True,5193000.0,0.0032861648165582614,0.01347757138817196,0.6780131231810648
9f4c278b398dfc78,b66260b5d899c74e,25,74240.0,0,96.33333333333331,0,24,0.84,0.0,0.0,False,23,0,1.0,,False,1856000.0,0.04418424001174142,0.007209516275107131,0.24307238511847018
9f64355214043553,29f3682c09195c08,36,190805.5555555556,0,19.316666666666663,0,35,0.0833333333333333,0.0,0.0,False,17,0,1.0,,False,6869000.0,0.022885023608123056,0.006597387534767796,0.04669360987710889
9f75ba1d31c0f792,0b03c47467505a9d,27,174592.59259259258,23,1.15,4,26,0.8888888888888888,0.1538461538461538,0.8518518518518519,True,20,27,1.0,1.0,True,4714000.0,0.0005441144358571413,0.0003973467261851882,0.17240910246175986
9f9d4a9705b4177a,13640c4d9fa506d2,36,218805.5555555556,0,12.383333333333333,0,35,0.9722222222222222,0.0,0.0,False,29,36,1.0,1.0,True,7877000.0,0.0037586852476973577,0.0036727724420356767,0.5638171059555472
9fb2557b28325246,0ed2d8915d095d8c,24,254625.0,0,4.5,1,23,1.0,0.0434782608695652,0.0,False,14,24,1.0,1.0,True,6111000.0,0.0022480517481466102,0.0041345537724670756,0.22355227973209524
a021baca9e0218b4,62cbd875b6933599,29,382551.724137931,1,54.03333333333333,0,28,0.8620689655172413,0.0,0.0344827586206896,False,0,27,,1.0,False,11094000.0,0.028891760603967025,0.0023268051533364975,0.01655969329128379
a05727c02430e0dc,d738647a815bde1d,36,89375.0,0,14.45,0,35,0.9166666666666666,0.0,0.0,False,33,25,1.0,1.0,True,3217500.0,0.0014569379960122138,0.0030785422028759557,0.06810737668827613
a0b43bafe3582324,3c0f644d605d7bab,46,103565.21739130437,2,3.5166666666666666,1,45,0.1304347826086956,0.0222222222222222,0.0434782608695652,False,39,0,1.0,,False,4764000.0,0.00457485690148307,0.0037873228495846067,0.12773444351769983
a0eb238ebba69ff0,b0ffa84b788e793b,25,95320.0,0,27.25,0,24,0.48,0.0,0.0,False,14,25,1.0,1.0,True,2383000.0,0.0376190697790967,0.02039355224393513,0.08115538404813981
a0f20fe5f89c78e1,b81c98b195a255c1,29,181931.0344827586,0,33.083333333333336,0,28,1.0,0.0,0.0,False,25,29,1.0,1.0,True,5276000.0,0.004488944095821416,0.006930299656706773,0.44833239664510494
a11502a6311025e9,abdb5588447a9c63,29,233620.6896551724,1,54.583333333333336,0,28,0.9310344827586208,0.0,0.0344827586206896,False,22,28,1.0,0.9642857142857144,False,6775000.0,0.0013781845908223645,0.005885027187823244,0.663722959839343
a137af2f9bba00ff,70603247eb9ab05d,24,113666.66666666669,3,24.33333333333333,0,23,0.75,0.0,0.125,False,14,22,1.0,1.0,True,2728000.0,0.02412002018950933,0.0141147580301626,0.11629730126399215
a142b4189f7eae03,6fdca7ffa7e5b84e,25,127760.0,0,14.35,0,24,1.0,0.0,0.0,False,2,18,1.0,1.0,False,3194000.0,0.010681825503932301,0.004839754718939826,0.1495204991534009
a14a61d5fddec080,a8c69b5d256a31a6,38,183210.52631578947,1,25.35,0,37,0.9473684210526316,0.0,0.0263157894736842,False,26,33,1.0,1.0,True,6962000.0,0.001967045279628284,0.004725204311391007,0.4574033570428812
a14b1a86c52d0c12,789cb9bc304669be,41,163634.1463414634,0,16.866666666666667,0,40,0.926829268292683,0.0,0.0,False,23,41,1.0,1.0,True,6709000.0,0.0016645606096945442,0.0032038317111324766,0.2706217581339739
a182e342a3c6a2d9,46968368c9f1ae1e,25,144000.0,0,17.766666666666666,0,24,1.0,0.0,0.0,False,0,19,,1.0,False,3600000.0,0.057128436064763935,0.005960200892777268,0.09903240702623563
a1b243a4e3507797,5715f8e841870bc3,37,236621.62162162163,0,9.616666666666667,0,36,0.918918918918919,0.0,0.0,False,31,37,1.0,1.0,True,8755000.0,0.003003368497921984,0.0029818902965065286,0.4292346958865665
a1bf1b3f5d73cf83,e12c294b3d7673e8,25,132000.0,1,19.95,0,24,1.0,0.0,0.04,False,12,0,1.0,,False,3300000.0,0.005380289454561075,0.005437564658335559,0.0755638922796605
a1e095a2cf09d0e7,30a2435223bf08af,24,173916.66666666666,1,26.666666666666668,0,23,1.0,0.0,0.0416666666666666,False,23,24,1.0,1.0,True,4174000.0,0.00553063686446897,0.00697325605953758,0.3282799898336513
a1ebf0c77ed0f64c,2190a442d92fb068,27,98111.11111111112,0,13.15,0,26,0.7037037037037037,0.0,0.0,False,25,27,1.0,1.0,True,2649000.0,0.03576120535666343,0.017472516851438913,0.3340826839160489
a20e97d1d6967047,b3233f317abbd2a7,34,14264.70588235294,2,6.75,0,33,0.7058823529411765,0.0,0.0588235294117647,False,20,34,1.0,1.0,True,485000.0,0.01617666536604225,0.00937165521759209,0.05638743811593217
a239ea5a3795d5e7,23455147e08d8329,25,227520.0,3,21.433333333333334,0,24,1.0,0.0,0.12,False,4,25,1.0,1.0,True,5688000.0,0.000977258164401313,0.0067763725465629365,0.20934086979556332
a2cd81a3cd459c1b,1700f86a58b5346a,28,72500.0,0,11.55,0,27,0.9285714285714286,0.0,0.0,False,23,26,1.0,1.0,True,2030000.0,0.016441563183499014,0.020926927579084542,0.27821788203455844
a2d092c888e689fe,7e89094fd8404208,24,236916.66666666663,1,82.36666666666666,0,23,0.0,0.0,0.0416666666666666,False,17,23,1.0,1.0,True,5686000.0,0.0218433308394755,0.02847293567636644,0.07720697468793963
a2ff982d593ef5d9,13114fb87acddf53,31,374258.064516129,1,21.45,0,30,0.9032258064516128,0.0,0.032258064516129,False,17,31,1.0,1.0,True,11602000.0,0.01165550396809771,0.005720360976971817,0.04285975092445759
a35114f61101aec4,98fa8bf060e2819a,29,253620.6896551724,0,42.016666666666666,0,28,0.6896551724137931,0.0,0.0,False,23,29,1.0,1.0,True,7355000.0,0.017318589741295062,0.006114128002920993,0.19779275683454267
a3def0add97e8d24,811c3bc8b0fff1ba,24,325666.6666666667,2,42.65,0,23,0.8333333333333334,0.0,0.0833333333333333,False,19,23,1.0,1.0,True,7816000.0,0.0024377758606494294,0.0025666450691419485,0.08188922259649976
a3e9c92846bd9113,9a08edeed492e00c,31,186193.5483870968,0,9.466666666666669,0,30,0.4193548387096774,0.0,0.0,False,29,29,1.0,1.0,True,5772000.0,0.0086091790673449,0.007771529212143746,0.9901594040515047
a44961db886bba15,6776db9fdc2b706c,27,81037.03703703704,21,23.766666666666666,0,26,0.9629629629629628,0.0,0.7777777777777778,True,4,26,1.0,0.9615384615384616,False,2188000.0,0.0062573160123571255,0.0018757629236128004,0.026282159131994286
a4a40f968bbe1944,9654ac59ac5ae8fd,25,156320.0,0,41.73333333333333,0,24,0.12,0.0,0.0,False,17,16,1.0,0.0,False,3908000.0,0.008909873887160689,0.011236679040497188,0.28068787519733096
a5121a67d3607b1c,85530766e9e03136,24,232875.0,0,26.65,0,23,0.7083333333333334,0.0,0.0,False,4,6,1.0,0.6666666666666666,False,5589000.0,0.03527078642434483,0.02800757464569914,0.14475591813941502
a53008c38937ae08,5f011ebc4cfaa010,27,462185.1851851852,0,32.28333333333333,0,26,0.925925925925926,0.0,0.0,False,13,26,1.0,1.0,True,12479000.0,0.019881655110201072,0.004463886194170152,0.1283179346561519
a55a58cd57481ec4,d2a0fa7b30a14a94,61,168459.0163934426,0,10.85,0,60,0.639344262295082,0.0,0.0,False,47,61,1.0,1.0,True,10276000.0,0.0052371014451249856,0.0016860388111099578,0.017809008673613673
a5881e889882abc2,a642d028cc122e3c,42,173166.66666666666,0,24.066666666666663,0,41,0.8809523809523809,0.0,0.0,False,34,42,1.0,1.0,True,7273000.0,0.01395009181931105,0.0036835115427433784,0.44343536672239064
a5abe6f30ff16e61,cc9516a3e869f39c,24,146583.33333333334,0,57.05,0,23,0.8333333333333334,0.0,0.0,False,12,22,1.0,1.0,True,3518000.0,0.019921031812795996,0.015034740990789386,0.21371526348383588
a5bb2923d6f388f8,d96feea9900f02e6,27,138259.25925925927,0,25.433333333333334,0,26,1.0,0.0,0.0,False,0,0,,,False,3733000.0,0.004939986325545099,0.016914083614638087,0.3755893081513354
a5e3a9fbe3d16a78,7e272f93c1c7c21c,26,178961.53846153847,3,13.866666666666667,0,25,0.9615384615384616,0.0,0.1153846153846153,False,4,23,1.0,1.0,True,4653000.0,0.006958937258593965,0.010495681091665432,0.46144841830945077
a6052a3c47ad0aef,f276efada16ade43,28,118750.0,0,19.23333333333333,0,27,1.0,0.0,0.0,False,2,28,1.0,1.0,False,3325000.0,0.010338174281285684,0.01294419605302255,0.27033180241486576
a6362216194c7591,4f7f4c1947224b7e,47,204340.4255319149,0,8.45,0,46,1.0,0.0,0.0,False,42,45,1.0,1.0,True,9604000.0,0.006160664105987764,0.00222657354673117,0.08450956316918021
a671ba23b6de84ed,0d3ea0eca111512a,26,276538.4615384616,0,46.56666666666667,0,25,0.9230769230769232,0.0,0.0,False,23,26,1.0,1.0,True,7190000.0,0.01627689697264751,0.005874288087115542,0.70624263924139
a696885e95c930a9,f1ec726d8a9dff1c,25,156880.0,2,19.166666666666668,0,24,0.92,0.0,0.08,False,23,22,1.0,1.0,True,3922000.0,0.005552115065884383,0.00796841272511839,0.4005827751984049
a6a92948fcfcc6ec,eed506d81f47782b,25,167480.0,5,22.666666666666668,0,24,0.72,0.0,0.2,False,9,22,1.0,1.0,True,4187000.0,0.005367760503735417,0.01341313678392575,0.05815223033223198
a7bcfa41a7ab7a2b,842986a5254f5046,52,212269.2307692308,0,13.683333333333334,0,51,0.6730769230769231,0.0,0.0,False,48,51,1.0,1.0,True,11038000.0,0.006658242438778177,0.0002004632132105444,0.03255021424505912
a7c609061725ab07,249bca4a4ce03d14,25,99760.0,0,11.5,0,24,1.0,0.0,0.0,False,24,25,1.0,1.0,True,2494000.0,0.022061692553865538,0.010620970599921953,0.4829910543291105
a7f15e6584e04d53,c27d08e889e37357,27,158481.4814814815,1,31.183333333333334,0,26,0.2222222222222222,0.0,0.037037037037037,False,7,26,1.0,1.0,True,4279000.0,0.032195823921704794,0.00878816407913996,0.0585102003558222
a818cd2d34b3f9a9,51da6711b5df2670,25,144720.0,1,25.4,0,24,1.0,0.0,0.04,False,21,25,1.0,1.0,True,3618000.0,0.013785425608459547,0.015052639491968889,0.6317884540348592
a87aee85aeec56c9,1a43190a01b8252e,25,182920.0,0,22.6,0,24,0.52,0.0,0.0,False,22,25,1.0,1.0,True,4573000.0,0.011666243068805418,0.008641396369468035,0.4367484866817253
a8c4aea433d93130,478ed6c1dd942098,28,348035.71428571426,1,44.93333333333333,0,27,0.9642857142857144,0.0,0.0357142857142857,False,12,0,1.0,,False,9745000.0,0.006447040124859944,0.005541375965176676,0.2223852974551911
a8c7587466510e33,bdfb93bc5ad8f39b,33,234272.7272727273,1,18.466666666666665,0,32,0.8787878787878788,0.0,0.0303030303030303,False,27,32,1.0,1.0,True,7731000.0,0.0018865020243204833,0.0018686035231409992,0.19871989919564137
a8d353522cb0b70a,627c630c7b3b8633,25,36320.0,0,3.433333333333333,4,24,1.0,0.1666666666666666,0.0,False,9,0,1.0,,False,908000.0,0.02976162776129127,0.012518211724950157,0.14758388132577777
a8d353522cb0b70a,6b064c925f03dd1b,44,37500.0,1,2.9166666666666665,4,43,1.0,0.0930232558139534,0.0227272727272727,False,17,0,1.0,,False,1650000.0,0.002813644385419165,0.004957884826724657,0.01780542897337777
a99b8c1d73c1aa02,580f279620d86062,27,178629.62962962964,3,15.216666666666669,0,26,0.9629629629629628,0.0,0.1111111111111111,False,21,26,1.0,1.0,True,4823000.0,0.00026310796733881506,0.0039054529573693264,0.0777868861261558
a9f9147ffc42f003,6870e900d4ed19c3,28,146000.0,0,44.766666666666666,0,27,0.0,0.0,0.0,False,8,27,1.0,1.0,True,4088000.0,0.06764559535784473,0.0043385966859135205,0.016344911277129653
aa929b3ec727ec4f,f1cc09a62c35963f,47,165021.27659574468,1,25.05,0,46,0.9148936170212766,0.0,0.0212765957446808,False,40,1,1.0,1.0,True,7756000.0,0.003160875308301683,0.002738470680465177,0.24543856697440156
aaa09484f8ee3af4,8b57b528cdc0b3cc,29,145517.24137931035,3,6.266666666666667,0,28,0.9655172413793104,0.0,0.1034482758620689,False,26,0,1.0,,False,4220000.0,0.0007481573493035693,0.007037690663783791,0.7331226083127799
aaad445eb1f6e970,46d0b26c5fbd5c1f,24,150750.0,0,15.483333333333333,0,23,0.6666666666666666,0.0,0.0,False,21,0,1.0,,False,3618000.0,0.02209390985598866,0.007420718589025377,0.7359469917989068
aaec82964a8db8c3,f5070e51004d8b10,24,163208.33333333334,22,26.78333333333333,0,23,1.0,0.0,0.9166666666666666,True,13,0,1.0,,False,3917000.0,0.0002684775176926684,0.00030069481981576107,0.17211198734217997
aaf2ccbefd40f09d,1e30b14ed1c9bf55,24,47041.66666666666,3,4.783333333333333,1,23,0.4166666666666667,0.0434782608695652,0.125,False,8,24,1.0,1.0,True,1129000.0,0.021925663944901252,0.02618550722562496,0.08224361291985409
ab523274f635601c,b32d99ee945b8d89,61,72475.40983606558,7,4.1,1,60,0.9836065573770492,0.0166666666666666,0.1147540983606557,False,57,1,1.0,1.0,True,4421000.0,0.0004743102812570475,0.0019652554295103153,0.027044635282241464
ab7b5ee3537bf30f,9223cf4e86e0b67e,26,142384.61538461538,0,25.2,0,25,1.0,0.0,0.0,False,22,0,1.0,,False,3702000.0,0.0014461988953045073,0.005906505389238759,0.45412435162679476
abc4273310828175,93b3b246a87491f2,26,168730.76923076922,0,15.983333333333333,0,25,1.0,0.0,0.0,False,19,26,1.0,1.0,True,4387000.0,0.02668666525865124,0.015253102705179433,0.5555802157127362
abca6b2b4cd2fba6,844120cb4d4f9013,38,147473.68421052632,0,46.71666666666667,0,37,0.7631578947368421,0.0,0.0,False,38,37,1.0,1.0,True,5604000.0,0.005566433866827992,0.002058327635643842,0.06758832015407029
abd62a29b4b11973,866afbf672fbbc24,26,166538.46153846153,0,10.083333333333334,0,25,0.9615384615384616,0.0,0.0,False,1,26,1.0,1.0,False,4330000.0,0.017973674884465173,0.015321117009661656,0.44782765891184273
ac05827af39af85b,3f5eed28ac3266b9,34,321382.35294117645,0,4.4,1,33,0.4705882352941176,0.0303030303030303,0.0,False,30,34,1.0,1.0,True,10927000.0,0.012360704914570454,0.0043922921894520295,0.03880395055718034
ac27f19dd5c1c35a,accc67efbd73deb7,26,66000.0,0,23.45,0,25,0.2692307692307692,0.0,0.0,False,21,26,1.0,1.0,True,1716000.0,0.04004610653903842,0.03138681166839086,0.30804036469986
ac474e6e42eaf1ee,807b413c68798c5c,29,206000.0,0,27.73333333333333,0,28,0.9310344827586208,0.0,0.0,False,19,26,1.0,1.0,True,5974000.0,0.00820825264092385,0.011845228080600512,0.4599485239106077
ac5841a1105233bf,7519969e1285bffd,43,76023.25581395348,1,10.966666666666669,0,42,0.9767441860465116,0.0,0.0232558139534883,False,29,43,1.0,1.0,True,3269000.0,0.006214359609526298,0.0022122547457875674,0.04202926046972826
ac5ad23248702f61,243ea0e71a4e1e1e,28,12250.0,23,0.6666666666666666,25,27,1.0,0.925925925925926,0.8214285714285714,True,12,28,1.0,1.0,True,343000.0,0.0005655926372725548,0.006407663422265064,0.022505575383117416
ac5ad23248702f61,31195016ed4e705a,31,11516.129032258064,18,0.8,28,30,1.0,0.9333333333333332,0.5806451612903226,True,3,31,1.0,1.0,True,357000.0,0.0008501788060267833,0.008419454954842087,0.013892816615536615
ac5ad23248702f61,7a529c8033873ce1,26,12076.923076923076,17,0.95,20,25,0.9615384615384616,0.8,0.6538461538461539,True,8,25,1.0,1.0,True,314000.0,0.0009271423610986816,0.01815623959649615,0.03120066725612397
ac5ad23248702f61,9cba5e1709f5e9c7,25,11000.0,25,0.6,24,24,1.0,1.0,1.0,True,25,25,1.0,1.0,True,275000.0,0.002201515645079881,0.01599410065401119,0.07664138205066708
ac9cea5c6538b858,b39d1a294c535b7b,24,182208.3333333333,0,26.416666666666668,0,23,0.4583333333333333,0.0,0.0,False,21,24,1.0,1.0,True,4373000.0,0.010839332314312,0.01528889970753844,0.4722018378181011
aca40c1e080488b8,49c43c61b5af61c2,30,65266.66666666666,0,31.4,0,29,0.8666666666666667,0.0,0.0,False,4,1,1.0,1.0,True,1958000.0,0.0366597101158749,0.01681385200803287,0.08690796232723472
ad1cffd8013d5725,3cf9f09dd83c2da7,27,264370.3703703704,0,69.55,0,26,0.925925925925926,0.0,0.0,False,22,27,1.0,1.0,True,7138000.0,0.006396924321557313,0.0051189713373401835,0.8398549505464412
ad2ea65274438190,dca039c333f4454c,31,185774.1935483871,0,59.78333333333333,0,30,0.6129032258064516,0.0,0.0,False,31,30,1.0,1.0,True,5759000.0,0.007066328265671033,0.002444935261121217,0.06469592236346128
ad3b2a30813cdca9,2ae3a3f1742e7a00,43,224325.58139534885,7,4.833333333333333,1,42,0.8837209302325582,0.0238095238095238,0.1627906976744186,False,28,42,1.0,1.0,True,9646000.0,0.0004689407309031942,0.001950936628566713,0.02723077969450838
adae741af85347cf,ea7b62e5224eee01,39,188051.2820512821,0,13.683333333333334,0,38,1.0,0.0,0.0,False,34,39,1.0,1.0,True,7334000.0,0.00495788482672461,0.00015750681037973724,0.008866917484329863
adb0fe6e6c3efdf1,4fd0ed8fda975166,32,190250.0,1,30.78333333333333,0,31,0.90625,0.0,0.03125,False,29,31,1.0,1.0,True,6088000.0,0.0018292268205460475,0.0029031368913167155,0.21672937108246557
add6a3a2b1dc1b52,5d3cc2f0f24da340,30,165233.33333333334,3,11.916666666666666,0,29,1.0,0.0,0.1,False,14,7,1.0,1.0,True,4957000.0,0.0019151396262077013,0.007188038073691727,0.11073444709740006
ade4d13800f8a43a,666b6f22676c9f74,37,182351.35135135136,0,14.383333333333333,0,36,0.972972972972973,0.0,0.0,False,32,35,1.0,1.0,True,6747000.0,0.002795745884239654,0.0028208037858910018,0.20975611502292799
ae2c1367bdc35375,939af4a5345926be,24,211208.3333333333,0,27.3,0,23,0.9583333333333334,0.0,0.0,False,17,18,1.0,1.0,True,5069000.0,0.00978690044495674,0.007198777174399429,0.09853124899320931
ae5b9727ea1eef60,fb538bfe9fe37e7c,25,256400.0,0,35.083333333333336,0,24,0.36,0.0,0.0,False,12,20,1.0,1.0,True,6410000.0,0.026661607356999927,0.012221096605370296,0.20889698696631145
ae5c614e16775356,7c77afbc59fe37df,35,147428.57142857142,0,21.683333333333334,0,34,0.8857142857142857,0.0,0.0,False,29,35,1.0,1.0,True,5160000.0,0.003615497238261268,0.006396924321557362,0.8360318306944976
ae82720bffc0e63b,123db36b75b96262,24,267375.0,11,28.633333333333333,0,23,0.75,0.0,0.4583333333333333,True,17,23,1.0,1.0,True,6417000.0,0.003851757453830816,0.003998525163502853,0.010474202890249971
aee100df5ccb4453,a6daa1d84c997009,24,146958.33333333334,0,16.666666666666668,0,23,0.9583333333333334,0.0,0.0,False,19,23,1.0,1.0,True,3527000.0,0.003178773809481194,0.016831750509212373,0.7824938339663436
af34b6cdd43a7866,85aae838958cb6ba,26,126076.92307692308,1,59.31666666666667,0,25,1.0,0.0,0.0384615384615384,False,7,25,1.0,1.0,True,3278000.0,0.017433140148843937,0.004080858268928567,0.08165296238093023
af6aec0451123935,a29f77f258fcb9db,37,164405.4054054054,1,17.833333333333332,0,36,0.918918918918919,0.0,0.027027027027027,False,25,25,1.0,1.0,True,6083000.0,0.0075388486968101295,0.005369550353853336,0.30827304521519366
af8e28b96b7dcdf7,1d5e1318d8611835,39,184315.38461538465,0,16.35,0,38,0.7948717948717948,0.0,0.0,False,14,1,1.0,1.0,True,7188300.0,0.0077679495119078725,0.0060675918998542855,0.07015138552297631
b000369895322197,3b741f6e7b796df3,47,423574.4680851064,4,6.366666666666666,0,46,0.6808510638297872,0.0,0.0851063829787234,False,41,1,1.0,1.0,True,19908000.0,0.00042777417819031836,0.00024341961604135154,0.004445987692990589
b083acc16a028d34,892ee7c515f949ca,26,147000.0,2,58.7,0,25,0.3076923076923077,0.0,0.0769230769230769,False,0,25,,1.0,False,3822000.0,0.026521999047799737,0.030674451321446305,0.1461985373344836
b08523ead717660e,093d104d8bceda7e,30,165766.66666666666,1,37.516666666666666,0,29,0.9666666666666668,0.0,0.0333333333333333,False,8,0,1.0,,False,4973000.0,0.00854474446309866,0.003157295608065769,0.05919034340064363
b0afae092d6d20bf,35708a79cdb5f71b,25,292440.0,1,25.45,0,24,0.92,0.0,0.04,False,16,0,1.0,,False,7311000.0,0.000655085143170111,0.002430616460177615,0.23277716724001532
b12493d88be32d0a,8e8ffc00208da9f2,33,95515.15151515152,0,29.166666666666668,0,32,0.8484848484848485,0.0,0.0,False,23,0,1.0,,False,3152000.0,0.005111811936868407,0.008111600734554525,0.3321245878870103
b1272ce5af1cf2ff,99ad6e58b74c1f6c,28,141714.2857142857,1,11.416666666666666,0,27,0.6428571428571429,0.0,0.0357142857142857,False,11,27,1.0,1.0,True,3968000.0,0.02545882807773677,0.02161065032414189,0.22655922793025313
b19d7ba8ee0cdd68,f14ecb532ab90766,39,198717.94871794872,1,31.066666666666663,0,38,0.9743589743589745,0.0,0.0256410256410256,False,36,39,1.0,1.0,True,7750000.0,0.001967045279628284,0.0027814270832960952,0.3797131228230948
b20c7af38575ccde,c84612e33e119d5d,32,327875.0,3,19.15,0,31,0.625,0.0,0.09375,False,9,30,1.0,1.0,True,10492000.0,0.0009951566655808243,0.004778899814929516,0.035922291867279035
b24d7599b4d519da,69bc51ae419557aa,31,389935.48387096776,0,53.81666666666667,0,30,1.0,0.0,0.0,False,10,31,1.0,1.0,True,12088000.0,0.010216464473265009,0.004403031290159731,0.09996312908757021
b288da9b7b872b58,8fa804b283bd05df,26,179000.0,4,37.05,0,25,0.8461538461538461,0.0,0.1538461538461538,False,11,26,1.0,1.0,True,4654000.0,0.004829015618232129,0.015521580222872089,0.15961883351888112
b2b52f06fbf696ca,8123f6236b9c526b,24,150958.33333333334,4,15.233333333333333,0,23,0.9583333333333334,0.0,0.1666666666666666,False,18,23,1.0,0.9565217391304348,False,3623000.0,0.010463463789542264,0.012818906544765918,0.12023139182324873
b2caab06ee8c4742,6b8c672248bce12e,29,127482.75862068964,0,37.766666666666666,0,28,0.8275862068965517,0.0,0.0,False,18,0,1.0,,False,3697000.0,0.010087595264772528,0.003121498605706763,0.027216460893564772
b31070cd3a53c6e6,bd7887fe3d3955da,26,95615.3846153846,0,29.9,0,25,1.0,0.0,0.0,False,24,26,1.0,1.0,True,2486000.0,0.010438405887890948,0.00902442429470951,0.20431855036459248
b37fea7171c50a4f,89017d591c4abd81,33,227696.9696969697,1,24.5,0,32,0.9393939393939394,0.0,0.0303030303030303,False,18,31,1.0,1.0,True,7514000.0,0.0012457356820939815,0.004213307177656889,0.23593804254831702
b3a852ae65f064c8,a4276b2b13f59fbb,29,291586.2068965517,1,9.383333333333333,0,28,0.9310344827586208,0.0,0.0344827586206896,False,27,29,1.0,1.0,True,8456000.0,0.0015679087033251835,0.003794482250056408,0.6729729052489145
b3ca1b3dd0b1312d,6d0c360cde7b0a60,24,330916.6666666667,0,42.23333333333333,0,23,0.75,0.0,0.0,False,16,24,1.0,1.0,True,7942000.0,0.013395238282746203,0.003543903233543255,0.04484290485514743
b3dc9f3d3c8a566e,046de647c0fd6a30,25,140640.0,0,30.966666666666665,0,24,0.92,0.0,0.0,False,0,0,,,False,3516000.0,0.003951989060436079,0.013935773018367459,0.33592980923777443
b42c75bed7ca4e27,b0b83b2a796e37f6,32,169743.75,0,18.28333333333333,0,31,0.9375,0.0,0.0,False,21,30,1.0,1.0,True,5431800.0,0.0063199607664854145,0.006525793530049784,0.39253202936786075
b431ff5520756ca9,8c679b35501a8dfd,24,167791.66666666666,1,102.38333333333334,0,23,0.9583333333333334,0.0,0.0416666666666666,False,21,0,1.0,,False,4027000.0,0.002827963186362774,0.005222782644181412,0.554123277716724
b451782b010807d6,3f8d20d3ad60b0d4,25,245720.0,4,18.616666666666667,0,24,0.92,0.0,0.16,False,23,25,1.0,1.0,True,6143000.0,0.0028959774908449165,0.005577172967535682,0.42935640569458716
b462d67276214df9,dcae20d008163960,29,195793.10344827583,1,33.4,0,28,0.7241379310344828,0.0,0.0344827586206896,False,18,28,1.0,1.0,True,5678000.0,0.008301324847057307,0.010638869101101456,0.17351880953488955
b484d702fe2a4a36,cd5afeb9f0f8112f,34,110676.4705882353,4,28.066666666666663,0,33,0.9411764705882352,0.0,0.1176470588235294,False,29,34,1.0,1.0,True,3763000.0,0.0016860388111099576,0.006937459057178574,0.26293256202725585
b4aa998e19a87052,030f7130d5de4396,24,327958.3333333333,0,35.1,0,23,0.0416666666666666,0.0,0.0,False,16,24,1.0,1.0,True,7871000.0,0.02684417206903094,0.006189301707875017,0.024195193894463278
b513bf29c23ba142,b590bdf0c644dbad,24,159583.33333333334,0,17.966666666666665,0,23,0.7083333333333334,0.0,0.0,False,18,0,1.0,,False,3830000.0,0.006540112330993403,0.008193933839980239,0.4158752546061793
b56ecfb0ec57fc4f,a326efee816d87ea,27,121037.03703703704,3,61.766666666666666,0,26,0.7777777777777778,0.0,0.1111111111111111,False,21,25,1.0,1.0,True,3268000.0,0.005419666157156,0.015800796841272557,0.1326457922413577
b598c6c3f2ff9f83,8e8330e8a1c49448,26,265230.76923076925,3,12.716666666666669,0,25,1.0,0.0,0.1153846153846153,False,0,26,,1.0,False,6896000.0,0.001385343991294169,0.006414822822736865,0.14466284593328155
b5b4a56620b19669,51b643c08a9ba25c,43,188976.7441860465,0,31.316666666666663,0,42,0.8372093023255814,0.0,0.0,False,35,0,1.0,,False,8126000.0,0.0024520946615930383,0.00031501362075936346,0.02490039484093602
b5d1bbee8ad1e4bf,fb2d8233b4054fc8,57,301052.63157894736,15,2.7666666666666666,1,56,1.0,0.0178571428571428,0.2631578947368421,False,34,57,1.0,0.9824561403508772,False,17160000.0,0.00013960830920018758,7.875340518981311e-05,0.0022516314483825126
b62beeb5e4a0a91d,4d3597b64605c678,43,128046.51162790698,0,16.3,0,42,1.0,0.0,0.0,False,40,43,1.0,1.0,True,5506000.0,0.0047466825128063776,0.0026632969755112645,0.1370882002341124
b64c5e2c8fa0dc03,8468c184e0987843,24,302166.6666666667,1,19.98333333333333,0,23,0.5833333333333334,0.0,0.0416666666666666,False,22,16,1.0,1.0,True,7252000.0,0.010771318009829858,0.016785214406145665,0.15927518229623452
b665094884f2a28c,72ad6ba462e34682,24,98791.66666666669,0,23.73333333333333,0,23,1.0,0.0,0.0,False,0,0,,,False,2371000.0,0.0029532526946193524,0.005763317379802624,0.05135795928448952
b6c69cd7507d1b50,63f6dad07e8a0cf9,30,181733.3333333333,0,50.083333333333336,0,29,0.1333333333333333,0.0,0.0,False,13,0,1.0,,False,5452000.0,0.023966093079365532,0.012926297551843047,0.1806459927045709
b7b01139b8f7e77a,c7ecd9a53adc9a28,26,129615.3846153846,1,4.316666666666666,2,25,0.0,0.08,0.0384615384615384,False,21,24,1.0,1.0,True,3370000.0,0.019856597208549757,0.049646862571728234,0.33881146792767575
b7e1f17cfd4ae123,b43e9d57be2ba9d6,31,130322.58064516127,0,66.78333333333333,0,30,0.967741935483871,0.0,0.0,False,29,31,1.0,1.0,True,4040000.0,0.010850071415019705,0.003146556507358067,0.06212211789384757
b7e9d097f77e6318,62e3a7ecb3c79a6b,44,156931.81818181818,0,12.016666666666667,0,43,0.8409090909090909,0.0,0.0,False,26,44,1.0,1.0,True,6905000.0,0.018081065891542243,0.003261106914906997,0.027792792631545035
b825604b83350b9a,03201fed1748fc48,25,118520.0,0,23.4,0,24,0.88,0.0,0.0,False,20,21,1.0,1.0,True,2963000.0,0.008437353456021594,0.007191617773927628,0.11485110236868765
b83e64a1b5a3c4ac,4e97f0765dd62740,24,116375.0,0,69.35,0,23,0.5833333333333334,0.0,0.0,False,23,24,1.0,1.0,True,2793000.0,0.005151188639463331,0.007252472677937938,0.2815326844530039
b84bd8e6d6190bb6,9c8fa2f3bd82df8c,33,135939.39393939395,0,25.416666666666668,0,32,0.9696969696969696,0.0,0.0,False,32,33,1.0,1.0,True,4486000.0,0.022609386689958582,0.006840807150809147,0.39546738356130057
b9162eacd69bdaf3,516d43dec7f530fd,24,553750.0,13,24.216666666666665,0,23,1.0,0.0,0.5416666666666666,True,15,23,1.0,1.0,True,13290000.0,0.00019151396262077013,0.00010739100707701787,0.009607915433161626
b97627cfdda0a279,3b41a9829e97d7d0,39,128112.82051282052,0,14.883333333333333,0,38,0.5641025641025641,0.0,0.0,False,34,38,1.0,1.0,True,4996400.0,0.01171635887210805,0.0049149284238937385,0.41166552712875826
b9f4c43160f1d998,b380d2f3f6d23f21,35,172057.14285714287,2,42.88333333333333,0,34,0.9714285714285714,0.0,0.0571428571428571,False,23,35,1.0,1.0,True,6022000.0,0.0014819958976635297,0.002534427767018843,0.14557924919367252
ba1d56f7a69fa168,00439b9754480c93,28,296428.5714285714,0,11.333333333333334,0,27,0.7857142857142857,0.0,0.0,False,27,28,1.0,1.0,True,8300000.0,0.019194352664907842,0.007524529895866494,0.1288155129889423
bb390758c5ca2c5a,a80b2077bb03a506,28,151785.7142857143,0,14.533333333333331,0,27,0.9285714285714286,0.0,0.0,False,20,28,1.0,1.0,True,4250000.0,0.004553378700067656,0.004650030606436983,0.46203548914813874
bb45a0b1195f681e,6d903b24d807a210,29,14034.48275862069,0,1.2666666666666666,11,28,0.1724137931034483,0.3928571428571428,0.0,True,22,6,1.0,1.0,True,407000.0,0.02574878379684485,0.006862285352224551,0.06690817710924887
bb5fe6f564f3c8e9,886410826ab6759d,33,101181.81818181818,0,10.633333333333333,0,32,1.0,0.0,0.0,False,31,33,1.0,1.0,True,3339000.0,0.012539689926365566,0.0047645810139859135,0.1535261837173755
bb6797b1cb41a827,a2cec49ba6db7b0e,26,277519.23076923075,0,42.73333333333333,0,25,0.9615384615384616,0.0,0.0,False,0,25,,1.0,False,7215500.0,0.03574688655571982,0.006647503338070515,0.10905556768676192
bbccf045f64f0148,09abe30cc08887b3,29,56448.27586206896,7,51.46666666666667,0,28,0.2413793103448276,0.0,0.2413793103448276,False,19,0,1.0,,False,1637000.0,0.0031895129101889006,0.006808589848686042,0.048712560810157755
bbed65f4b44c16c9,85f3d95e64193b5c,40,37475.0,0,3.8333333333333335,2,39,1.0,0.0512820512820512,0.0,False,35,0,1.0,,False,1499000.0,0.037071375643003654,0.0025773841698496502,0.24658765075012617
bc0a7a1253dd67d4,a7a3b73c89230b9e,26,239615.38461538465,0,33.5,0,25,0.8461538461538461,0.0,0.0,False,8,26,1.0,1.0,True,6230000.0,0.015374812513200145,0.011383446750169113,0.4622717493637083
bc1d24d069ed5d40,87f1045517bdd68e,27,236000.0,1,42.4,0,26,0.9629629629629628,0.0,0.037037037037037,False,20,20,1.0,1.0,True,6372000.0,0.015052639491968943,0.005426825557627857,0.23682938790705665
bcc5c8a35ea154da,4b08b0c26cd1955b,24,174541.66666666666,0,408.9166666666667,0,23,0.5,0.0,0.0,False,16,24,1.0,1.0,True,4189000.0,0.05647335092159383,0.0058993459887668465,0.1193973216682835
bcd5103d52442939,11e4b052a3c8f07a,25,142480.0,0,18.83333333333333,0,24,0.92,0.0,0.0,False,24,24,1.0,1.0,True,3562000.0,0.010481362290721776,0.01476268377286083,0.3723997952411465
bd9d5bd6a837d6e9,3ac1b109549cc988,35,12885.714285714286,23,7.5,0,34,1.0,0.0,0.6571428571428571,True,30,34,1.0,1.0,True,451000.0,0.0007588964500112761,0.003712149144630583,0.013198354769771579
bda92b40b3e4107c,b1fb6b76871ea033,27,91888.88888888888,0,14.9,0,26,0.0,0.0,0.0,False,13,0,1.0,,False,2481000.0,0.03852473393877997,0.01844977501584022,0.04207221687255909
bdb172840d4bd15f,2250e9c49725582a,24,167166.66666666666,1,64.2,0,23,1.0,0.0,0.0416666666666666,False,24,24,1.0,1.0,True,4012000.0,0.003590439336609952,0.00913897470225844,0.2324156175161892
bdfe04b4787b2ffb,9f92b359b9562716,32,106125.0,11,34.583333333333336,0,31,0.9375,0.0,0.34375,True,18,0,1.0,,False,3396000.0,0.00017540531155921002,0.0035761205356663606,0.012106546197821394
be2abdcdef98bb69,b3ad04538fb6a4ce,41,84439.0243902439,3,19.75,0,40,0.7804878048780488,0.0,0.073170731707317,False,19,40,1.0,1.0,True,3462000.0,0.01653463538963247,0.0005512738363289138,0.014637394264604283
be32170f09a9e155,a073016f345b86a5,28,215500.0,0,30.58333333333333,0,27,0.5,0.0,0.0,False,12,0,1.0,,False,6034000.0,0.022530633284768734,0.009181931105089247,0.12458788701034175
be35ef8bdcbd8665,bc009370dbef61a0,35,146457.14285714287,0,27.666666666666668,0,34,0.9428571428571428,0.0,0.0,False,31,29,1.0,1.0,True,5126000.0,0.019047584955235848,0.006307431815659736,0.8383586358478341
be452569c08bdf37,e61ad4f2cde11f66,28,170357.14285714287,2,21.383333333333333,0,27,1.0,0.0,0.0714285714285714,False,25,28,1.0,1.0,True,4770000.0,0.0010918085719501848,0.011752155874467096,0.6525865124054512
be613e5c5da53fe3,b33736fac370b254,42,115476.19047619047,0,11.216666666666669,0,41,0.5476190476190477,0.0,0.0,False,38,42,1.0,1.0,True,4850000.0,0.007477993792799791,0.005634448171310091,0.14799196715267063
beaf4f0804a27cca,5b55e5f0cb107b29,24,138541.66666666666,0,25.466666666666665,0,23,1.0,0.0,0.0,False,9,19,1.0,1.0,True,3325000.0,0.018392499812065737,0.028104226552068567,0.32494370921379045
bec48e51fc32329a,7360a7cf0d59c143,24,384916.6666666667,1,26.5,0,23,0.75,0.0,0.0416666666666666,False,24,21,1.0,1.0,True,9238000.0,0.004438828292518784,0.00609622950174149,0.11023328906437375
bf1442b249ed925e,ce90293333ff55be,31,128725.80645161292,1,26.166666666666668,0,30,0.967741935483871,0.0,0.032258064516129,False,0,0,,,False,3990500.0,0.004259843280723672,0.014014526423557272,0.06956073498405244
bf253b3e06a28f44,0f00804f131477ec,32,322156.25,1,40.25,0,31,0.9375,0.0,0.03125,False,14,24,1.0,1.0,True,10309000.0,0.005963780593013141,0.0023017472516851933,0.12841100686228535
bf2d4c37cc5bbd15,a7e6d370c83acb59,25,91080.0,0,10.833333333333334,0,24,0.2,0.0,0.0,False,14,24,1.0,1.0,True,2277000.0,0.01644872258397082,0.018904396945799706,0.055481773956248905
bf53b08980549685,bb84ad3c1f578796,27,135296.2962962963,0,7.716666666666667,0,26,0.0,0.0,0.0,False,24,26,1.0,1.0,True,3653000.0,0.03691744853285986,0.02431690370248396,0.24381338306730194
bf7321869f30918f,1c29dcd49d52ab1e,24,178833.33333333334,0,34.2,0,23,1.0,0.0,0.0,False,17,23,1.0,1.0,True,4292000.0,0.02574520409660895,0.014383235547855255,0.8289046475248163
bf9db9dce49fa7ae,0f7c4f452502f87e,42,179166.66666666666,1,9.65,0,41,0.9523809523809524,0.0,0.0238095238095238,False,41,0,1.0,,False,7525000.0,0.00038660762547744254,0.00035439032335427,0.07842049306791049
c0901c5dc8a0046c,d271600806f7325c,24,181000.0,0,24.633333333333333,0,23,0.9583333333333334,0.0,0.0,False,19,0,1.0,,False,4344000.0,0.0026310796733881505,0.006325330316839239,0.6456383142475649
c167d3b3a3c8f675,ecc7dfd94c14c8f4,49,23142.85714285714,0,2.6166666666666667,14,48,0.0,0.2916666666666667,0.0,False,16,49,1.0,1.0,True,1134000.0,0.03964875981285327,0.0008841859582678913,0.02671888256077436
c1b6de6af5548dbe,9cab86f89126d916,25,158480.0,0,36.71666666666667,0,24,0.72,0.0,0.0,False,21,0,1.0,,False,3962000.0,0.0070806470666146416,0.004965044227196458,0.05460832709868876
c200a937b0d05b58,da5395e23fb77e8b,37,185216.2162162162,0,17.833333333333332,0,36,1.0,0.0,0.0,False,13,35,1.0,1.0,True,6853000.0,0.01504905979173304,0.0023697615561673047,0.028007574645699168
c22b7afc7dff8213,157c8fdf29acd4d7,26,119576.92307692308,0,26.8,0,25,1.0,0.0,0.0,False,24,24,1.0,1.0,True,3109000.0,0.01506337859267665,0.006432721323916368,0.06356115738868028
c232b30255e5c5cb,d4efe4b9f01de1ef,24,233000.0,0,41.0,0,23,0.9583333333333334,0.0,0.0,False,17,18,1.0,1.0,True,5592000.0,0.006081910700797915,0.008877656585037585,0.3234187569132961
c24268aad033332e,7e8bdf3a8fd3d046,24,155000.0,3,61.65,0,23,0.7083333333333334,0.0,0.125,False,20,22,1.0,1.0,True,3720000.0,0.0044638861941701,0.016130129262975523,0.26407806610274454
c32a443c0ff7531a,86db076eb345568d,30,36766.66666666666,2,1.1166666666666667,18,29,1.0,0.6206896551724138,0.0666666666666666,True,30,26,1.0,1.0,True,1103000.0,0.008308484247529111,0.0122425748067857,0.08977530221619241
c37a94b61c04d59b,625d5f1ea2d69122,35,86228.57142857143,7,2.8666666666666667,1,34,0.5428571428571428,0.0294117647058823,0.2,False,35,0,1.0,,False,3018000.0,0.0003221730212312021,0.003074962502640055,0.07990248896557402
c3a7827c60bef9aa,1fd25e8eee9a67af,24,268833.3333333333,0,19.53333333333333,0,23,0.75,0.0,0.0,False,9,24,1.0,1.0,True,6452000.0,0.0210414779866334,0.019999785217985844,0.4066288888968438
c3d7ac3f89793351,d09b93bb2845979b,41,125536.58536585368,1,17.65,0,40,0.6585365853658537,0.0,0.024390243902439,False,6,36,1.0,1.0,True,5147000.0,0.019878075409965168,0.005580752667771582,0.06372582359953177
c3e7de8823aca093,757e618bb3e7fe11,33,153181.81818181818,0,13.683333333333334,0,32,0.9393939393939394,0.0,0.0,False,23,31,1.0,1.0,True,5055000.0,0.0025451668677264967,0.004449567393226439,0.21525811428550973
c3f35594c37cdb8f,9b5c3691982a9936,25,306640.0,0,22.53333333333333,0,24,0.76,0.0,0.0,False,0,25,,1.0,False,7666000.0,0.031651709485847654,0.009826277147551687,0.07266433508857968
c3f61647e15322e3,1eadebaeb2ece3a2,33,170151.51515151514,1,28.916666666666668,0,32,0.9090909090909092,0.0,0.0303030303030303,False,16,33,1.0,1.0,True,5615000.0,0.0007087806467086446,0.002527268366546931,0.04834743138609573
c3f92798b65d4e10,5ea23387ec691901,25,201000.0,1,37.78333333333333,0,24,0.96,0.0,0.04,False,5,19,1.0,1.0,True,5025000.0,0.014275844540778156,0.010026740360762232,0.26251731679989115
c46ea4a81e36afd2,b2e7f543f18d6396,37,23405.405405405407,1,20.566666666666663,0,36,0.8648648648648649,0.0,0.027027027027027,False,37,37,1.0,1.0,True,866000.0,0.01901536765311273,0.005856389585936039,0.19963988215626824
c4d11286db254289,de1c791137b1fe57,36,172722.22222222222,1,29.916666666666668,0,35,0.6944444444444444,0.0,0.0277777777777777,False,35,31,1.0,1.0,True,6218000.0,0.012926297551843009,0.003801641650528209,0.44916646680007016
c4f445f7d2592f79,848f6f9450efa728,25,224880.0,0,75.45,0,24,1.0,0.0,0.0,False,23,0,1.0,,False,5622000.0,0.0017433140148843936,0.004238365079308304,0.853232290328008
c510f0505df361e9,424d8945b4127cf8,36,248972.22222222225,1,21.6,0,35,0.8333333333333334,0.0,0.0277777777777777,False,27,32,1.0,1.0,True,8963000.0,0.005999577595372164,0.0056237090706023896,0.8242581966186151
c5143d69ed0c39aa,d5f3e83716640ade,31,202677.4193548387,1,31.633333333333333,0,30,0.0,0.0,0.032258064516129,False,27,31,1.0,1.0,True,6283000.0,0.015002523688666312,0.00416319137435428,0.014680350667435109
c53d465ec220c259,390a9dc16ac6863d,26,293769.23076923075,0,58.0,0,25,0.8846153846153846,0.0,0.0,False,21,26,1.0,1.0,True,7638000.0,0.015800796841272512,0.005115391637104283,0.45648695378249027
c57fba9059d3f8ff,3661770eeab93f8a,38,124684.2105263158,0,4.1,3,37,1.0,0.081081081081081,0.0,False,37,38,1.0,1.0,True,4738000.0,0.0018614441226691677,0.0005262159346776096,0.030778262628287506
c57fba9059d3f8ff,d2f76316544aa013,31,38516.12903225807,0,2.4833333333333334,4,30,1.0,0.1333333333333333,0.0,False,29,31,1.0,1.0,True,1194000.0,0.006114128002921036,0.006529373230285684,0.1032994097074311
c58bd24e790c5d1b,4346b343ed755173,29,306793.1034482759,0,28.95,0,28,0.4482758620689655,0.0,0.0,False,8,29,1.0,1.0,True,8897000.0,0.027986096444283754,0.00703053126331199,0.07582521039688137
c5e1c8f0929911b1,8d7bdf0a0069435a,24,102541.66666666669,0,35.28333333333333,0,23,0.5416666666666666,0.0,0.0,False,15,0,1.0,,False,2461000.0,0.021399448010223625,0.008526845961919105,0.13935415048343852
c63ff85531737faf,aabccae467f4ca59,25,182040.0,0,22.4,0,24,1.0,0.0,0.0,False,17,23,1.0,1.0,True,4551000.0,0.008265527844698285,0.013184035968828,0.6801860012242574
c6800b2142adcb99,bc7a8b99c204b773,25,239560.0,1,34.53333333333333,0,24,0.84,0.0,0.04,False,17,25,1.0,1.0,True,5989000.0,0.0036942506434511175,0.006948198157886276,0.41077418177001856
c6963e8e70b25ecd,92f5b10955f7b62e,43,152069.76744186046,25,26.33333333333333,0,42,0.9302325581395348,0.0,0.5813953488372093,True,26,43,1.0,1.0,True,6539000.0,5.3695503538533684e-05,0.0002613181172208545,0.01107917223011745
c6ea5eb41b2e2f06,283add2357e13810,38,35026.31578947369,1,11.65,0,37,0.3157894736842105,0.0,0.0263157894736842,False,4,36,1.0,1.0,True,1331000.0,0.012092227396877785,0.00872730917512965,0.09015117074096216
c6ec51cc2f002740,3f522fe90122f7e5,24,152583.33333333334,1,50.75,0,23,0.5833333333333334,0.0,0.0416666666666666,False,15,21,1.0,1.0,True,3662000.0,0.02428110670012493,0.021335013405977432,0.33840338210078286
c741ae6c3e0a3d6d,6776db9fdc2b706c,33,153636.36363636365,2,23.03333333333333,0,32,0.9696969696969696,0.0,0.0606060606060606,False,24,33,1.0,1.0,True,5070000.0,0.009249945409571402,0.0057132015765000155,0.8496919667947006
c78d16a1ee808917,cf5c32276b67e164,24,233625.0,1,40.0,0,23,0.1666666666666666,0.0,0.0416666666666666,False,18,21,1.0,1.0,True,5607000.0,0.007617602101999978,0.01312676076505348,0.3917122780138391
c81cd3f625e08352,dc1b6ce7e2e2b30a,26,124615.3846153846,0,27.08333333333333,0,25,0.6153846153846154,0.0,0.0,False,11,26,1.0,1.0,True,3240000.0,0.008813221980791328,0.01822425390097837,0.2333857162801187
c8583b8b8303fe91,3976d409628bdd1c,31,103967.74193548386,1,52.13333333333333,0,30,0.8709677419354839,0.0,0.032258064516129,False,29,31,1.0,1.0,True,3223000.0,0.007628341202707685,0.011988416090036647,0.7070874484970628
c86a402f9792ce45,a4e33a373f259fb0,25,23560.0,7,0.6,11,24,0.0,0.4583333333333333,0.28,True,24,25,1.0,1.0,True,589000.0,0.009174771704617455,0.04339670595984291,0.046224669146205696
c8829c1ad55e7f1c,41d3cd0ae4e12f2e,72,86430.55555555556,0,6.35,0,71,0.0138888888888888,0.0,0.0,False,22,72,1.0,1.0,True,6223000.0,0.020991362183330767,0.000744577649067657,0.012063589794990568
c8ac0f901ef56f58,e2bbf4ab42016f07,31,38967.74193548387,17,1.5666666666666669,19,30,1.0,0.6333333333333333,0.5483870967741935,True,28,31,1.0,1.0,True,1208000.0,0.0021764577434285654,0.009300061212874078,0.05672392993810698
c8e4dcc418f00db4,27ff5a219c5b4019,34,150000.0,15,35.583333333333336,0,33,0.8235294117647058,0.0,0.4411764705882353,True,29,34,1.0,1.0,True,5100000.0,0.0005297956349135323,0.0023375442540441993,0.014981045487250898
c8fdb3ee1207165c,d37aee312b32d0e7,30,150200.0,0,41.38333333333333,0,29,0.9,0.0,0.0,False,0,0,,,False,4506000.0,0.017966515483993372,0.0025236886663110303,0.03148704327499615
c907c79469596b17,56a6ededb9407209,24,91875.0,0,46.21666666666667,0,23,1.0,0.0,0.0,False,0,18,,1.0,False,2205000.0,0.026804795366436016,0.02555190028387022,0.2284528893550454
c94e4b673c64d8ce,e4a1601dadb6083d,24,39125.0,2,4.816666666666666,1,23,0.125,0.0434782608695652,0.0833333333333333,False,20,21,1.0,1.0,True,939000.0,0.017927138781398445,0.02688354877162591,0.5390491600233397
c9561893b800bd2b,c46050ed0ad41a6f,26,227076.92307692303,1,18.933333333333334,0,25,1.0,0.0,0.0384615384615384,False,10,22,1.0,1.0,True,5904000.0,0.007062748565435131,0.006887343253875966,0.26251015739941935
c9590262aa1c8bbf,29515115e8414f8c,24,317791.6666666667,4,45.016666666666666,0,23,0.4166666666666667,0.0,0.1666666666666666,False,21,22,1.0,1.0,True,7627000.0,0.0013889236915300713,0.003955568760671935,0.18120800564160758
c9ce03ce680b2fd7,811569850e7fcfe3,26,111307.69230769233,26,0.45,19,25,1.0,0.76,1.0,True,17,26,1.0,1.0,True,2894000.0,9.665190636936063e-05,0.00032217302123116465,0.0314047101695704
c9efa494f68df835,f731ee2171a0fa22,29,100206.89655172414,0,15.1,0,28,0.6896551724137931,0.0,0.0,False,24,29,1.0,1.0,True,2906000.0,0.013194775069535676,0.018016631287296025,0.3281045845220921
ca4280f928892751,af6d6d547de3cdf1,37,204054.05405405405,0,28.53333333333333,0,36,0.8378378378378378,0.0,0.0,False,27,36,1.0,1.0,True,7550000.0,0.0018507050219614609,0.003830279252415414,0.635454067076423
ca8451dc67f6df8e,d37a41458b9d77a0,26,41076.92307692308,0,2.3,7,25,0.0,0.28,0.0,False,24,25,1.0,1.0,True,1068000.0,0.01653105568939657,0.01024868177538818,0.15324338739873922
cac7808df0741ecb,f464455f43fa088a,26,118615.3846153846,1,5.883333333333334,0,25,0.7692307692307693,0.0,0.0384615384615384,False,25,26,1.0,1.0,True,3084000.0,0.004539059899124048,0.019466409882836433,0.4804995829649225
cb9155c721d35569,71c8f4c3070ce40c,26,255884.61538461535,0,33.916666666666664,0,25,0.9230769230769232,0.0,0.0,False,8,0,1.0,,False,6653000.0,0.0016430824082791307,0.0029496729943834232,0.11952619087677598
cba512c431731740,963580770cd4cb5a,25,133760.0,0,34.016666666666666,0,24,1.0,0.0,0.0,False,7,25,1.0,1.0,True,3344000.0,0.005441144358571413,0.01101473762587124,0.2013473991687936
cba512c431731740,e95907c20e7e30d6,24,97750.0,0,14.383333333333333,0,23,1.0,0.0,0.0,False,14,23,1.0,1.0,True,2346000.0,0.008176035338800729,0.022194141462593908,0.18297637755814328
cba869da2d35053f,29470a1721cd81cf,84,15535.714285714286,0,1.75,51,83,0.1309523809523809,0.6144578313253012,0.0,True,84,84,1.0,1.0,True,1305000.0,0.02188628724230633,0.00010023160660521668,0.00855906326404227
cba9f83e8f52d6dc,285f905f8f9f4caa,25,30000.0,0,2.5166666666666666,8,24,0.0,0.3333333333333333,0.0,False,19,25,1.0,1.0,True,750000.0,0.03916907998124237,0.016241099970288442,0.16987109499450517
cc4d413a69e16472,99785ccf8da72916,27,193592.59259259255,0,23.3,0,26,0.9629629629629628,0.0,0.0,False,24,24,1.0,1.0,True,5227000.0,0.010717622506291323,0.008462411357672894,0.7431421892730703
cc5caf8330d775dd,97f42ca28c43097e,31,211967.74193548388,6,26.566666666666663,0,30,1.0,0.0,0.1935483870967742,False,21,0,1.0,,False,6571000.0,0.00023089066521569485,0.0033792370226917168,0.0640658951219425
cc93a3e44a6f1230,c7074ce36bc909a0,30,251933.3333333333,2,9.133333333333333,0,29,0.8666666666666667,0.0,0.0666666666666666,False,24,0,1.0,,False,7558000.0,0.0024019788582904066,0.003590439336609963,0.2819729875820199
ccf75c31af4079eb,d147869648f3e847,28,239785.7142857143,0,26.1,0,27,1.0,0.0,0.0,False,24,26,1.0,1.0,True,6714000.0,0.012221096605370267,0.005645187272017793,0.7294784734726314
cd1fddf0d2ed0499,3833963d514e2806,24,175833.33333333334,0,20.3,0,23,1.0,0.0,0.0,False,22,24,1.0,1.0,True,4220000.0,0.007614022401764077,0.013090963762694474,0.6148063561157389
cd3023f265ccdede,8fdf179dc427e70b,30,125066.66666666669,0,20.366666666666667,0,29,1.0,0.0,0.0,False,20,30,1.0,1.0,True,3752000.0,0.003987786062795102,0.0094289304213665,0.18689256961622033
cd68f266461f708d,c2ba05545db896d5,71,50690.140845070426,0,2.25,15,70,0.028169014084507,0.2142857142857142,0.0,False,70,71,1.0,1.0,True,3599000.0,0.021338593106213284,0.00032575272146706524,0.011626866366210494
cd8b70c447ad4e60,6da2b1e158103919,29,238241.37931034484,0,26.616666666666667,0,28,0.0,0.0,0.0,False,24,27,1.0,1.0,True,6909000.0,0.022595067889014973,0.023414819243036566,0.03288312636699803
cdc8799609bbf7f0,9887a48fa3869c88,30,191500.0,0,12.35,0,29,0.8,0.0,0.0,False,29,29,1.0,1.0,True,5745000.0,0.005272898447484008,0.004664349407380586,0.529222882875788
cde01058a752b1e5,452465cf364443a6,26,493653.8461538461,1,20.23333333333333,0,25,0.8846153846153846,0.0,0.0384615384615384,False,20,26,1.0,1.0,True,12835000.0,0.00018614441226691677,6.801430448211132e-05,0.0038123807512358914
ce1268dca72a8396,05d30bc2e4f8fad9,26,216346.15384615384,0,47.6,0,25,0.9615384615384616,0.0,0.0,False,15,0,1.0,,False,5625000.0,0.0043708139880366415,0.005820592583577033,0.2981747108497134
ce59d018edb30dec,8407fd2ec6b8430b,24,87333.33333333333,21,46.31666666666667,0,23,0.9166666666666666,0.0,0.875,True,22,0,1.0,,False,2096000.0,0.0006336069417546974,0.0020153712328129236,0.12411536657920266
ceb7989983d5a85e,9db5ddf47eea3c6a,30,99333.33333333331,0,16.3,0,29,0.5333333333333333,0.0,0.0,False,29,30,1.0,1.0,True,2980000.0,0.055549788260731044,0.0031608753083016694,0.041921869462651196
ced71eed9e10ccfa,5381df4c62831fc4,25,224160.0,1,17.05,0,24,0.92,0.0,0.04,False,18,0,1.0,,False,5604000.0,0.0033004836175018703,0.005555694766120278,0.8246376448436208
cf0db097250642da,6c221af6c7985219,29,260241.37931034484,0,34.333333333333336,0,28,1.0,0.0,0.0,False,27,26,1.0,1.0,True,7547000.0,0.008154557137385315,0.004703726109975603,0.4321306733774114
cf3431835962aed2,a577f350e0da5900,26,95653.84615384616,3,9.883333333333333,0,25,0.9615384615384616,0.0,0.1153846153846153,False,14,24,1.0,1.0,True,2487000.0,0.003382816722927622,0.02207601135480919,0.12846828206605979
cf3e2e37545547d5,007096d0c4ffc89b,26,183269.2307692308,1,73.76666666666667,0,25,1.0,0.0,0.0384615384615384,False,5,25,1.0,1.0,True,4765000.0,0.00811518043479039,0.00614634530504421,0.08618128317934656
cf90521e2ab56c13,ccbf69a167d3bc20,25,244480.0,0,40.1,0,24,0.96,0.0,0.0,False,23,25,1.0,1.0,True,6112000.0,0.008666454271119336,0.00539460825550464,0.8117972600974395
d010590778bca2fe,b0ee3841e4599fc9,33,267393.9393939394,1,12.35,0,32,0.8181818181818182,0.0,0.0303030303030303,False,33,28,0.9696969696969696,1.0,False,8824000.0,0.010499260791901286,0.002394819457818609,0.7592830576367535
d09f0fc3a9e2b713,45f8d9cfc8c4d426,26,135500.0,0,18.85,0,25,0.6538461538461539,0.0,0.0,False,16,24,1.0,1.0,True,3523000.0,0.04465318074264461,0.013316484877556323,0.11201240008161717
d0cbd5169a6537fb,96d32eba1a11ea52,30,189866.66666666663,8,30.73333333333333,0,29,0.9666666666666668,0.0,0.2666666666666666,False,14,30,1.0,1.0,True,5696000.0,0.0007159400471804491,0.004317118484498117,0.03440449896725648
d0ffcfc1dd0cd0d5,e7ecf049b876ba58,58,150431.0344827586,2,7.783333333333333,0,57,0.6896551724137931,0.0,0.0344827586206896,False,53,58,1.0,1.0,True,8725000.0,0.0018542847221973632,0.0018363862210178938,0.011114969232476473
d12f804924315002,612419bc5cf38756,35,209942.85714285716,0,3.8,1,34,0.7428571428571429,0.0294117647058823,0.0,False,17,33,1.0,1.0,True,7348000.0,0.007248892977702048,0.0003866076254774864,0.010560115695911624
d16001e216748caf,475c8dafea88d299,32,199156.25,0,22.016666666666666,0,31,0.84375,0.0,0.0,False,29,31,1.0,1.0,True,6373000.0,0.005638027871546037,0.006132026504100496,0.8673721062598218
d170733394c60c0e,3fc889bea23cc1a5,24,252041.66666666663,0,31.216666666666665,0,23,0.9583333333333334,0.0,0.0,False,14,24,1.0,1.0,True,6049000.0,0.004660769707144723,0.003615497238261267,0.3992654455115929
d18858f86da8e318,46668895fe142229,25,167240.0,2,8.416666666666666,0,24,0.84,0.0,0.08,False,20,1,1.0,1.0,True,4181000.0,0.0043922921894520555,0.014311641543137132,0.875530243097443
d1b5368c6d605e6c,41c2d70ca10b46b8,32,165187.5,1,13.083333333333334,0,31,0.96875,0.0,0.03125,False,27,0,1.0,,False,5286000.0,0.005140449538755624,0.004417350091103334,0.7197452685312132
d1c896d0c39c5132,b3d0110705b75467,34,107411.76470588236,0,7.766666666666667,0,33,1.0,0.0,0.0,False,29,30,1.0,1.0,True,3652000.0,0.013896396315772518,0.0018005892186587769,0.05061338163542185
d1c9bed6320f2ecc,546799c1602c58c2,27,166407.40740740742,1,93.11666666666666,0,26,0.8148148148148148,0.0,0.037037037037037,False,16,27,1.0,1.0,True,4493000.0,0.010173508070434182,0.008820381381263176,0.3019154975962313
d1e7832b74a7fa63,39fabc7357bcb650,26,244161.53846153847,2,67.08333333333333,0,25,0.8461538461538461,0.0,0.0769230769230769,False,25,24,1.0,1.0,True,6348200.0,0.010535057794260309,0.006511474729106181,0.564264568485035
d216dadeed5008e9,0c758bc5a8abd8bf,28,237821.42857142855,0,19.8,0,27,0.9285714285714286,0.0,0.0,False,16,28,1.0,1.0,True,6659000.0,0.015396290714615558,0.006751314644911632,0.5499887239442569
d23dcf44bfe2ef3e,70ffa8c2ecbff276,30,171333.33333333334,0,17.516666666666666,0,29,0.9666666666666668,0.0,0.0,False,14,30,1.0,1.0,True,5140000.0,0.010943143621153164,0.0076891961067180326,0.21299574373641952
d26cb90fab59d2fb,7a0b51a791536acf,26,323730.76923076925,6,44.36666666666667,0,25,0.8461538461538461,0.0,0.2307692307692307,False,18,26,1.0,1.0,True,8417000.0,0.003364918221748111,0.0063861852208496606,0.14086836368322517
d27e537c78b190bc,bdd871f1d9e28629,37,142540.54054054053,0,40.833333333333336,0,36,0.8108108108108109,0.0,0.0,False,36,33,1.0,1.0,True,5274000.0,0.0027169924790498043,0.0033362806198609096,0.17971169094300044
d28c67006b7e7fd6,442c0154ab449130,25,200560.0,0,41.85,0,24,0.92,0.0,0.0,False,11,25,1.0,1.0,True,5014000.0,0.03260033004836175,0.012883341149012129,0.21054722877506238
d2a0b9232e5e615d,7e9ba7301aa6c3db,24,139208.33333333334,0,2.333333333333333,2,23,0.625,0.0869565217391304,0.0,False,24,0,1.0,,False,3341000.0,0.011114969232476473,0.0072023568746353295,0.5287432030441771
d2a356488a6d7005,67b19ffa85ba28c1,32,34062.5,7,1.9,13,31,0.0,0.4193548387096774,0.21875,True,32,32,1.0,1.0,True,1090000.0,0.0062358378109417115,0.007195197474163528,0.054937659520391764
d2a48cec1a91c816,b64731b06dcec30c,28,13035.714285714286,0,58.65,0,27,0.6071428571428571,0.0,0.0,False,7,28,1.0,1.0,True,365000.0,0.04448851453179311,0.005240681145360915,0.09200187576292361
d3ac170709f50de7,a9640b909f60adb4,91,53175.82417582418,22,1.0,22,90,0.4945054945054945,0.2444444444444444,0.2417582417582417,False,75,23,1.0,1.0,True,4839000.0,0.0008985047592114636,0.00012170980802073128,0.009110337100371214
d3b3f59356fa082d,65ef381dfbdfba76,28,220285.7142857143,0,25.78333333333333,0,27,0.1071428571428571,0.0,0.0,False,14,0,1.0,,False,6168000.0,0.019996205517749943,0.0065723296331164915,0.06816823159228647
d429b6761fabccc8,8f8892e8ce3dc549,55,34600.0,11,1.3,5,54,1.0,0.0925925925925925,0.2,False,43,0,1.0,,False,1903000.0,0.001109707073129696,0.0022731096497978776,0.03401789134177904
d453440c5feb96ec,72b86be33a9770fd,31,301838.70967741933,0,15.433333333333334,0,30,0.967741935483871,0.0,0.0,False,28,31,1.0,1.0,True,9357000.0,0.013674454901146578,0.004281321482139111,0.5318432234484685
d477f2f0ab3be6d4,6828424861e00d64,25,258880.0,0,57.3,0,24,0.52,0.0,0.0,False,3,25,1.0,1.0,True,6472000.0,0.022179822661650313,0.00773573220978474,0.11203745798326849
d4b9bbbb333d2aa0,379ada8b1a698b1b,36,30888.88888888889,1,2.316666666666667,4,35,0.0,0.1142857142857142,0.0277777777777777,False,4,35,1.0,1.0,True,1112000.0,0.03582921966114558,0.009275003311222774,0.08207178730853078
d51352cdfa881268,033c004fba82759d,26,154076.92307692306,0,28.05,0,25,0.3461538461538461,0.0,0.0,False,2,0,1.0,,False,4006000.0,0.01911559925971799,0.012861862947596725,0.19529412606988292
d51e5d8fd1661a60,b4a8bbb03d9983e0,26,219653.84615384616,0,14.516666666666667,0,25,0.9615384615384616,0.0,0.0,False,16,25,1.0,1.0,True,5711000.0,0.005666665473433255,0.00996230575651591,0.9046654233174514
d55b2e50d7334ea6,693488a4037decdc,26,319538.4615384616,0,20.966666666666665,0,25,0.8846153846153846,0.0,0.0,False,8,24,1.0,1.0,True,8308000.0,0.014318800943608982,0.00620720020905452,0.29980347445704897
d55bb19e62fdcba1,d0e5b1dd23621925,31,126903.2258064516,0,64.83333333333333,0,30,0.0,0.0,0.0,False,29,0,1.0,,False,3934000.0,0.009722465840710499,0.006214359609526321,0.19062977666250228
d56dc5041a15a1a6,35510a2ded08e417,35,47371.42857142857,0,7.666666666666667,0,34,0.3142857142857143,0.0,0.0,False,19,1,1.0,1.0,True,1658000.0,0.009586437231746214,0.009815538046843986,0.06465296596063046
d5b7dcc0ba5860dc,3d8210d1ef1503df,27,134407.40740740742,1,38.2,0,26,0.1481481481481481,0.0,0.037037037037037,False,20,0,1.0,,False,3629000.0,0.006332489717311073,0.009385974018535692,0.29400436007488734
d63a72f37a36f49b,3bfe5a6f87f66977,58,111172.41379310343,0,13.85,0,57,0.5689655172413793,0.0,0.0,False,56,58,1.0,1.0,True,6448000.0,0.0064971559281625756,0.0018900817245564028,0.014279424241014058
d65f18595daea3c4,4a944c23447e01b0,26,184000.0,0,16.2,0,25,0.8461538461538461,0.0,0.0,False,8,26,1.0,1.0,True,4784000.0,0.024485149613571358,0.014197091135588313,0.4046994304696925
d6847928ebf6cabc,08e261dc4ce0c4b4,37,123351.35135135136,1,15.016666666666667,0,36,1.0,0.0,0.027027027027027,False,2,0,1.0,,False,4564000.0,0.0028172240856550674,0.008226151142103344,0.04342176386149424
d6863fbfe87786b9,ba01ba17b5287b6c,29,174275.8620689655,0,13.083333333333334,0,28,0.8620689655172413,0.0,0.0,False,27,29,1.0,1.0,True,5054000.0,0.006268055113064832,0.004352915486857123,0.17360830204078712
d69c518bb874969b,cf4ed370c7c89d68,45,34266.666666666664,25,0.7166666666666667,16,44,0.0444444444444444,0.3636363636363636,0.5555555555555556,True,45,39,1.0,1.0,True,1542000.0,0.0013030108858684173,0.004488944095821457,0.01827079000404506
d69e6a8e592a3bd2,8f8f952a61ef3882,29,154310.3448275862,7,28.633333333333333,0,28,0.9310344827586208,0.0,0.2413793103448276,False,6,29,1.0,1.0,True,4475000.0,0.002147820141541347,0.0070341109635478904,0.04339670595984292
d69f6d6739baff20,26998ffcb290636b,36,47694.444444444445,17,0.5,23,35,0.0277777777777777,0.6571428571428571,0.4722222222222222,True,11,17,1.0,1.0,True,1717000.0,0.007857442017805428,0.005573593267299781,0.016556113591047885
d69f6d6739baff20,63e68af526192dd7,51,41666.66666666666,19,0.5,37,50,0.0,0.74,0.3725490196078431,True,12,16,1.0,0.9375,False,2125000.0,0.006686880040665395,0.009160452903673844,0.028551689081556312
d6cb70e5b6bc69d2,e05741370b52d681,34,197764.70588235292,0,31.2,0,33,0.9411764705882352,0.0,0.0,False,34,2,1.0,1.0,True,6724000.0,0.0026794056265728307,0.004023583065154157,0.5758305799472352
d6d311b542894bbd,f5f8069ad4a3d08e,36,97694.44444444444,0,17.9,0,35,0.3055555555555556,0.0,0.0,False,36,36,1.0,1.0,True,3517000.0,0.03062433551814371,0.004739523112334609,0.2553078005247841
d6e8040884dbf96b,e347b201934112c2,25,408160.0,1,29.95,0,24,0.72,0.0,0.04,False,22,2,1.0,1.0,True,10204000.0,0.0016108651061560106,0.0022373126474388716,0.07940491063278361
d6f7c63c9ece887d,e18e24d03a0dead3,54,150888.88888888888,0,28.366666666666667,0,53,1.0,0.0,0.0,False,8,0,1.0,,False,8148000.0,0.0025165292658392785,0.0016287636073355483,0.00583491138452066
d73584683097cb0f,e2d1ec8c0b19fa79,35,38200.0,1,1.4833333333333334,23,34,0.0571428571428571,0.6764705882352942,0.0285714285714285,True,12,35,1.0,1.0,True,1337000.0,0.020418610145586408,0.011376287349697312,0.06156010495681092
d75a3daa79605185,b6cb99f649541fd0,38,143368.42105263157,1,15.483333333333333,0,37,0.7368421052631579,0.0,0.0263157894736842,False,29,37,1.0,1.0,True,5448000.0,0.005587912068243405,0.006482837127218977,0.7810762726729263
d7723610e4c92c74,ff68c7dfa15cdda5,24,375875.0,0,10.85,0,23,0.625,0.0,0.0,False,15,23,1.0,1.0,True,9021000.0,0.020730044066109905,0.00386607625477442,0.09411389890210593
d78c8a113a8959ea,5c340713092f6b96,29,176379.3103448276,1,44.43333333333333,0,28,0.9655172413793104,0.0,0.0344827586206896,False,22,29,1.0,1.0,True,5115000.0,0.008376498552011254,0.01183448897989281,0.5318002670456377
d7b634b0618ebd34,aec7c15a653cf9f6,32,84375.0,1,1.0666666666666669,1,31,0.75,0.032258064516129,0.03125,False,2,32,1.0,1.0,False,2700000.0,0.026117492921142783,0.01147651895630264,0.19804333585105582
d7bca607429724f6,b24ee093919f5d59,24,201875.0,0,30.23333333333333,0,23,1.0,0.0,0.0,False,17,24,1.0,1.0,True,4845000.0,0.027008838279882444,0.015514420822400288,0.7671727169566821
d7eb618f41496024,f2329ac43800e2dc,25,241960.0,0,21.683333333333334,0,24,0.84,0.0,0.0,False,17,0,1.0,,False,6049000.0,0.002552326268198301,0.00445314709346234,0.27377189434156785
d80e331159e3548a,12f59140cd4aa183,24,192958.3333333333,0,28.633333333333333,0,23,0.9583333333333334,0.0,0.0,False,11,24,1.0,1.0,True,4631000.0,0.006894502654347725,0.009658031236464248,0.2045333323787466
d811b5c5f19d5f7d,974cd75261d4c156,25,135200.0,0,11.933333333333334,0,24,0.76,0.0,0.0,False,0,25,,1.0,False,3380000.0,0.029947772173558186,0.019759945302180393,0.6370864103839945
d8ad18ba0b3bab28,71ac2c51b3d719cc,94,42414.89361702128,15,0.0,46,93,0.0,0.4946236559139785,0.1595744680851064,True,34,93,1.0,1.0,True,3987000.0,0.002838702287070481,0.00013244890872843307,0.009407452219951101
d8ce0b99e008401e,ae3c7ed271ab1203,36,202861.11111111112,4,21.03333333333333,0,35,0.9722222222222222,0.0,0.1111111111111111,False,29,36,1.0,1.0,True,7303000.0,0.002638239073859955,0.002190776544372164,0.16505639817721665
d93ce7a2b2f8b4d3,4aafcb8556ea4018,31,341064.51612903224,1,21.5,0,30,0.8709677419354839,0.0,0.032258064516129,False,27,29,1.0,1.0,True,10573000.0,0.002287428450741535,0.003848177753594917,0.3967417568452818
d93fee2921df28de,90dbdc9d39881e2d,24,269833.3333333333,0,51.96666666666667,0,23,0.9583333333333334,0.0,0.0,False,0,0,,,False,6476000.0,0.013985888821670074,0.007277530579589242,0.15860219865188488
d9920060ab3c4718,63d60e8c5a07a6a8,49,209734.693877551,1,26.5,0,48,0.9387755102040816,0.0,0.0204081632653061,False,35,0,1.0,,False,10277000.0,0.0007123603469445469,0.0002577384169849539,0.022677400994440725
da0d52967bee8abb,89d6a1a7859da760,25,244320.0,0,10.716666666666669,0,24,0.88,0.0,0.0,False,19,25,1.0,1.0,True,6108000.0,0.011104230131768766,0.0073169072821841485,0.765672822557839
da20945cbac8c6b3,52e7f2e31ae8f8ac,24,206916.66666666663,0,59.1,0,23,0.9583333333333334,0.0,0.0,False,10,0,1.0,,False,4966000.0,0.003891134156425741,0.007080647066614598,0.10892311877803353
da2afb3ae684c9ad,8244ccb1e79c8d8f,37,222540.54054054053,0,19.48333333333333,0,36,0.918918918918919,0.0,0.0,False,28,37,1.0,1.0,True,8234000.0,0.003629816039204877,0.0019044005255000052,0.13573507354494135
da3f946dfd6e3496,88b45c34316cc00f,27,117259.25925925926,1,18.7,0,26,0.9629629629629628,0.0,0.037037037037037,False,26,27,1.0,1.0,True,3166000.0,0.0301267571853533,0.013957251219782862,0.3153393734808647
da7486a2ad0adab0,ff1b088f2fab6553,31,198516.1290322581,0,14.966666666666669,0,30,0.8709677419354839,0.0,0.0,False,16,31,1.0,1.0,True,6154000.0,0.004889870522242467,0.0062358378109417245,0.09642638525449879
da93432dc99aeb84,6685b6c1f7849e1c,36,217361.11111111112,0,20.2,0,35,0.75,0.0,0.0,False,27,32,1.0,1.0,True,7825000.0,0.01732932884200277,0.0052872172484276225,0.4219213683046182
da959f4a483eb564,1c9594269d6e492d,26,222884.61538461535,4,13.366666666666667,0,25,0.6923076923076923,0.0,0.1538461538461538,False,17,25,1.0,1.0,True,5795000.0,0.0006801430448214267,0.0077070946078975355,0.2486960941890726
db4aab1b8da48f65,8b34247e332e6d36,24,183416.66666666663,0,38.61666666666667,0,23,1.0,0.0,0.0,False,21,24,1.0,1.0,True,4402000.0,0.002154979542013152,0.008798903179847772,0.6151142103360264
db5915bba55785d6,3bbc5fb99246ed21,32,115437.5,1,33.21666666666667,0,31,0.0625,0.0,0.03125,False,32,32,1.0,0.96875,False,3694000.0,0.005759737679566713,0.0031179189054708623,0.1959384721123453
dc084ac91d4ee799,fd3ddff52a2fe154,28,251035.7142857143,3,62.41666666666666,0,27,0.9642857142857144,0.0,0.1071428571428571,False,24,0,1.0,,False,7029000.0,0.000422404627836465,0.0020010524318693212,0.25259438774597015
dc0bfd38df07b8fd,79401a446666e11e,24,38041.66666666666,5,1.7166666666666666,4,23,0.0,0.1739130434782608,0.2083333333333333,False,24,4,1.0,1.0,True,913000.0,0.004116655271287582,0.00504021793215037,0.0851216919095195
dc0bfd38df07b8fd,8dc49c7161a72f54,30,43700.0,4,1.75,5,29,0.0,0.1724137931034483,0.1333333333333333,False,29,4,1.0,1.0,True,1311000.0,0.0059136647897105096,0.0024771525632443225,0.07227772746310224
dccf040c097d49eb,3860aaeae32bb541,26,53884.61538461538,0,9.8,0,25,0.4230769230769231,0.0,0.0,False,14,19,1.0,0.9473684210526316,False,1401000.0,0.018689614931645625,0.009940827555100507,0.06240491421248385
dce542e7c96fd202,f951bcd41d7b02e9,43,67627.90697674418,3,12.066666666666666,0,42,0.0465116279069767,0.0,0.0697674418604651,False,9,42,1.0,1.0,True,2908000.0,0.01788418237856762,0.012965674254437953,0.08797113329729768
dd5decc2ef84e8af,64444b54b0726475,24,186250.0,1,6.933333333333334,0,23,0.9583333333333334,0.0,0.0416666666666666,False,9,21,1.0,1.0,True,4470000.0,0.004947145726016904,0.02172878043192661,0.19459250482364607
dd7b4c6f874e409f,64bd9602c77acb9d,33,157909.0909090909,2,10.433333333333334,0,32,0.9090909090909092,0.0,0.0606060606060606,False,25,33,1.0,1.0,True,5211000.0,0.001166982276904132,0.006837227450573247,0.5981177936159626
dd82576cf338efe5,6f049f2ce975848f,32,90343.75,9,5.35,0,31,0.625,0.0,0.28125,False,26,24,1.0,1.0,True,2891000.0,0.0019903133311616485,0.007302588481240546,0.050348483817965084
dde0bc926659dd64,f0602aa597b5d5d4,24,165250.0,4,19.866666666666667,0,23,1.0,0.0,0.1666666666666666,False,15,23,1.0,1.0,True,3966000.0,0.004335016985677619,0.010728361606999082,0.1796472563387542
de050c437c6cc87f,e3b6cca7e8bfa587,29,169000.0,0,15.916666666666666,0,28,0.9310344827586208,0.0,0.0,False,22,26,1.0,1.0,True,4901000.0,0.024413555608853315,0.00890629418692479,0.5053176447004328
de1659b282c16d1d,402c2c4c7876c53b,28,173000.0,0,21.3,0,27,0.3214285714285714,0.0,0.0,False,28,2,1.0,1.0,True,4844000.0,0.03725752005527057,0.0027885864837678964,0.024574642119468915
deda1e2e126670ad,096bcbb9adece83c,30,212966.66666666663,2,19.1,0,29,0.9666666666666668,0.0,0.0666666666666666,False,21,30,1.0,1.0,True,6389000.0,0.00027921661840037517,0.00363339573944077,0.12804229773798742
def6f67206cb7756,25bdbfc71916c38c,57,80508.77192982456,3,6.116666666666666,0,56,0.0,0.0,0.0526315789473684,False,45,56,1.0,1.0,True,4589000.0,0.005885027187823292,0.0021871968441362633,0.048970299227142716
df0bcb0cae065e0a,1091d8fe768524aa,35,261371.42857142855,0,18.65,0,34,0.9428571428571428,0.0,0.0,False,27,29,1.0,1.0,True,9148000.0,0.003089281303583638,0.0032790054160865,0.36550887228703466
df82d562f7f126fc,5a590e8527373b4b,26,216153.84615384616,0,19.3,0,25,0.9615384615384616,0.0,0.0,False,26,26,1.0,1.0,True,5620000.0,0.012421559818580792,0.011469359555830838,0.2496554538522944
dfb6017f141cf05c,c6cebe3f1d7fb8a9,25,199160.0,1,8.95,0,24,0.84,0.0,0.04,False,10,22,1.0,1.0,True,4979000.0,0.010739100707706737,0.015081277093856205,0.1965720790541
dfcd17916e7a88cc,b3d77e21c13135b4,24,211708.3333333333,0,24.78333333333333,0,23,0.875,0.0,0.0,False,23,24,1.0,1.0,True,5081000.0,0.014182772334644697,0.0026203405726804574,0.14193511435352404
dff67a4fdd760ba5,affff2efdb94e79c,43,296697.67441860464,3,29.45,0,42,0.6511627906976745,0.0,0.0697674418604651,False,38,42,1.0,1.0,True,12758000.0,0.0003042745200516909,0.0019724148299821165,0.01820635539979882
dff77d4f9fd40123,8f91983fa578c605,24,222375.0,0,38.35,0,23,0.875,0.0,0.0,False,1,0,1.0,,False,5337000.0,0.010817854112896586,0.012292690610088308,0.41514141605781935
e021adeb79a69fc3,369cf56474061839,40,135500.0,0,5.4,0,39,0.95,0.0,0.0,False,39,0,1.0,,False,5420000.0,0.001134764974781012,0.0022659502493260764,0.17451754590070628
e0b74e9fda5b1515,965fd6007ee10078,43,118255.81395348837,42,0.35,38,42,0.9767441860465116,0.9047619047619048,0.9767441860465116,True,43,33,1.0,1.0,True,5085000.0,6.443460424624042e-05,8.23331054257137e-05,0.00454263959935995
e0b74e9fda5b1515,a19523ae8b17153c,54,117925.92592592593,54,0.3333333333333333,48,53,1.0,0.9056603773584906,1.0,True,54,39,1.0,1.0,True,6368000.0,2.6847751769266842e-05,2.505790165130417e-05,0.001252895082565786
e0f34561d4560c31,1ec98ffc2d1d83cb,24,130979.16666666669,2,15.516666666666667,0,23,0.625,0.0,0.0833333333333333,False,21,24,1.0,1.0,True,3143500.0,0.0022337329472030014,0.019172874463492473,0.39224565334898853
e10442dda51e0ccb,cd7734921df619df,37,115729.72972972972,2,9.433333333333334,0,36,0.918918918918919,0.0,0.054054054054054,False,36,36,1.0,1.0,True,4282000.0,0.009858494449674784,0.004113075571051672,0.08613832677651573
e106ffa720b004ec,bb15da5fa02b645e,24,158333.33333333334,0,31.55,0,23,0.9166666666666666,0.0,0.0,False,0,24,,1.0,False,3800000.0,0.022627285191138095,0.013660136100203002,0.46848968867347046
e132891c8a2cba1c,f73a6dbd46e23eb9,39,67615.38461538461,0,11.566666666666666,0,38,0.5128205128205128,0.0,0.0,False,39,36,1.0,1.0,True,2637000.0,0.010853651115255608,0.006375446120141848,0.24898604990818068
e15717a62f290fbb,1a3f2da8d72ab761,32,154531.25,3,18.516666666666666,0,31,1.0,0.0,0.09375,False,20,0,1.0,,False,4945000.0,0.0027635285821165337,0.006701198841609024,0.33097192441104983
e1971c9d6276d445,70493717aae4412c,70,29400.0,25,0.5166666666666667,50,69,0.2428571428571428,0.7246376811594203,0.3571428571428571,True,8,3,1.0,1.0,True,2058000.0,0.001499894398843041,0.0023912397575827082,0.010373971283644708
e1971c9d6276d445,a76e4ad0c9fca68c,41,29487.80487804878,25,0.5833333333333334,29,40,0.2439024390243902,0.725,0.6097560975609756,True,1,1,1.0,1.0,False,1209000.0,0.011895343883903162,0.004256263580487807,0.007936195422995278
e1e4f4f5446ef092,51819859bacf5d5f,40,169050.0,1,13.816666666666666,0,39,0.95,0.0,0.025,False,38,38,1.0,1.0,True,6762000.0,0.004907769023421979,0.0025129495656033285,0.33008773845278194
e2239f66d16bad25,6992ca49dff46d60,29,283344.8275862069,1,16.416666666666668,0,28,0.6896551724137931,0.0,0.0344827586206896,False,18,24,1.0,1.0,True,8217000.0,0.0137102519035056,0.0058635489864078405,0.2901740808224719
e31ae6451b11a54f,1a3b0d432a081f7f,39,275794.8717948718,0,27.33333333333333,0,38,0.9487179487179488,0.0,0.0,False,36,39,1.0,1.0,True,10756000.0,0.0024771525632443538,0.0018542847221973968,0.054393545084534624
e335fc27ed1f1fdb,7965ae3696b4adff,31,172193.5483870968,0,38.266666666666666,0,30,0.935483870967742,0.0,0.0,False,29,30,1.0,1.0,True,5338000.0,0.012439458319760304,0.0034186137252866233,0.2411894627943856
e34ac002b6259125,5e9e1ed8b60c3afb,30,48166.66666666666,0,3.2,12,29,0.1333333333333333,0.4137931034482758,0.0,True,29,29,1.0,1.0,True,1445000.0,0.022473358080994297,0.008308484247529058,0.1988165511020107
e3664478b5588228,0ea15bda0b859ab9,30,268400.0,0,29.466666666666665,0,29,0.8,0.0,0.0,False,18,30,1.0,1.0,True,8052000.0,0.0036691927417998016,0.004929247224837341,0.1335550361012769
e3b3a761afc18171,26de927c2fb38b37,40,170750.0,0,22.48333333333333,0,39,0.975,0.0,0.0,False,33,39,1.0,1.0,True,6830000.0,0.0038159604514717937,0.002498630764659726,0.1552372804301368
e42a8484d35a3c49,c4b6723f43b1f7b1,28,212500.0,1,41.91666666666666,0,27,0.6428571428571429,0.0,0.0357142857142857,False,6,28,1.0,1.0,True,5950000.0,0.010109073466187942,0.00831206394776507,0.09831646697905518
e471f12c32896e30,39970bb791628d4d,26,259346.15384615384,1,23.83333333333333,0,25,0.9615384615384616,0.0,0.0384615384615384,False,2,0,1.0,,False,6743000.0,0.0021836171439003696,0.005716781276735916,0.1718256113233078
e4a3ce9a045da894,d017d3290a22b986,24,126250.0,0,53.18333333333333,0,23,0.7916666666666666,0.0,0.0,False,22,23,1.0,1.0,True,3030000.0,0.001532111700966161,0.0036298160392048695,0.016778055005673826
e504bb113eedbb01,b362416ee69d1f84,144,28791.666666666668,3,3.5,5,143,0.8263888888888888,0.0349650349650349,0.0208333333333333,False,90,142,1.0,1.0,True,4146000.0,0.003207411411368412,4.295640283080715e-05,0.0011634025766682299
e51a4acc29bf80d9,2edafc0e8e58f4dd,24,179500.0,0,26.48333333333333,0,23,1.0,0.0,0.0,False,24,24,1.0,1.0,True,4308000.0,0.014000207622613682,0.012554008727309163,0.5979065913020444
e5639b40333338ac,484c4a31efe34f93,26,171269.23076923078,7,19.98333333333333,0,25,1.0,0.0,0.2692307692307692,False,20,24,1.0,1.0,True,4453000.0,0.0007624761502471783,0.007173719272748125,0.0455874825042151
e59c468575889b53,e044011d5c0c86f9,25,206480.0,0,27.966666666666665,0,24,0.96,0.0,0.0,False,7,23,1.0,1.0,True,5162000.0,0.03272919925685423,0.007635500603179524,0.16072138119153903
e5ea6ec16b25e5b1,1978e4c0cbb0bbb1,27,104370.37037037036,2,27.33333333333333,0,26,0.8148148148148148,0.0,0.074074074074074,False,22,0,1.0,,False,2818000.0,0.014340279145024396,0.004252683880251906,0.044900180058921865
e5f70dae39a0787b,745e963613b4bac3,25,301720.0,1,40.46666666666667,0,24,0.88,0.0,0.04,False,23,24,1.0,1.0,True,7543000.0,0.003962728161143786,0.005523477463997173,0.46542546527153816
e60dd1a9f3a83343,b227f76a003a00d8,25,195040.0,0,28.95,0,24,1.0,0.0,0.0,False,5,2,1.0,1.0,True,4876000.0,0.016087172860144692,0.008884815985509387,0.41761498892082777
e6226a83e74cde2c,31e9d70f116f13a0,84,14416.666666666666,1,5.883333333333334,0,83,1.0,0.0,0.0119047619047619,False,65,79,1.0,1.0,True,1211000.0,0.006182142307403178,7.159400471801192e-06,0.0008483889559088322
e6226a83e74cde2c,d2765fd5bf813eea,39,14333.333333333334,0,4.933333333333334,1,38,0.9743589743589745,0.0263157894736842,0.0,False,36,38,1.0,1.0,True,559000.0,0.018199195999327015,0.004420929791339234,0.07101767298006464
e6517f40cdebd977,49dff6863591c44f,28,69785.71428571429,0,78.66666666666667,0,27,0.9642857142857144,0.0,0.0,False,8,12,1.0,1.0,True,1954000.0,0.05389954645198011,0.004485364395585556,0.10287700507959463
e6e03fc878db8557,a0ba81e3c7aa7ea4,26,127692.30769230767,6,69.7,0,25,0.8846153846153846,0.0,0.2307692307692307,False,19,25,1.0,1.0,True,3320000.0,0.003135817406650367,0.0113082730452152,0.06077257090491242
e718cada73734793,8b73ec1524d50426,24,97833.33333333331,1,2.6333333333333333,1,23,0.0416666666666666,0.0434782608695652,0.0416666666666666,False,21,24,1.0,1.0,True,2348000.0,0.008548324163334562,0.00650073562839848,0.08984331652067457
e724aeecf7b334a0,ed5ac6542e8eca65,29,173517.24137931035,0,23.08333333333333,0,28,1.0,0.0,0.0,False,26,29,1.0,1.0,True,5032000.0,0.005920824190182314,0.0047287840116269075,0.6468160356251768
e7b7b7e4d87f5ff1,e2ce54a3283a1c24,24,68500.0,0,19.433333333333334,0,23,0.0,0.0,0.0,False,17,24,1.0,0.9583333333333334,False,1644000.0,0.015041900391261236,0.013717411303977411,0.13913578876904847
e7d0b7f056509cdf,82f3af7f9355acd2,25,30760.0,0,2.6333333333333333,13,24,0.0,0.5416666666666666,0.0,True,0,19,,1.0,False,769000.0,0.07713180098298568,0.02636091253718409,0.19526906816823159
e8de643db08fed88,99f790a0438daba2,35,94600.0,1,12.383333333333333,0,34,0.5714285714285714,0.0,0.0285714285714285,False,21,35,1.0,1.0,True,3311000.0,0.003776583748876869,0.008594860266401327,0.03145124627263713
e8f54b3c7b58608b,e75e1c9234c57a63,26,234807.6923076923,1,14.216666666666669,0,25,1.0,0.0,0.0384615384615384,False,11,0,1.0,,False,6105000.0,0.0018578644224332655,0.007374182485958669,0.4165124412481699
e90f04f6f17e6332,6ab6f5139c8a5e71,30,270633.3333333333,4,10.416666666666666,0,29,0.6666666666666666,0.0,0.1333333333333333,False,21,23,1.0,1.0,True,8119000.0,0.003032006099809202,0.007460095291620283,0.3268158924371673
e928fabcc2439248,977e075b92a8878c,24,187750.0,0,45.55,0,23,0.5416666666666666,0.0,0.0,False,24,0,1.0,,False,4506000.0,0.0014891552981353342,0.0031966723106606754,0.07068834055836164
e9806714e78a9afe,5402f2110b9631ec,24,138041.66666666666,0,19.28333333333333,0,23,0.0,0.0,0.0,False,11,20,1.0,1.0,True,3313000.0,0.05557842586261826,0.0527898393788504,0.06954641618310882
e9891eba8f1c5b20,1e3ad0f8ddf700e8,59,40813.5593220339,59,0.5333333333333333,52,58,0.0,0.896551724137931,1.0,True,54,0,1.0,,False,2408000.0,0.0036119175380253657,0.003032006099809248,0.003909032657605252
e9891eba8f1c5b20,a3b605e8ec38399f,59,39203.38983050847,57,0.65,51,58,0.0,0.8793103448275862,0.9661016949152542,True,54,0,1.0,,False,2313000.0,0.003282585116322359,0.0024592540620648196,0.005344492452202053
e99da80f2733aa5d,7c521eaabac70a1f,24,149166.66666666666,0,36.516666666666666,0,23,0.375,0.0,0.0,False,1,24,1.0,1.0,False,3580000.0,0.10610947439261437,0.010570854796619344,0.14320590793726934
e9afd6ca503da4ee,ca34b178aa8cb69e,35,110542.85714285714,0,13.933333333333334,0,34,0.6285714285714286,0.0,0.0,False,32,35,1.0,1.0,True,3869000.0,0.006515054429342087,0.008763106177488655,0.5305008358600051
ea40a28abaa9b11d,47883e2ef0e6174d,46,44434.782608695656,1,2.083333333333333,12,45,0.8043478260869565,0.2666666666666666,0.0217391304347826,False,46,46,1.0,1.0,True,2044000.0,0.009783320744720837,0.002802905284711499,0.03126868156060612
ea438011c7df2552,9e03abf7515e9018,27,450518.51851851854,0,76.5,0,26,0.8888888888888888,0.0,0.0,False,24,27,1.0,1.0,True,12164000.0,0.007281110279825168,0.002473572863008422,0.04852641639789084
ea5a8f4503075b64,3b82277da7a66287,29,34655.1724137931,11,9.6,0,28,1.0,0.0,0.3793103448275862,True,5,29,1.0,1.0,True,1005000.0,0.0013388078882274398,0.006615286035947299,0.01245019742046801
ea91375b213dc184,dd4f001699e76259,27,183888.88888888888,0,41.53333333333333,0,26,1.0,0.0,0.0,False,24,26,1.0,1.0,True,4965000.0,0.0035188453318919072,0.00925710481004316,0.7362011505156558
eac3c481113fb21b,ef43cfb5cd9cd9e6,27,149074.07407407407,1,35.45,0,26,0.9629629629629628,0.0,0.037037037037037,False,19,25,1.0,1.0,True,4025000.0,0.011544533260784742,0.013101702863402176,0.3113694859192491
eadbd30009d5f142,d70ff88a96f492bc,37,138540.54054054053,1,26.23333333333333,0,36,0.945945945945946,0.0,0.027027027027027,False,31,33,1.0,1.0,True,5126000.0,0.0016251839070996195,0.0007338385483599552,0.08391533293002044
eaf5527abaf7dfde,093803273e9e7d56,29,122689.6551724138,0,25.933333333333334,0,28,1.0,0.0,0.0,False,4,29,1.0,1.0,True,3558000.0,0.011340490347338314,0.007757210411200144,0.2567611588205604
eb3eae7075f537a7,e4a60f00698418ea,24,273708.3333333333,0,37.03333333333333,0,23,0.7916666666666666,0.0,0.0,False,23,20,1.0,1.0,True,6569000.0,0.00816171653785712,0.008512527160975503,0.2519214041016205
eb6a969f143a5e43,063b491f8e855795,27,260814.8148148148,0,34.1,0,26,0.8888888888888888,0.0,0.0,False,19,27,1.0,1.0,True,7042000.0,0.009496944725848657,0.0048791314215347326,0.32803299051737406
eb8c41f66161961b,b7dd56ceaf413ae5,29,272896.5517241379,1,13.116666666666667,0,28,1.0,0.0,0.0344827586206896,False,17,29,1.0,1.0,True,7914000.0,0.0027527894814088267,0.002480732263480223,0.17577402068350798
ebef2dbd10606afc,1032021ebd4b9d16,24,130583.33333333331,0,13.983333333333333,0,23,0.3333333333333333,0.0,0.0,False,13,20,1.0,1.0,True,3134000.0,0.050856801251463205,0.03134385526556005,0.16073212029224673
ebfba62baa202784,36fdf93dfce35811,24,163208.33333333334,1,14.733333333333333,0,23,0.8333333333333334,0.0,0.0416666666666666,False,14,24,1.0,1.0,True,3917000.0,0.008809642280555426,0.02338618164114936,0.48328816944869035
ec15e5d7b81eee74,a2d8f99cee002275,24,97541.66666666669,0,19.933333333333334,0,23,0.75,0.0,0.0,False,24,0,1.0,,False,2341000.0,0.0200821183234116,0.00738134188643047,0.42795674290234936
ec29e93c0df1b8a7,cb80e450de98c6b1,35,121514.28571428572,22,0.6833333333333333,18,34,1.0,0.5294117647058824,0.6285714285714286,True,33,33,1.0,1.0,True,4253000.0,3.5797002359022454e-06,0.0004689407309032001,0.01391787451718793
ec840d23a50dd287,96f4bc213ec5fbb1,26,47153.84615384616,1,12.25,0,25,0.2307692307692307,0.0,0.0384615384615384,False,19,23,1.0,1.0,True,1226000.0,0.014086120428275336,0.028694877090992388,0.33037769417189006
ec9b6f8cac7a1be5,5099635bcd84870a,25,131280.0,1,47.71666666666667,0,24,1.0,0.0,0.04,False,19,10,1.0,1.0,True,3282000.0,0.020665609461863663,0.010420507386711408,0.08510021370810408
ecaa82bb654bdc30,cdb48c0ae3e7b5a7,29,121482.75862068964,0,12.416666666666666,0,28,0.7931034482758621,0.0,0.0,False,9,28,1.0,1.0,True,3523000.0,0.037848170594194444,0.014551481458942583,0.28014376076147385
ecd584c66ba234ff,0a101c9a5dd57729,26,328807.6923076923,0,20.416666666666668,0,25,0.8846153846153846,0.0,0.0,False,20,25,1.0,1.0,True,8549000.0,0.005065275833801677,0.005630868471074191,0.6860101735080705
ed5b914c9f7f9205,89cc5fafb2729c2c,40,102275.0,0,7.35,0,39,0.975,0.0,0.0,False,40,40,1.0,1.0,True,4091000.0,0.010348913381993391,0.00017182561132333962,0.014769843173332665
edcb20891baeb09b,f717fa09dc811166,24,29958.33333333333,0,3.05,7,23,1.0,0.3043478260869565,0.0,False,6,24,1.0,1.0,True,719000.0,0.05046661392574986,0.033953456737532806,0.484548223931728
edf7f1a828aeb981,87dfff6954c65654,41,251853.65853658537,0,30.866666666666667,0,40,1.0,0.0,0.0,False,31,40,1.0,1.0,True,10326000.0,0.0017003576120535667,0.002276689350033778,0.12966390194485114
ee6700b7f3536133,a9b247b7dfc9ae2d,38,180526.31578947368,4,18.366666666666667,0,37,0.9736842105263158,0.0,0.1052631578947368,False,1,36,1.0,1.0,False,6860000.0,0.003275425715850555,0.002563065368906048,0.041324059523255526
ee7d2f2cc6da651a,75ef7cb28c1d698d,40,324050.0,0,16.233333333333334,0,39,0.75,0.0,0.0,False,26,40,1.0,1.0,True,12962000.0,0.0017683719165357092,0.003704989744158782,0.05024109281088802
ee9a55ea5e7b6316,6e7a2cfe8823aaa2,47,117446.8085106383,3,18.766666666666666,0,46,0.6808510638297872,0.0,0.0638297872340425,False,6,40,1.0,1.0,True,5520000.0,0.008519686561447344,0.001764792216299771,0.034862700597451966
eeb5cf719e86cb38,d018bcedbb45a5b7,29,296689.6551724138,2,41.4,0,28,0.9310344827586208,0.0,0.0689655172413793,False,27,0,1.0,,False,8604000.0,0.004156031973882507,0.00316445500853757,0.1173354143324038
eefc34afcf01300b,6eca9d749fc305c6,25,152000.0,0,51.88333333333333,0,24,0.72,0.0,0.0,False,15,24,1.0,1.0,True,3800000.0,0.015045480091497138,0.018943773648394724,0.4653431321661124
ef3d2d8f3923b445,70d7b77d65fed413,30,294066.6666666667,0,90.46666666666668,0,29,0.8666666666666667,0.0,0.0,False,11,27,1.0,1.0,True,8822000.0,0.014061062526624021,0.009060221297068627,0.18696058392070247
ef70b555c7500f2a,d1304aa066912948,30,175600.0,0,35.88333333333333,0,29,0.9666666666666668,0.0,0.0,False,26,30,1.0,1.0,True,5268000.0,0.006368286719670095,0.005655926372725495,0.30915723117346156
efe319583f48c318,b852080ad58efb87,26,778230.7692307692,0,37.15,0,25,0.9230769230769232,0.0,0.0,False,26,0,1.0,,False,20234000.0,0.003984206362559199,0.0010953882721861374,0.0057668970800385175
f01ec9643489cdb3,63f61a1533666bc1,28,90196.42857142857,0,16.766666666666666,0,27,0.0714285714285714,0.0,0.0,False,7,1,1.0,1.0,True,2525500.0,0.04739165142310983,0.012403661317401227,0.20872874105522404
f03a3d336b5b32cc,bbcb87913da71da3,24,217000.0,0,29.65,0,23,1.0,0.0,0.0,False,18,23,1.0,1.0,True,5208000.0,0.0010309536679398467,0.004871972021062931,0.12686457636037557
f0aef1b5b9e0455c,96ddf166f570bb91,26,89153.84615384616,0,14.25,0,25,0.6538461538461539,0.0,0.0,False,22,25,1.0,1.0,True,2318000.0,0.03278289476039276,0.022570009987363693,0.3451439576449868
f11600ac7d71005e,a407c091345eeb23,24,74125.0,0,43.11666666666667,0,23,1.0,0.0,0.0,False,3,22,1.0,1.0,True,1779000.0,0.058989880187433105,0.006876604153168264,0.11904293134492917
f1850782995c0040,570eb96372f43af8,26,22961.53846153846,0,6.283333333333333,0,25,0.1923076923076923,0.0,0.0,False,0,0,,,False,597000.0,0.020164451428837347,0.007775108912379647,0.21949289966458208
f2117533b66578a9,7c48a7ccf2bdecc8,32,258593.75,0,45.73333333333333,0,31,1.0,0.0,0.0,False,32,31,1.0,1.0,True,8275000.0,0.01404316402544451,0.003687091242979279,0.8314712925939581
f2b51a9708de4828,851901f831607dc0,25,221320.0,1,28.816666666666663,0,24,0.76,0.0,0.04,False,21,25,1.0,1.0,True,5533000.0,0.004023583065154124,0.0042061477771850875,0.032976198573131485
f42c9fe0bd6f7641,ab8ae1ae3465a170,35,130257.14285714286,0,17.15,0,34,0.8571428571428571,0.0,0.0,False,12,33,1.0,0.9696969696969696,False,4559000.0,0.030377336201866455,0.0051547683396991895,0.1100077679495119
f43556d6fdf1d584,65d66a318b25907c,41,155756.0975609756,1,10.783333333333331,0,40,0.4634146341463415,0.0,0.024390243902439,False,30,41,1.0,1.0,True,6386000.0,0.004037901866097733,0.004882711121770633,0.29943118563251514
f45797090f5ae641,459b36c9e6ce2925,29,187068.9655172414,0,42.43333333333333,0,28,0.9310344827586208,0.0,0.0,False,24,29,1.0,1.0,True,5425000.0,0.0026794056265728307,0.005501999262581769,0.6073212029224673
f458f20923346f42,44bf1e49d7955e6b,27,299851.85185185185,0,27.633333333333333,0,26,0.7777777777777778,0.0,0.0,False,16,27,1.0,1.0,True,8096000.0,0.01096820152280448,0.010799955611717094,0.29784179872777455
f45a3aa895fdad2b,4fbb44abc845011a,25,224440.0,1,36.583333333333336,0,24,0.92,0.0,0.04,False,20,25,1.0,1.0,True,5611000.0,0.008344281249888135,0.009085279198719931,0.9663364989815753
f4608a0acfc807a6,1676d6c32b2588d1,32,343343.75,1,81.0,0,31,0.59375,0.0,0.03125,False,21,32,1.0,1.0,True,10987000.0,0.005161927740171038,0.005054536733093973,0.040550844272300636
f4e0c738a62a19a0,64a640494f240d63,26,394230.7692307693,0,17.266666666666666,0,25,0.9230769230769232,0.0,0.0,False,21,25,1.0,1.0,True,10250000.0,0.00396988756161559,0.005376709754325137,0.2986114342784935
f4e2385629b9092b,4d62ecb941188b9b,27,149759.25925925927,0,20.98333333333333,0,26,0.8518518518518519,0.0,0.0,False,23,27,1.0,1.0,True,4043500.0,0.020815956871771558,0.011766474675410699,0.841512351755664
f570d1f2b4f754fe,61f882ceb4384cd2,40,121000.0,1,17.35,0,39,0.95,0.0,0.025,False,40,0,1.0,,False,4840000.0,0.0011598228764323276,0.002054747935407941,0.09113558830583526
f5d16c59104fbed7,790a7c79085e1cdc,67,16805.97014925373,67,0.4666666666666667,62,66,0.8656716417910447,0.9393939393939394,1.0,True,46,57,1.0,1.0,True,1126000.0,0.00018256471203101452,0.0002720572179285563,0.0021048637387105205
f602757c153b55f4,13d97d9b08b9dffe,29,179551.72413793104,0,27.433333333333334,0,28,0.6551724137931034,0.0,0.0,False,22,26,1.0,1.0,True,5207000.0,0.008100861633846781,0.0094360898218383,0.3596453233006268
f61692aa22ba34fc,a4922225195984ed,31,212516.1290322581,0,4.483333333333333,1,30,0.967741935483871,0.0333333333333333,0.0,False,23,31,1.0,1.0,True,6588000.0,0.006722677043024417,0.0034150340250507227,0.28761459515380183
f6282d84d92f0ed1,a86ab17c2f4cf7e5,39,220179.4871794872,0,7.333333333333333,0,38,0.1538461538461538,0.0,0.0,False,5,0,1.0,,False,8587000.0,0.007277530579589265,0.00527289844748402,0.0172183581346898
f63bfec4856b40ef,a0d4311281e4ec9d,31,140419.35483870967,0,25.83333333333333,0,30,0.032258064516129,0.0,0.0,False,28,31,1.0,1.0,True,4353000.0,0.006672561239721785,0.016255418771232044,0.1870106997240051
f64361874c38097c,a86047ddd6bbc38e,28,159785.7142857143,3,22.75,0,27,0.8214285714285714,0.0,0.1071428571428571,False,16,0,1.0,,False,4474000.0,0.0012743732839811993,0.009858494449674793,0.2837914753018582
f65d3d5c34e3052a,7026d665dca1ef2d,29,238655.1724137931,0,31.566666666666663,0,28,0.7931034482758621,0.0,0.0,False,17,29,1.0,1.0,True,6921000.0,0.00784312321686182,0.0075209501956305935,0.38202560917548767
f663817bd46fbb2d,6df217335544a855,29,160275.8620689655,1,3.066666666666667,1,28,0.7586206896551724,0.0357142857142857,0.0344827586206896,False,29,27,1.0,1.0,True,4648000.0,0.017980834284936978,0.010810694712424795,0.28453247325069
f6c059af13c1d7e4,96478e6eeee55e48,40,217500.0,0,25.5,0,39,0.975,0.0,0.0,False,33,40,1.0,1.0,True,8700000.0,0.002595282671029128,0.0002899557191080593,0.010986100023983992
f6d353fbca15af36,776e9ed5a51fe9d0,28,258250.0,1,15.116666666666667,0,27,0.1428571428571428,0.0,0.0357142857142857,False,6,24,1.0,1.0,True,7231000.0,0.020253943934734904,0.011344070047574206,0.06841165120832782
f6f41bf8c710e472,f29c065633859ea6,30,239800.0,0,24.566666666666663,0,29,0.9333333333333332,0.0,0.0,False,27,30,1.0,1.0,True,7194000.0,0.014279424241014058,0.004413770390867433,0.8183409521286688
f6fb5a64f7b7f7a0,5b7cdf74a394d6af,26,223692.3076923077,1,23.95,0,25,0.5384615384615384,0.0,0.0384615384615384,False,13,0,1.0,,False,5816000.0,0.0011240258740733051,0.008823961081499077,0.7240552276152395
f746a739f4b2de2c,a1ac176b78a7eecc,31,130225.80645161292,0,14.316666666666666,0,30,1.0,0.0,0.0,False,27,25,1.0,1.0,True,4037000.0,0.01860012242574807,0.00890271448668889,0.9394028344066467
f767385f9c652aab,f4af4ba8d85f8d39,25,104720.0,14,24.08333333333333,0,24,0.96,0.0,0.56,True,8,13,1.0,1.0,True,2618000.0,0.0006873024452932311,0.005487680461638167,0.05892186588295096
f7b431bb96c6377d,b5a78a8c2aa08e09,38,358578.94736842107,1,20.316666666666663,0,37,0.9736842105263158,0.0,0.0263157894736842,False,23,2,1.0,1.0,True,13626000.0,0.0023554427552236776,0.000576331737980218,0.017798269572905964
f7f2fc7ea3c0ab55,c1f69fb1a068ff32,48,179125.0,3,14.416666666666666,0,47,0.9791666666666666,0.0,0.0625,False,31,48,1.0,1.0,True,8598000.0,0.0014963146986071386,0.0019294584271513093,0.05459758799798105
f80ed75cef63332a,88b43c23bc92d791,29,145862.06896551725,0,50.13333333333333,0,28,0.5862068965517241,0.0,0.0,False,17,0,1.0,,False,4230000.0,0.0056630857731973525,0.0073706027857227685,0.21356133637369207
f8b03de3cf981070,dbf1f8166b4b0d87,24,168416.66666666666,0,39.9,0,23,0.9583333333333334,0.0,0.0,False,8,23,1.0,1.0,True,4042000.0,0.005144029238991527,0.015303218508482153,0.35857499293009204
f90be4483497c7cc,31efde3e7c7dfeed,33,176212.12121212122,0,14.9,0,32,0.9090909090909092,0.0,0.0,False,30,32,1.0,1.0,True,5815000.0,0.006837227450573289,0.006923140256234972,0.6174517545900706
f925c9439064fb9f,d4d53d3bdb8ec690,26,155884.61538461538,0,16.5,0,25,1.0,0.0,0.0,False,0,0,,,False,4053000.0,0.007639080303415392,0.014805640175691637,0.6716663146628101
f9314adf380074ff,25b4feb02beba379,32,159500.0,0,19.416666666666668,0,31,1.0,0.0,0.0,False,23,32,1.0,1.0,True,5104000.0,0.0031859332099529987,0.005734679777915419,0.24829158806241566
f94cb9afad285300,ef5297b8ab3fe0bd,26,141807.6923076923,0,9.533333333333331,0,25,1.0,0.0,0.0,False,25,26,1.0,1.0,True,3687000.0,0.009117496500843019,0.008934931788811995,0.21350764087015353
f94e52b0bfd5a39f,239a6b4107fca2d6,31,59451.6129032258,6,1.0833333333333333,5,30,1.0,0.1666666666666666,0.1935483870967742,False,27,31,1.0,1.0,True,1843000.0,0.0033291212193890885,0.012722254638396602,0.06584858583942181
f97016f346029cd3,09c92f3a5183fa09,24,483750.0,2,10.616666666666667,0,23,0.8333333333333334,0.0,0.0833333333333333,False,23,21,1.0,1.0,True,11610000.0,0.0015643290030892814,0.0030284263995733474,0.10528256363812094
f99b8339c4458083,04f9c8b070d45b7b,27,317185.1851851852,0,51.36666666666667,0,26,0.7037037037037037,0.0,0.0,False,12,22,1.0,1.0,True,8564000.0,0.014923770283476462,0.009930088454392805,0.22168725590919017
f9d7ca746710c080,b04efbeff84beb52,25,87960.0,1,15.166666666666666,0,24,0.56,0.0,0.04,False,25,24,1.0,1.0,True,2199000.0,0.025097278353910644,0.021173926895361794,0.33193128407427164
fa3ff20f71c5a54e,3aaceab1524e2ed0,26,256923.0769230769,0,62.016666666666666,0,25,0.9230769230769232,0.0,0.0,False,17,26,1.0,1.0,True,6680000.0,0.011959778488149402,0.009833436548023489,0.6792051633596202
fa6d955f513ab857,dd144a704878f053,25,147560.0,0,51.21666666666667,0,24,0.8,0.0,0.0,False,4,0,1.0,,False,3689000.0,0.01936975797646705,0.01622320146910894,0.49472173200216213
fa79ce4d6faa36d3,364421666091bfc5,25,357000.0,0,39.8,0,24,0.76,0.0,0.0,False,3,25,1.0,1.0,True,8925000.0,0.019602438491800697,0.008329962448944572,0.1353234080178126
fa8894678b919cb0,e666395b2c3f9291,32,180531.25,0,23.2,0,31,0.15625,0.0,0.0,False,30,31,1.0,1.0,True,5777000.0,0.019613177592508402,0.011787952876826102,0.12032088432914628
fa8979ad58f92e37,f908fd68e87a8e49,28,33750.0,16,0.8333333333333334,6,27,0.0357142857142857,0.2222222222222222,0.5714285714285714,True,23,25,1.0,1.0,True,945000.0,0.004127394371995289,0.033065691079029014,0.12807451504011055
fa93c7bdb7f3010b,82394df9e22dcf30,30,242933.3333333333,4,39.4,0,29,0.9333333333333332,0.0,0.1333333333333333,False,30,30,1.0,1.0,True,7288000.0,0.0004152452273646605,0.002294587851213392,0.33199213897828195
fa9cac68bc8dbe42,d5470e627d6a03c6,30,218533.3333333333,0,61.15,0,29,0.5,0.0,0.0,False,19,29,1.0,1.0,True,6556000.0,0.006418402522972726,0.006357547618962345,0.11288584693917732
fade2adce4880f73,f48b3a538a40fe21,37,174378.37837837837,1,32.766666666666666,0,36,0.8918918918918919,0.0,0.027027027027027,False,18,37,1.0,1.0,True,6452000.0,0.007624761502471783,0.007363443385250967,0.2636270238730209
fb0fe62b752f3ad7,a65263bf7eda4b01,24,201083.3333333333,13,8.633333333333333,0,23,0.9583333333333334,0.0,0.5416666666666666,True,23,24,1.0,1.0,True,4826000.0,7.159400471804491e-06,0.002631079673388159,0.009428930421366515
fb84763dc1b1f828,d8205b5f96f89ec4,30,162800.0,0,23.8,0,29,0.6,0.0,0.0,False,26,29,1.0,1.0,True,4884000.0,0.013624339097843946,0.006339649117782842,0.6083879535927661
fb93e790f8df6749,c3fec78e57fc03f1,43,130953.48837209302,0,16.683333333333334,0,42,0.4186046511627907,0.0,0.0,False,36,0,1.0,,False,5631000.0,0.016935561816053525,0.0006908821455291481,0.05798040472090867
fbb5fad6a1615aa3,d99f5d7d24e2d881,48,15000.0,43,0.65,40,47,0.9375,0.851063829787234,0.8958333333333334,True,39,31,1.0,1.0,True,720000.0,0.0005763317379802616,0.002616760872444557,0.0053910285552687814
fc8845d2a10c129f,f53cf4c555442da8,24,217250.0,0,24.53333333333333,0,23,0.9583333333333334,0.0,0.0,False,22,24,1.0,1.0,True,5214000.0,0.0191263383604257,0.00920340930650465,0.7518551796472563
fcd7020e4c4a53d0,a5f2000b4df1374d,29,187000.0,0,10.983333333333333,0,28,0.7586206896551724,0.0,0.0,False,24,28,1.0,1.0,True,5423000.0,0.019187193264436037,0.008924192688104293,0.45566004302799684
fcf1c50423fc22a8,5e56a923a095d3ee,31,124645.16129032258,5,42.45,0,30,0.2580645161290322,0.0,0.1612903225806451,False,26,20,1.0,1.0,True,3864000.0,0.005695303075320473,0.007320486982420049,0.08407641944063604
fcf4d80d41cffe7d,5249641d0fff7fb8,44,214204.54545454544,1,14.116666666666667,0,43,0.9090909090909092,0.0,0.0227272727272727,False,38,44,1.0,1.0,True,9425000.0,0.010126971967367452,0.0021657186427208597,0.15391637104308886
fd4f4b8319ed7cc0,6dd6d8e48a498dc5,32,151593.75,0,16.266666666666666,0,31,0.53125,0.0,0.0,False,26,32,1.0,1.0,True,4851000.0,0.011626866366210494,0.01060307209874245,0.5136189695474901
fd5e71ebfd20eeea,8372331b69d2452e,33,142303.0303030303,0,13.283333333333331,0,32,1.0,0.0,0.0,False,24,33,1.0,1.0,True,4696000.0,0.00883112048197084,0.003429352825994325,0.11369843889272713
fdaedbef259c2c7f,970c400bd07d5629,25,135520.0,0,29.35,0,24,0.8,0.0,0.0,False,21,24,1.0,1.0,True,3388000.0,0.015514420822400333,0.010230783274208566,0.5370409481909985
fdfa324fd0ffb17e,818e63072636605d,24,151458.33333333334,2,15.766666666666667,0,23,0.7916666666666666,0.0,0.0833333333333333,False,24,21,1.0,1.0,True,3635000.0,0.006858705651988702,0.006805010148450141,0.14672475326916123
fe600ae0f2d383f8,7dcef46c6d696a87,25,160520.0,0,18.85,0,24,0.88,0.0,0.0,False,0,25,,1.0,False,4013000.0,0.03723962155409106,0.01353484659194637,0.42429112986078543
fe6922c8b0ae7ad6,b15bae5c15555349,27,298370.3703703704,0,41.16666666666666,0,26,0.8888888888888888,0.0,0.0,False,17,0,1.0,,False,8056000.0,0.0014533582957763117,0.00515834803993509,0.278049636123471
fe75ab29ae1c9060,a33b247164efa5da,28,165678.57142857142,2,54.75,0,27,1.0,0.0,0.0714285714285714,False,24,28,1.0,1.0,True,4639000.0,0.01246809592164752,0.00937523491782799,0.6497191725164935
fe9c614486853538,cc4d8d00abbdde42,34,129882.35294117648,0,19.066666666666663,0,33,0.7647058823529411,0.0,0.0,False,5,27,1.0,1.0,True,4416000.0,0.027470619610313832,0.006665401839250018,0.12571907228488685
fec2489899687bf9,c2a23e12adf284d8,25,156720.0,0,31.08333333333333,0,24,0.76,0.0,0.0,False,25,25,1.0,1.0,True,3918000.0,0.03421119515451776,0.01639860678066818,0.5204203999957043
ff4aef257499f1fb,249eb8686a2c3ef8,25,127120.0,0,7.666666666666667,0,24,0.92,0.0,0.0,False,16,25,1.0,1.0,True,3178000.0,0.01302294945821237,0.01774815376960337,0.376043930081295
ff5226be1f0bff03,027c04b30371b392,25,127000.0,0,30.683333333333334,0,24,0.96,0.0,0.0,False,23,25,1.0,1.0,True,3175000.0,0.0023805006568749934,0.007954093924174788,0.11264242732313597
ff6991f732e05132,3c65ed70e9e2ce05,39,208212.8205128205,1,8.883333333333333,0,38,0.282051282051282,0.0,0.0256410256410256,False,38,39,1.0,1.0,True,8120300.0,0.0036835115427434105,0.002491471364187925,0.05862833046360698
ffae8d8e07e3f258,ab68a06a82db946f,24,103333.33333333331,1,24.33333333333333,0,23,0.7916666666666666,0.0,0.0416666666666666,False,20,24,1.0,1.0,True,2480000.0,0.026869229970682255,0.028809427498541318,0.6146667478065386
